term,month,views
yeet,2015-07,4
yeet,2015-08,14
yeet,2015-09,14
yeet,2015-10,2
yeet,2015-11,98
yeet,2015-12,38
yeet,2016-01,46
yeet,2016-02,103
yeet,2016-03,81
yeet,2016-04,50
yeet,2016-05,64
yeet,2016-06,63
yeet,2016-07,50
yeet,2016-08,63
yeet,2016-09,97
yeet,2016-10,91
yeet,2016-11,72
yeet,2016-12,125
yeet,2017-01,141
yeet,2017-02,268
yeet,2017-03,407
yeet,2017-04,662
yeet,2017-05,1251
yeet,2017-06,1195
yeet,2017-07,1307
yeet,2017-08,1314
yeet,2017-09,1320
yeet,2017-10,4150
yeet,2017-11,5500
yeet,2017-12,3357
yeet,2018-01,2522
yeet,2018-02,2612
yeet,2018-03,3433
yeet,2018-04,5299
yeet,2018-05,9207
yeet,2018-06,6071
yeet,2018-07,5798
yeet,2018-08,6976
yeet,2018-09,6935
yeet,2018-10,9747
yeet,2018-11,11029
yeet,2018-12,9129
yeet,2019-01,15697
yeet,2019-02,10374
yeet,2019-03,13927
yeet,2019-04,17239
yeet,2019-05,14474
yeet,2019-06,13129
yeet,2019-07,17062
yeet,2019-08,16192
yeet,2019-09,17205
yeet,2019-10,17240
yeet,2019-11,13916
yeet,2019-12,12099
yeet,2020-01,12694
yeet,2020-02,10609
yeet,2020-03,8515
yeet,2020-04,8585
yeet,2020-05,9261
yeet,2020-06,8700
yeet,2020-07,8545
yeet,2020-08,10239
yeet,2020-09,11950
yeet,2020-10,15846
yeet,2020-11,19297
yeet,2020-12,10686
yeet,2021-01,7399
yeet,2021-02,6465
yeet,2021-03,5864
yeet,2021-04,5605
yeet,2021-05,5388
yeet,2021-06,3692
yeet,2021-07,2797
yeet,2021-08,3037
yeet,2021-09,2176
yeet,2021-10,2229
yeet,2021-11,2465
yeet,2021-12,3267
yeet,2022-01,2736
yeet,2022-02,2346
yeet,2022-03,2450
yeet,2022-04,3146
yeet,2022-05,3696
yeet,2022-06,3890
yeet,2022-07,3300
yeet,2022-08,3187
yeet,2022-09,3811
yeet,2022-10,4534
yeet,2022-11,3471
yeet,2022-12,3279
yeet,2023-01,3266
yeet,2023-02,3094
yeet,2023-03,3401
yeet,2023-04,3566
yeet,2023-05,3171
yeet,2023-06,2570
yeet,2023-07,2589
yeet,2023-08,2656
yeet,2023-09,3339
yeet,2023-10,4081
yeet,2023-11,3984
yeet,2023-12,4096
yeet,2024-01,3760
yeet,2024-02,3358
yeet,2024-03,3001
yeet,2024-04,3467
yeet,2024-05,2679
yeet,2024-06,2198
yeet,2024-07,2388
yeet,2024-08,1834
yeet,2024-09,2154
yeet,2024-10,1961
yeet,2024-11,1643
yeet,2024-12,1695
yeet,2025-01,1804
yeet,2025-02,1837
yeet,2025-03,1493
yeet,2025-04,1595
yeet,2025-05,1658
yeet,2025-06,1363
yeet,2025-07,1271
yeet,2025-08,1740
yeet,2025-09,1432
yeet,2025-10,1382
yeet,2025-11,1395
yeet,2025-12,1339
yeet,2026-01,1462
yeet,2026-02,1459
yeet,2026-03,1627
yeet,2026-04,1277
yeet,2026-05,1353
yeet,2026-06,992
yeet,2026-07,1064
yeet,2026-08,30
boujee,2015-07,0
boujee,2015-08,0
boujee,2015-09,0
boujee,2015-10,0
boujee,2015-11,0
boujee,2015-12,0
boujee,2016-01,0
boujee,2016-02,0
boujee,2016-03,0
boujee,2016-04,0
boujee,2016-05,0
boujee,2016-06,0
boujee,2016-07,0
boujee,2016-08,0
boujee,2016-09,0
boujee,2016-10,0
boujee,2016-11,0
boujee,2016-12,0
boujee,2017-01,0
boujee,2017-02,0
boujee,2017-03,0
boujee,2017-04,0
boujee,2017-05,0
boujee,2017-06,0
boujee,2017-07,0
boujee,2017-08,0
boujee,2017-09,0
boujee,2017-10,0
boujee,2017-11,0
boujee,2017-12,0
boujee,2018-01,0
boujee,2018-02,0
boujee,2018-03,0
boujee,2018-04,0
boujee,2018-05,0
boujee,2018-06,0
boujee,2018-07,0
boujee,2018-08,0
boujee,2018-09,0
boujee,2018-10,0
boujee,2018-11,0
boujee,2018-12,0
boujee,2019-01,0
boujee,2019-02,0
boujee,2019-03,0
boujee,2019-04,0
boujee,2019-05,0
boujee,2019-06,0
boujee,2019-07,0
boujee,2019-08,0
boujee,2019-09,0
boujee,2019-10,0
boujee,2019-11,0
boujee,2019-12,0
boujee,2020-01,0
boujee,2020-02,0
boujee,2020-03,0
boujee,2020-04,0
boujee,2020-05,0
boujee,2020-06,0
boujee,2020-07,0
boujee,2020-08,0
boujee,2020-09,0
boujee,2020-10,40
boujee,2020-11,62
boujee,2020-12,71
boujee,2021-01,34
boujee,2021-02,59
boujee,2021-03,49
boujee,2021-04,44
boujee,2021-05,58
boujee,2021-06,76
boujee,2021-07,73
boujee,2021-08,70
boujee,2021-09,39
boujee,2021-10,46
boujee,2021-11,48
boujee,2021-12,52
boujee,2022-01,66
boujee,2022-02,50
boujee,2022-03,63
boujee,2022-04,98
boujee,2022-05,84
boujee,2022-06,104
boujee,2022-07,164
boujee,2022-08,176
boujee,2022-09,149
boujee,2022-10,144
boujee,2022-11,107
boujee,2022-12,63
boujee,2023-01,133
boujee,2023-02,121
boujee,2023-03,72
boujee,2023-04,57
boujee,2023-05,68
boujee,2023-06,52
boujee,2023-07,73
boujee,2023-08,56
boujee,2023-09,43
boujee,2023-10,51
boujee,2023-11,52
boujee,2023-12,57
boujee,2024-01,52
boujee,2024-02,40
boujee,2024-03,54
boujee,2024-04,41
boujee,2024-05,63
boujee,2024-06,58
boujee,2024-07,48
boujee,2024-08,46
boujee,2024-09,53
boujee,2024-10,76
boujee,2024-11,58
boujee,2024-12,76
boujee,2025-01,59
boujee,2025-02,57
boujee,2025-03,59
boujee,2025-04,67
boujee,2025-05,66
boujee,2025-06,52
boujee,2025-07,79
boujee,2025-08,103
boujee,2025-09,97
boujee,2025-10,78
boujee,2025-11,73
boujee,2025-12,78
boujee,2026-01,77
boujee,2026-02,68
boujee,2026-03,56
boujee,2026-04,46
boujee,2026-05,84
boujee,2026-06,55
boujee,2026-07,63
boujee,2026-08,1
lowkey,2015-07,30
lowkey,2015-08,14
lowkey,2015-09,12
lowkey,2015-10,13
lowkey,2015-11,19
lowkey,2015-12,17
lowkey,2016-01,16
lowkey,2016-02,14
lowkey,2016-03,17
lowkey,2016-04,17
lowkey,2016-05,16
lowkey,2016-06,22
lowkey,2016-07,26
lowkey,2016-08,26
lowkey,2016-09,27
lowkey,2016-10,40
lowkey,2016-11,43
lowkey,2016-12,57
lowkey,2017-01,43
lowkey,2017-02,39
lowkey,2017-03,55
lowkey,2017-04,58
lowkey,2017-05,65
lowkey,2017-06,51
lowkey,2017-07,60
lowkey,2017-08,50
lowkey,2017-09,58
lowkey,2017-10,47
lowkey,2017-11,59
lowkey,2017-12,56
lowkey,2018-01,47
lowkey,2018-02,39
lowkey,2018-03,77
lowkey,2018-04,79
lowkey,2018-05,76
lowkey,2018-06,64
lowkey,2018-07,45
lowkey,2018-08,75
lowkey,2018-09,57
lowkey,2018-10,67
lowkey,2018-11,62
lowkey,2018-12,63
lowkey,2019-01,62
lowkey,2019-02,68
lowkey,2019-03,57
lowkey,2019-04,50
lowkey,2019-05,85
lowkey,2019-06,58
lowkey,2019-07,63
lowkey,2019-08,65
lowkey,2019-09,84
lowkey,2019-10,67
lowkey,2019-11,75
lowkey,2019-12,66
lowkey,2020-01,66
lowkey,2020-02,88
lowkey,2020-03,82
lowkey,2020-04,70
lowkey,2020-05,72
lowkey,2020-06,75
lowkey,2020-07,81
lowkey,2020-08,81
lowkey,2020-09,51
lowkey,2020-10,53
lowkey,2020-11,75
lowkey,2020-12,61
lowkey,2021-01,63
lowkey,2021-02,56
lowkey,2021-03,56
lowkey,2021-04,67
lowkey,2021-05,75
lowkey,2021-06,56
lowkey,2021-07,71
lowkey,2021-08,63
lowkey,2021-09,53
lowkey,2021-10,69
lowkey,2021-11,51
lowkey,2021-12,64
lowkey,2022-01,58
lowkey,2022-02,56
lowkey,2022-03,63
lowkey,2022-04,72
lowkey,2022-05,61
lowkey,2022-06,73
lowkey,2022-07,48
lowkey,2022-08,74
lowkey,2022-09,87
lowkey,2022-10,88
lowkey,2022-11,72
lowkey,2022-12,69
lowkey,2023-01,83
lowkey,2023-02,67
lowkey,2023-03,93
lowkey,2023-04,78
lowkey,2023-05,85
lowkey,2023-06,91
lowkey,2023-07,81
lowkey,2023-08,96
lowkey,2023-09,84
lowkey,2023-10,101
lowkey,2023-11,100
lowkey,2023-12,95
lowkey,2024-01,125
lowkey,2024-02,78
lowkey,2024-03,132
lowkey,2024-04,115
lowkey,2024-05,121
lowkey,2024-06,122
lowkey,2024-07,118
lowkey,2024-08,139
lowkey,2024-09,142
lowkey,2024-10,163
lowkey,2024-11,185
lowkey,2024-12,261
lowkey,2025-01,191
lowkey,2025-02,155
lowkey,2025-03,191
lowkey,2025-04,197
lowkey,2025-05,215
lowkey,2025-06,164
lowkey,2025-07,241
lowkey,2025-08,218
lowkey,2025-09,264
lowkey,2025-10,238
lowkey,2025-11,254
lowkey,2025-12,735
lowkey,2026-01,853
lowkey,2026-02,538
lowkey,2026-03,639
lowkey,2026-04,617
lowkey,2026-05,669
lowkey,2026-06,425
lowkey,2026-07,396
lowkey,2026-08,8
highkey,2015-07,0
highkey,2015-08,0
highkey,2015-09,0
highkey,2015-10,0
highkey,2015-11,0
highkey,2015-12,0
highkey,2016-01,0
highkey,2016-02,0
highkey,2016-03,0
highkey,2016-04,0
highkey,2016-05,0
highkey,2016-06,0
highkey,2016-07,0
highkey,2016-08,0
highkey,2016-09,0
highkey,2016-10,0
highkey,2016-11,0
highkey,2016-12,0
highkey,2017-01,0
highkey,2017-02,0
highkey,2017-03,0
highkey,2017-04,0
highkey,2017-05,0
highkey,2017-06,0
highkey,2017-07,0
highkey,2017-08,0
highkey,2017-09,0
highkey,2017-10,0
highkey,2017-11,0
highkey,2017-12,0
highkey,2018-01,0
highkey,2018-02,0
highkey,2018-03,0
highkey,2018-04,0
highkey,2018-05,0
highkey,2018-06,0
highkey,2018-07,0
highkey,2018-08,0
highkey,2018-09,0
highkey,2018-10,0
highkey,2018-11,0
highkey,2018-12,0
highkey,2019-01,0
highkey,2019-02,0
highkey,2019-03,0
highkey,2019-04,0
highkey,2019-05,0
highkey,2019-06,0
highkey,2019-07,0
highkey,2019-08,0
highkey,2019-09,0
highkey,2019-10,0
highkey,2019-11,0
highkey,2019-12,0
highkey,2020-01,0
highkey,2020-02,0
highkey,2020-03,0
highkey,2020-04,0
highkey,2020-05,0
highkey,2020-06,0
highkey,2020-07,0
highkey,2020-08,0
highkey,2020-09,0
highkey,2020-10,0
highkey,2020-11,0
highkey,2020-12,0
highkey,2021-01,0
highkey,2021-02,0
highkey,2021-03,0
highkey,2021-04,0
highkey,2021-05,0
highkey,2021-06,0
highkey,2021-07,0
highkey,2021-08,0
highkey,2021-09,0
highkey,2021-10,0
highkey,2021-11,0
highkey,2021-12,0
highkey,2022-01,0
highkey,2022-02,0
highkey,2022-03,0
highkey,2022-04,0
highkey,2022-05,0
highkey,2022-06,0
highkey,2022-07,0
highkey,2022-08,0
highkey,2022-09,0
highkey,2022-10,0
highkey,2022-11,0
highkey,2022-12,0
highkey,2023-01,0
highkey,2023-02,0
highkey,2023-03,0
highkey,2023-04,0
highkey,2023-05,0
highkey,2023-06,0
highkey,2023-07,0
highkey,2023-08,0
highkey,2023-09,0
highkey,2023-10,0
highkey,2023-11,0
highkey,2023-12,0
highkey,2024-01,0
highkey,2024-02,0
highkey,2024-03,0
highkey,2024-04,0
highkey,2024-05,0
highkey,2024-06,0
highkey,2024-07,20
highkey,2024-08,21
highkey,2024-09,20
highkey,2024-10,15
highkey,2024-11,23
highkey,2024-12,17
highkey,2025-01,27
highkey,2025-02,18
highkey,2025-03,33
highkey,2025-04,17
highkey,2025-05,24
highkey,2025-06,15
highkey,2025-07,27
highkey,2025-08,36
highkey,2025-09,35
highkey,2025-10,43
highkey,2025-11,35
highkey,2025-12,45
highkey,2026-01,78
highkey,2026-02,43
highkey,2026-03,55
highkey,2026-04,69
highkey,2026-05,62
highkey,2026-06,44
highkey,2026-07,45
highkey,2026-08,1
thicc,2015-07,0
thicc,2015-08,0
thicc,2015-09,0
thicc,2015-10,0
thicc,2015-11,0
thicc,2015-12,0
thicc,2016-01,0
thicc,2016-02,0
thicc,2016-03,0
thicc,2016-04,0
thicc,2016-05,0
thicc,2016-06,0
thicc,2016-07,0
thicc,2016-08,0
thicc,2016-09,0
thicc,2016-10,0
thicc,2016-11,0
thicc,2016-12,76
thicc,2017-01,74
thicc,2017-02,165
thicc,2017-03,227
thicc,2017-04,230
thicc,2017-05,359
thicc,2017-06,486
thicc,2017-07,523
thicc,2017-08,569
thicc,2017-09,575
thicc,2017-10,715
thicc,2017-11,877
thicc,2017-12,705
thicc,2018-01,867
thicc,2018-02,792
thicc,2018-03,1137
thicc,2018-04,1361
thicc,2018-05,2138
thicc,2018-06,2564
thicc,2018-07,2340
thicc,2018-08,1765
thicc,2018-09,1268
thicc,2018-10,1388
thicc,2018-11,1195
thicc,2018-12,1882
thicc,2019-01,1645
thicc,2019-02,1456
thicc,2019-03,1004
thicc,2019-04,820
thicc,2019-05,978
thicc,2019-06,1531
thicc,2019-07,1666
thicc,2019-08,2216
thicc,2019-09,2614
thicc,2019-10,2708
thicc,2019-11,2438
thicc,2019-12,1911
thicc,2020-01,1467
thicc,2020-02,1487
thicc,2020-03,1544
thicc,2020-04,1736
thicc,2020-05,1649
thicc,2020-06,1551
thicc,2020-07,1301
thicc,2020-08,1290
thicc,2020-09,1293
thicc,2020-10,1218
thicc,2020-11,1180
thicc,2020-12,898
thicc,2021-01,992
thicc,2021-02,898
thicc,2021-03,915
thicc,2021-04,818
thicc,2021-05,873
thicc,2021-06,671
thicc,2021-07,621
thicc,2021-08,644
thicc,2021-09,507
thicc,2021-10,656
thicc,2021-11,572
thicc,2021-12,509
thicc,2022-01,597
thicc,2022-02,536
thicc,2022-03,591
thicc,2022-04,541
thicc,2022-05,617
thicc,2022-06,537
thicc,2022-07,496
thicc,2022-08,576
thicc,2022-09,519
thicc,2022-10,680
thicc,2022-11,599
thicc,2022-12,534
thicc,2023-01,4545
thicc,2023-02,2004
thicc,2023-03,883
thicc,2023-04,754
thicc,2023-05,745
thicc,2023-06,864
thicc,2023-07,744
thicc,2023-08,1332
thicc,2023-09,1392
thicc,2023-10,1235
thicc,2023-11,1123
thicc,2023-12,1375
thicc,2024-01,1292
thicc,2024-02,1127
thicc,2024-03,1183
thicc,2024-04,979
thicc,2024-05,1168
thicc,2024-06,938
thicc,2024-07,834
thicc,2024-08,818
thicc,2024-09,1053
thicc,2024-10,924
thicc,2024-11,740
thicc,2024-12,947
thicc,2025-01,834
thicc,2025-02,690
thicc,2025-03,783
thicc,2025-04,606
thicc,2025-05,658
thicc,2025-06,661
thicc,2025-07,565
thicc,2025-08,558
thicc,2025-09,589
thicc,2025-10,569
thicc,2025-11,588
thicc,2025-12,810
thicc,2026-01,1278
thicc,2026-02,486
thicc,2026-03,520
thicc,2026-04,445
thicc,2026-05,546
thicc,2026-06,604
thicc,2026-07,563
thicc,2026-08,14
doggo,2015-07,0
doggo,2015-08,0
doggo,2015-09,0
doggo,2015-10,0
doggo,2015-11,0
doggo,2015-12,0
doggo,2016-01,0
doggo,2016-02,0
doggo,2016-03,0
doggo,2016-04,0
doggo,2016-05,0
doggo,2016-06,0
doggo,2016-07,0
doggo,2016-08,219
doggo,2016-09,72
doggo,2016-10,77
doggo,2016-11,87
doggo,2016-12,108
doggo,2017-01,149
doggo,2017-02,140
doggo,2017-03,161
doggo,2017-04,216
doggo,2017-05,182
doggo,2017-06,189
doggo,2017-07,225
doggo,2017-08,204
doggo,2017-09,171
doggo,2017-10,212
doggo,2017-11,161
doggo,2017-12,138
doggo,2018-01,156
doggo,2018-02,136
doggo,2018-03,164
doggo,2018-04,186
doggo,2018-05,206
doggo,2018-06,126
doggo,2018-07,180
doggo,2018-08,202
doggo,2018-09,127
doggo,2018-10,190
doggo,2018-11,258
doggo,2018-12,209
doggo,2019-01,206
doggo,2019-02,202
doggo,2019-03,161
doggo,2019-04,166
doggo,2019-05,187
doggo,2019-06,208
doggo,2019-07,177
doggo,2019-08,161
doggo,2019-09,178
doggo,2019-10,181
doggo,2019-11,134
doggo,2019-12,134
doggo,2020-01,182
doggo,2020-02,127
doggo,2020-03,127
doggo,2020-04,140
doggo,2020-05,155
doggo,2020-06,138
doggo,2020-07,80
doggo,2020-08,95
doggo,2020-09,108
doggo,2020-10,89
doggo,2020-11,120
doggo,2020-12,136
doggo,2021-01,94
doggo,2021-02,99
doggo,2021-03,101
doggo,2021-04,130
doggo,2021-05,123
doggo,2021-06,119
doggo,2021-07,98
doggo,2021-08,82
doggo,2021-09,79
doggo,2021-10,78
doggo,2021-11,87
doggo,2021-12,117
doggo,2022-01,118
doggo,2022-02,77
doggo,2022-03,117
doggo,2022-04,80
doggo,2022-05,131
doggo,2022-06,125
doggo,2022-07,134
doggo,2022-08,157
doggo,2022-09,159
doggo,2022-10,164
doggo,2022-11,322
doggo,2022-12,240
doggo,2023-01,335
doggo,2023-02,286
doggo,2023-03,199
doggo,2023-04,176
doggo,2023-05,189
doggo,2023-06,185
doggo,2023-07,209
doggo,2023-08,397
doggo,2023-09,325
doggo,2023-10,234
doggo,2023-11,219
doggo,2023-12,225
doggo,2024-01,244
doggo,2024-02,219
doggo,2024-03,260
doggo,2024-04,185
doggo,2024-05,235
doggo,2024-06,187
doggo,2024-07,180
doggo,2024-08,206
doggo,2024-09,173
doggo,2024-10,158
doggo,2024-11,161
doggo,2024-12,289
doggo,2025-01,229
doggo,2025-02,213
doggo,2025-03,268
doggo,2025-04,212
doggo,2025-05,260
doggo,2025-06,209
doggo,2025-07,147
doggo,2025-08,278
doggo,2025-09,229
doggo,2025-10,172
doggo,2025-11,176
doggo,2025-12,180
doggo,2026-01,168
doggo,2026-02,123
doggo,2026-03,179
doggo,2026-04,167
doggo,2026-05,203
doggo,2026-06,167
doggo,2026-07,153
doggo,2026-08,5
pupper,2015-07,4
pupper,2015-08,7
pupper,2015-09,9
pupper,2015-10,5
pupper,2015-11,3
pupper,2015-12,6
pupper,2016-01,7
pupper,2016-02,10
pupper,2016-03,14
pupper,2016-04,11
pupper,2016-05,20
pupper,2016-06,28
pupper,2016-07,23
pupper,2016-08,634
pupper,2016-09,38
pupper,2016-10,61
pupper,2016-11,62
pupper,2016-12,112
pupper,2017-01,275
pupper,2017-02,226
pupper,2017-03,234
pupper,2017-04,364
pupper,2017-05,314
pupper,2017-06,467
pupper,2017-07,463
pupper,2017-08,406
pupper,2017-09,322
pupper,2017-10,332
pupper,2017-11,305
pupper,2017-12,317
pupper,2018-01,300
pupper,2018-02,254
pupper,2018-03,318
pupper,2018-04,292
pupper,2018-05,362
pupper,2018-06,228
pupper,2018-07,273
pupper,2018-08,313
pupper,2018-09,333
pupper,2018-10,282
pupper,2018-11,512
pupper,2018-12,801
pupper,2019-01,918
pupper,2019-02,888
pupper,2019-03,863
pupper,2019-04,785
pupper,2019-05,900
pupper,2019-06,780
pupper,2019-07,748
pupper,2019-08,781
pupper,2019-09,603
pupper,2019-10,473
pupper,2019-11,373
pupper,2019-12,740
pupper,2020-01,746
pupper,2020-02,414
pupper,2020-03,287
pupper,2020-04,292
pupper,2020-05,210
pupper,2020-06,195
pupper,2020-07,140
pupper,2020-08,169
pupper,2020-09,177
pupper,2020-10,148
pupper,2020-11,149
pupper,2020-12,90
pupper,2021-01,87
pupper,2021-02,110
pupper,2021-03,122
pupper,2021-04,71
pupper,2021-05,80
pupper,2021-06,66
pupper,2021-07,61
pupper,2021-08,51
pupper,2021-09,44
pupper,2021-10,56
pupper,2021-11,56
pupper,2021-12,52
pupper,2022-01,72
pupper,2022-02,52
pupper,2022-03,74
pupper,2022-04,69
pupper,2022-05,54
pupper,2022-06,125
pupper,2022-07,100
pupper,2022-08,97
pupper,2022-09,83
pupper,2022-10,124
pupper,2022-11,126
pupper,2022-12,137
pupper,2023-01,83
pupper,2023-02,147
pupper,2023-03,172
pupper,2023-04,84
pupper,2023-05,118
pupper,2023-06,117
pupper,2023-07,134
pupper,2023-08,124
pupper,2023-09,83
pupper,2023-10,97
pupper,2023-11,95
pupper,2023-12,76
pupper,2024-01,113
pupper,2024-02,127
pupper,2024-03,194
pupper,2024-04,162
pupper,2024-05,127
pupper,2024-06,81
pupper,2024-07,87
pupper,2024-08,66
pupper,2024-09,67
pupper,2024-10,96
pupper,2024-11,112
pupper,2024-12,69
pupper,2025-01,88
pupper,2025-02,72
pupper,2025-03,85
pupper,2025-04,56
pupper,2025-05,55
pupper,2025-06,57
pupper,2025-07,48
pupper,2025-08,69
pupper,2025-09,88
pupper,2025-10,44
pupper,2025-11,52
pupper,2025-12,56
pupper,2026-01,76
pupper,2026-02,65
pupper,2026-03,58
pupper,2026-04,49
pupper,2026-05,50
pupper,2026-06,60
pupper,2026-07,63
pupper,2026-08,1
big mood,2015-07,0
big mood,2015-08,0
big mood,2015-09,0
big mood,2015-10,0
big mood,2015-11,0
big mood,2015-12,0
big mood,2016-01,0
big mood,2016-02,0
big mood,2016-03,0
big mood,2016-04,0
big mood,2016-05,0
big mood,2016-06,0
big mood,2016-07,0
big mood,2016-08,0
big mood,2016-09,0
big mood,2016-10,0
big mood,2016-11,0
big mood,2016-12,0
big mood,2017-01,0
big mood,2017-02,0
big mood,2017-03,0
big mood,2017-04,0
big mood,2017-05,0
big mood,2017-06,0
big mood,2017-07,0
big mood,2017-08,0
big mood,2017-09,0
big mood,2017-10,0
big mood,2017-11,0
big mood,2017-12,0
big mood,2018-01,10
big mood,2018-02,11
big mood,2018-03,24
big mood,2018-04,42
big mood,2018-05,41
big mood,2018-06,76
big mood,2018-07,153
big mood,2018-08,174
big mood,2018-09,237
big mood,2018-10,488
big mood,2018-11,522
big mood,2018-12,723
big mood,2019-01,1087
big mood,2019-02,719
big mood,2019-03,871
big mood,2019-04,800
big mood,2019-05,408
big mood,2019-06,297
big mood,2019-07,430
big mood,2019-08,494
big mood,2019-09,529
big mood,2019-10,610
big mood,2019-11,554
big mood,2019-12,431
big mood,2020-01,612
big mood,2020-02,351
big mood,2020-03,224
big mood,2020-04,384
big mood,2020-05,345
big mood,2020-06,252
big mood,2020-07,324
big mood,2020-08,356
big mood,2020-09,455
big mood,2020-10,491
big mood,2020-11,424
big mood,2020-12,350
big mood,2021-01,333
big mood,2021-02,334
big mood,2021-03,292
big mood,2021-04,313
big mood,2021-05,318
big mood,2021-06,204
big mood,2021-07,202
big mood,2021-08,186
big mood,2021-09,140
big mood,2021-10,123
big mood,2021-11,136
big mood,2021-12,136
big mood,2022-01,106
big mood,2022-02,73
big mood,2022-03,183
big mood,2022-04,135
big mood,2022-05,195
big mood,2022-06,177
big mood,2022-07,166
big mood,2022-08,143
big mood,2022-09,165
big mood,2022-10,199
big mood,2022-11,242
big mood,2022-12,259
big mood,2023-01,236
big mood,2023-02,235
big mood,2023-03,227
big mood,2023-04,190
big mood,2023-05,250
big mood,2023-06,288
big mood,2023-07,218
big mood,2023-08,230
big mood,2023-09,195
big mood,2023-10,217
big mood,2023-11,154
big mood,2023-12,116
big mood,2024-01,110
big mood,2024-02,102
big mood,2024-03,126
big mood,2024-04,183
big mood,2024-05,82
big mood,2024-06,93
big mood,2024-07,71
big mood,2024-08,52
big mood,2024-09,57
big mood,2024-10,69
big mood,2024-11,66
big mood,2024-12,77
big mood,2025-01,102
big mood,2025-02,61
big mood,2025-03,87
big mood,2025-04,110
big mood,2025-05,82
big mood,2025-06,57
big mood,2025-07,79
big mood,2025-08,73
big mood,2025-09,61
big mood,2025-10,72
big mood,2025-11,69
big mood,2025-12,59
big mood,2026-01,75
big mood,2026-02,47
big mood,2026-03,49
big mood,2026-04,50
big mood,2026-05,69
big mood,2026-06,64
big mood,2026-07,58
big mood,2026-08,2
stan,2015-07,375
stan,2015-08,329
stan,2015-09,328
stan,2015-10,342
stan,2015-11,345
stan,2015-12,352
stan,2016-01,321
stan,2016-02,313
stan,2016-03,376
stan,2016-04,298
stan,2016-05,315
stan,2016-06,292
stan,2016-07,361
stan,2016-08,387
stan,2016-09,334
stan,2016-10,374
stan,2016-11,317
stan,2016-12,358
stan,2017-01,431
stan,2017-02,376
stan,2017-03,383
stan,2017-04,480
stan,2017-05,504
stan,2017-06,1144
stan,2017-07,540
stan,2017-08,461
stan,2017-09,550
stan,2017-10,636
stan,2017-11,590
stan,2017-12,512
stan,2018-01,552
stan,2018-02,613
stan,2018-03,692
stan,2018-04,728
stan,2018-05,853
stan,2018-06,828
stan,2018-07,1046
stan,2018-08,1178
stan,2018-09,1273
stan,2018-10,1196
stan,2018-11,1434
stan,2018-12,1419
stan,2019-01,5094
stan,2019-02,2055
stan,2019-03,1732
stan,2019-04,2175
stan,2019-05,3199
stan,2019-06,1845
stan,2019-07,1879
stan,2019-08,2070
stan,2019-09,2891
stan,2019-10,2856
stan,2019-11,3492
stan,2019-12,1694
stan,2020-01,1901
stan,2020-02,3117
stan,2020-03,2687
stan,2020-04,2516
stan,2020-05,1638
stan,2020-06,1628
stan,2020-07,1203
stan,2020-08,1272
stan,2020-09,1193
stan,2020-10,1367
stan,2020-11,1387
stan,2020-12,1622
stan,2021-01,1262
stan,2021-02,1151
stan,2021-03,1232
stan,2021-04,949
stan,2021-05,993
stan,2021-06,914
stan,2021-07,993
stan,2021-08,1046
stan,2021-09,920
stan,2021-10,952
stan,2021-11,903
stan,2021-12,960
stan,2022-01,989
stan,2022-02,964
stan,2022-03,1015
stan,2022-04,972
stan,2022-05,1253
stan,2022-06,980
stan,2022-07,1016
stan,2022-08,1161
stan,2022-09,1316
stan,2022-10,1612
stan,2022-11,1340
stan,2022-12,1155
stan,2023-01,1763
stan,2023-02,1331
stan,2023-03,1359
stan,2023-04,1456
stan,2023-05,1598
stan,2023-06,1448
stan,2023-07,1538
stan,2023-08,1665
stan,2023-09,1561
stan,2023-10,1541
stan,2023-11,1722
stan,2023-12,1683
stan,2024-01,1647
stan,2024-02,2044
stan,2024-03,1918
stan,2024-04,1731
stan,2024-05,1599
stan,2024-06,1636
stan,2024-07,1624
stan,2024-08,1505
stan,2024-09,1375
stan,2024-10,1618
stan,2024-11,1291
stan,2024-12,1426
stan,2025-01,1414
stan,2025-02,1616
stan,2025-03,1487
stan,2025-04,1198
stan,2025-05,1345
stan,2025-06,1423
stan,2025-07,1381
stan,2025-08,1532
stan,2025-09,1666
stan,2025-10,1558
stan,2025-11,1459
stan,2025-12,1469
stan,2026-01,1414
stan,2026-02,1370
stan,2026-03,1697
stan,2026-04,1194
stan,2026-05,1454
stan,2026-06,1230
stan,2026-07,1200
stan,2026-08,37
chonk,2015-07,0
chonk,2015-08,0
chonk,2015-09,0
chonk,2015-10,0
chonk,2015-11,0
chonk,2015-12,0
chonk,2016-01,0
chonk,2016-02,0
chonk,2016-03,0
chonk,2016-04,0
chonk,2016-05,0
chonk,2016-06,0
chonk,2016-07,0
chonk,2016-08,0
chonk,2016-09,0
chonk,2016-10,0
chonk,2016-11,0
chonk,2016-12,0
chonk,2017-01,0
chonk,2017-02,0
chonk,2017-03,0
chonk,2017-04,0
chonk,2017-05,0
chonk,2017-06,0
chonk,2017-07,0
chonk,2017-08,0
chonk,2017-09,0
chonk,2017-10,0
chonk,2017-11,0
chonk,2017-12,0
chonk,2018-01,0
chonk,2018-02,0
chonk,2018-03,0
chonk,2018-04,0
chonk,2018-05,0
chonk,2018-06,0
chonk,2018-07,0
chonk,2018-08,0
chonk,2018-09,0
chonk,2018-10,0
chonk,2018-11,0
chonk,2018-12,0
chonk,2019-01,0
chonk,2019-02,0
chonk,2019-03,0
chonk,2019-04,0
chonk,2019-05,0
chonk,2019-06,0
chonk,2019-07,0
chonk,2019-08,55
chonk,2019-09,37
chonk,2019-10,129
chonk,2019-11,251
chonk,2019-12,232
chonk,2020-01,181
chonk,2020-02,200
chonk,2020-03,311
chonk,2020-04,731
chonk,2020-05,846
chonk,2020-06,1068
chonk,2020-07,942
chonk,2020-08,936
chonk,2020-09,989
chonk,2020-10,837
chonk,2020-11,1113
chonk,2020-12,610
chonk,2021-01,600
chonk,2021-02,512
chonk,2021-03,679
chonk,2021-04,830
chonk,2021-05,863
chonk,2021-06,568
chonk,2021-07,576
chonk,2021-08,352
chonk,2021-09,288
chonk,2021-10,327
chonk,2021-11,279
chonk,2021-12,311
chonk,2022-01,374
chonk,2022-02,332
chonk,2022-03,504
chonk,2022-04,761
chonk,2022-05,438
chonk,2022-06,846
chonk,2022-07,414
chonk,2022-08,526
chonk,2022-09,501
chonk,2022-10,798
chonk,2022-11,1019
chonk,2022-12,710
chonk,2023-01,1041
chonk,2023-02,978
chonk,2023-03,1209
chonk,2023-04,705
chonk,2023-05,740
chonk,2023-06,720
chonk,2023-07,574
chonk,2023-08,914
chonk,2023-09,879
chonk,2023-10,830
chonk,2023-11,785
chonk,2023-12,932
chonk,2024-01,962
chonk,2024-02,755
chonk,2024-03,856
chonk,2024-04,745
chonk,2024-05,531
chonk,2024-06,417
chonk,2024-07,356
chonk,2024-08,313
chonk,2024-09,304
chonk,2024-10,346
chonk,2024-11,294
chonk,2024-12,255
chonk,2025-01,266
chonk,2025-02,275
chonk,2025-03,276
chonk,2025-04,250
chonk,2025-05,245
chonk,2025-06,232
chonk,2025-07,230
chonk,2025-08,230
chonk,2025-09,208
chonk,2025-10,199
chonk,2025-11,231
chonk,2025-12,217
chonk,2026-01,294
chonk,2026-02,172
chonk,2026-03,196
chonk,2026-04,243
chonk,2026-05,243
chonk,2026-06,214
chonk,2026-07,212
chonk,2026-08,8
shook,2015-07,644
shook,2015-08,236
shook,2015-09,177
shook,2015-10,465
shook,2015-11,219
shook,2015-12,233
shook,2016-01,240
shook,2016-02,193
shook,2016-03,194
shook,2016-04,260
shook,2016-05,312
shook,2016-06,269
shook,2016-07,301
shook,2016-08,213
shook,2016-09,275
shook,2016-10,290
shook,2016-11,378
shook,2016-12,317
shook,2017-01,370
shook,2017-02,311
shook,2017-03,350
shook,2017-04,371
shook,2017-05,527
shook,2017-06,391
shook,2017-07,448
shook,2017-08,377
shook,2017-09,284
shook,2017-10,358
shook,2017-11,337
shook,2017-12,301
shook,2018-01,365
shook,2018-02,333
shook,2018-03,300
shook,2018-04,396
shook,2018-05,594
shook,2018-06,411
shook,2018-07,451
shook,2018-08,478
shook,2018-09,280
shook,2018-10,292
shook,2018-11,407
shook,2018-12,370
shook,2019-01,538
shook,2019-02,362
shook,2019-03,378
shook,2019-04,400
shook,2019-05,605
shook,2019-06,436
shook,2019-07,527
shook,2019-08,405
shook,2019-09,455
shook,2019-10,511
shook,2019-11,603
shook,2019-12,442
shook,2020-01,684
shook,2020-02,567
shook,2020-03,537
shook,2020-04,655
shook,2020-05,355
shook,2020-06,367
shook,2020-07,342
shook,2020-08,296
shook,2020-09,304
shook,2020-10,419
shook,2020-11,334
shook,2020-12,306
shook,2021-01,409
shook,2021-02,330
shook,2021-03,196
shook,2021-04,209
shook,2021-05,246
shook,2021-06,188
shook,2021-07,231
shook,2021-08,164
shook,2021-09,169
shook,2021-10,173
shook,2021-11,171
shook,2021-12,154
shook,2022-01,174
shook,2022-02,166
shook,2022-03,234
shook,2022-04,228
shook,2022-05,193
shook,2022-06,217
shook,2022-07,217
shook,2022-08,259
shook,2022-09,651
shook,2022-10,367
shook,2022-11,305
shook,2022-12,582
shook,2023-01,570
shook,2023-02,421
shook,2023-03,436
shook,2023-04,307
shook,2023-05,366
shook,2023-06,280
shook,2023-07,310
shook,2023-08,275
shook,2023-09,296
shook,2023-10,296
shook,2023-11,313
shook,2023-12,406
shook,2024-01,288
shook,2024-02,288
shook,2024-03,306
shook,2024-04,327
shook,2024-05,305
shook,2024-06,285
shook,2024-07,254
shook,2024-08,197
shook,2024-09,193
shook,2024-10,172
shook,2024-11,184
shook,2024-12,223
shook,2025-01,185
shook,2025-02,188
shook,2025-03,194
shook,2025-04,174
shook,2025-05,205
shook,2025-06,236
shook,2025-07,181
shook,2025-08,175
shook,2025-09,232
shook,2025-10,224
shook,2025-11,165
shook,2025-12,168
shook,2026-01,176
shook,2026-02,173
shook,2026-03,150
shook,2026-04,172
shook,2026-05,175
shook,2026-06,147
shook,2026-07,251
shook,2026-08,7
snatched,2015-07,51
snatched,2015-08,18
snatched,2015-09,28
snatched,2015-10,53
snatched,2015-11,29
snatched,2015-12,37
snatched,2016-01,17
snatched,2016-02,11
snatched,2016-03,20
snatched,2016-04,33
snatched,2016-05,24
snatched,2016-06,21
snatched,2016-07,51
snatched,2016-08,11
snatched,2016-09,13
snatched,2016-10,29
snatched,2016-11,39
snatched,2016-12,26
snatched,2017-01,37
snatched,2017-02,30
snatched,2017-03,30
snatched,2017-04,87
snatched,2017-05,65
snatched,2017-06,64
snatched,2017-07,114
snatched,2017-08,46
snatched,2017-09,35
snatched,2017-10,58
snatched,2017-11,75
snatched,2017-12,64
snatched,2018-01,97
snatched,2018-02,81
snatched,2018-03,87
snatched,2018-04,66
snatched,2018-05,66
snatched,2018-06,64
snatched,2018-07,55
snatched,2018-08,60
snatched,2018-09,40
snatched,2018-10,57
snatched,2018-11,68
snatched,2018-12,57
snatched,2019-01,60
snatched,2019-02,49
snatched,2019-03,69
snatched,2019-04,54
snatched,2019-05,74
snatched,2019-06,50
snatched,2019-07,87
snatched,2019-08,78
snatched,2019-09,67
snatched,2019-10,81
snatched,2019-11,85
snatched,2019-12,88
snatched,2020-01,68
snatched,2020-02,106
snatched,2020-03,94
snatched,2020-04,68
snatched,2020-05,57
snatched,2020-06,52
snatched,2020-07,58
snatched,2020-08,55
snatched,2020-09,59
snatched,2020-10,55
snatched,2020-11,70
snatched,2020-12,43
snatched,2021-01,61
snatched,2021-02,48
snatched,2021-03,63
snatched,2021-04,45
snatched,2021-05,58
snatched,2021-06,45
snatched,2021-07,67
snatched,2021-08,39
snatched,2021-09,53
snatched,2021-10,89
snatched,2021-11,44
snatched,2021-12,54
snatched,2022-01,60
snatched,2022-02,39
snatched,2022-03,71
snatched,2022-04,52
snatched,2022-05,66
snatched,2022-06,35
snatched,2022-07,66
snatched,2022-08,63
snatched,2022-09,49
snatched,2022-10,67
snatched,2022-11,87
snatched,2022-12,62
snatched,2023-01,84
snatched,2023-02,99
snatched,2023-03,82
snatched,2023-04,83
snatched,2023-05,76
snatched,2023-06,107
snatched,2023-07,91
snatched,2023-08,91
snatched,2023-09,98
snatched,2023-10,76
snatched,2023-11,58
snatched,2023-12,85
snatched,2024-01,79
snatched,2024-02,77
snatched,2024-03,114
snatched,2024-04,56
snatched,2024-05,102
snatched,2024-06,49
snatched,2024-07,79
snatched,2024-08,110
snatched,2024-09,83
snatched,2024-10,76
snatched,2024-11,70
snatched,2024-12,69
snatched,2025-01,92
snatched,2025-02,68
snatched,2025-03,85
snatched,2025-04,90
snatched,2025-05,91
snatched,2025-06,74
snatched,2025-07,94
snatched,2025-08,116
snatched,2025-09,121
snatched,2025-10,76
snatched,2025-11,99
snatched,2025-12,131
snatched,2026-01,127
snatched,2026-02,120
snatched,2026-03,139
snatched,2026-04,112
snatched,2026-05,151
snatched,2026-06,111
snatched,2026-07,158
snatched,2026-08,7
savage,2015-07,565
savage,2015-08,484
savage,2015-09,534
savage,2015-10,572
savage,2015-11,634
savage,2015-12,603
savage,2016-01,645
savage,2016-02,737
savage,2016-03,733
savage,2016-04,632
savage,2016-05,715
savage,2016-06,713
savage,2016-07,881
savage,2016-08,932
savage,2016-09,937
savage,2016-10,936
savage,2016-11,1119
savage,2016-12,1080
savage,2017-01,1222
savage,2017-02,1182
savage,2017-03,1218
savage,2017-04,1369
savage,2017-05,1577
savage,2017-06,1222
savage,2017-07,1543
savage,2017-08,1545
savage,2017-09,1296
savage,2017-10,1341
savage,2017-11,1401
savage,2017-12,1152
savage,2018-01,1107
savage,2018-02,1172
savage,2018-03,1417
savage,2018-04,1698
savage,2018-05,1663
savage,2018-06,1587
savage,2018-07,1672
savage,2018-08,1498
savage,2018-09,1206
savage,2018-10,1152
savage,2018-11,1135
savage,2018-12,1130
savage,2019-01,1356
savage,2019-02,1272
savage,2019-03,1389
savage,2019-04,1798
savage,2019-05,1938
savage,2019-06,1701
savage,2019-07,1971
savage,2019-08,2425
savage,2019-09,2131
savage,2019-10,2709
savage,2019-11,2791
savage,2019-12,2250
savage,2020-01,2341
savage,2020-02,2257
savage,2020-03,2345
savage,2020-04,2772
savage,2020-05,1419
savage,2020-06,1875
savage,2020-07,1859
savage,2020-08,1688
savage,2020-09,1083
savage,2020-10,1095
savage,2020-11,1024
savage,2020-12,841
savage,2021-01,840
savage,2021-02,832
savage,2021-03,874
savage,2021-04,794
savage,2021-05,756
savage,2021-06,606
savage,2021-07,720
savage,2021-08,759
savage,2021-09,752
savage,2021-10,712
savage,2021-11,707
savage,2021-12,682
savage,2022-01,765
savage,2022-02,642
savage,2022-03,755
savage,2022-04,938
savage,2022-05,842
savage,2022-06,684
savage,2022-07,807
savage,2022-08,753
savage,2022-09,840
savage,2022-10,879
savage,2022-11,965
savage,2022-12,820
savage,2023-01,1017
savage,2023-02,1076
savage,2023-03,1058
savage,2023-04,834
savage,2023-05,839
savage,2023-06,913
savage,2023-07,889
savage,2023-08,863
savage,2023-09,984
savage,2023-10,1188
savage,2023-11,1103
savage,2023-12,887
savage,2024-01,1010
savage,2024-02,964
savage,2024-03,1097
savage,2024-04,971
savage,2024-05,837
savage,2024-06,622
savage,2024-07,669
savage,2024-08,566
savage,2024-09,629
savage,2024-10,634
savage,2024-11,622
savage,2024-12,557
savage,2025-01,624
savage,2025-02,516
savage,2025-03,679
savage,2025-04,579
savage,2025-05,755
savage,2025-06,748
savage,2025-07,551
savage,2025-08,692
savage,2025-09,879
savage,2025-10,676
savage,2025-11,547
savage,2025-12,701
savage,2026-01,617
savage,2026-02,586
savage,2026-03,700
savage,2026-04,565
savage,2026-05,600
savage,2026-06,710
savage,2026-07,594
savage,2026-08,13
extra,2015-07,583
extra,2015-08,597
extra,2015-09,737
extra,2015-10,866
extra,2015-11,731
extra,2015-12,807
extra,2016-01,824
extra,2016-02,751
extra,2016-03,713
extra,2016-04,699
extra,2016-05,682
extra,2016-06,566
extra,2016-07,553
extra,2016-08,535
extra,2016-09,734
extra,2016-10,837
extra,2016-11,815
extra,2016-12,758
extra,2017-01,907
extra,2017-02,947
extra,2017-03,1027
extra,2017-04,1154
extra,2017-05,1141
extra,2017-06,982
extra,2017-07,1100
extra,2017-08,1086
extra,2017-09,1101
extra,2017-10,1085
extra,2017-11,1166
extra,2017-12,1021
extra,2018-01,1145
extra,2018-02,1204
extra,2018-03,1373
extra,2018-04,1466
extra,2018-05,1446
extra,2018-06,1148
extra,2018-07,1223
extra,2018-08,1556
extra,2018-09,1473
extra,2018-10,1541
extra,2018-11,1415
extra,2018-12,1123
extra,2019-01,1604
extra,2019-02,1280
extra,2019-03,1202
extra,2019-04,1256
extra,2019-05,1391
extra,2019-06,1251
extra,2019-07,1583
extra,2019-08,1537
extra,2019-09,1574
extra,2019-10,2405
extra,2019-11,2884
extra,2019-12,1874
extra,2020-01,2227
extra,2020-02,2824
extra,2020-03,2517
extra,2020-04,3009
extra,2020-05,1416
extra,2020-06,980
extra,2020-07,887
extra,2020-08,869
extra,2020-09,1175
extra,2020-10,1299
extra,2020-11,1209
extra,2020-12,977
extra,2021-01,1002
extra,2021-02,1160
extra,2021-03,1108
extra,2021-04,991
extra,2021-05,968
extra,2021-06,745
extra,2021-07,731
extra,2021-08,769
extra,2021-09,777
extra,2021-10,885
extra,2021-11,939
extra,2021-12,763
extra,2022-01,924
extra,2022-02,853
extra,2022-03,926
extra,2022-04,859
extra,2022-05,1043
extra,2022-06,957
extra,2022-07,959
extra,2022-08,1103
extra,2022-09,1103
extra,2022-10,1044
extra,2022-11,1148
extra,2022-12,1198
extra,2023-01,1281
extra,2023-02,993
extra,2023-03,1058
extra,2023-04,1014
extra,2023-05,1056
extra,2023-06,990
extra,2023-07,1024
extra,2023-08,915
extra,2023-09,911
extra,2023-10,974
extra,2023-11,939
extra,2023-12,976
extra,2024-01,971
extra,2024-02,1005
extra,2024-03,1251
extra,2024-04,1002
extra,2024-05,938
extra,2024-06,853
extra,2024-07,800
extra,2024-08,993
extra,2024-09,956
extra,2024-10,876
extra,2024-11,946
extra,2024-12,898
extra,2025-01,945
extra,2025-02,986
extra,2025-03,1052
extra,2025-04,903
extra,2025-05,1579
extra,2025-06,909
extra,2025-07,850
extra,2025-08,898
extra,2025-09,1412
extra,2025-10,966
extra,2025-11,870
extra,2025-12,958
extra,2026-01,888
extra,2026-02,815
extra,2026-03,913
extra,2026-04,843
extra,2026-05,923
extra,2026-06,737
extra,2026-07,794
extra,2026-08,31
lit,2015-07,627
lit,2015-08,527
lit,2015-09,638
lit,2015-10,694
lit,2015-11,657
lit,2015-12,604
lit,2016-01,588
lit,2016-02,692
lit,2016-03,673
lit,2016-04,682
lit,2016-05,723
lit,2016-06,672
lit,2016-07,697
lit,2016-08,769
lit,2016-09,743
lit,2016-10,747
lit,2016-11,773
lit,2016-12,879
lit,2017-01,913
lit,2017-02,964
lit,2017-03,1192
lit,2017-04,1160
lit,2017-05,1144
lit,2017-06,1158
lit,2017-07,1174
lit,2017-08,1219
lit,2017-09,1259
lit,2017-10,1312
lit,2017-11,1199
lit,2017-12,1159
lit,2018-01,1121
lit,2018-02,949
lit,2018-03,1243
lit,2018-04,1521
lit,2018-05,1688
lit,2018-06,1647
lit,2018-07,1429
lit,2018-08,1591
lit,2018-09,1652
lit,2018-10,1961
lit,2018-11,1961
lit,2018-12,1994
lit,2019-01,2367
lit,2019-02,2199
lit,2019-03,2380
lit,2019-04,2818
lit,2019-05,3066
lit,2019-06,2916
lit,2019-07,2904
lit,2019-08,2888
lit,2019-09,3043
lit,2019-10,4076
lit,2019-11,8848
lit,2019-12,4073
lit,2020-01,4783
lit,2020-02,4984
lit,2020-03,5169
lit,2020-04,4915
lit,2020-05,1858
lit,2020-06,1075
lit,2020-07,1008
lit,2020-08,1140
lit,2020-09,1114
lit,2020-10,1199
lit,2020-11,1091
lit,2020-12,926
lit,2021-01,883
lit,2021-02,940
lit,2021-03,1011
lit,2021-04,871
lit,2021-05,920
lit,2021-06,687
lit,2021-07,786
lit,2021-08,710
lit,2021-09,732
lit,2021-10,846
lit,2021-11,776
lit,2021-12,805
lit,2022-01,803
lit,2022-02,829
lit,2022-03,936
lit,2022-04,875
lit,2022-05,898
lit,2022-06,872
lit,2022-07,821
lit,2022-08,918
lit,2022-09,1017
lit,2022-10,1098
lit,2022-11,1011
lit,2022-12,1089
lit,2023-01,1106
lit,2023-02,970
lit,2023-03,1043
lit,2023-04,776
lit,2023-05,987
lit,2023-06,1005
lit,2023-07,1064
lit,2023-08,1065
lit,2023-09,1010
lit,2023-10,1043
lit,2023-11,951
lit,2023-12,1118
lit,2024-01,1104
lit,2024-02,976
lit,2024-03,1130
lit,2024-04,1101
lit,2024-05,1150
lit,2024-06,871
lit,2024-07,901
lit,2024-08,974
lit,2024-09,944
lit,2024-10,831
lit,2024-11,927
lit,2024-12,934
lit,2025-01,907
lit,2025-02,883
lit,2025-03,1002
lit,2025-04,877
lit,2025-05,1094
lit,2025-06,913
lit,2025-07,824
lit,2025-08,866
lit,2025-09,1006
lit,2025-10,940
lit,2025-11,884
lit,2025-12,902
lit,2026-01,928
lit,2026-02,765
lit,2026-03,909
lit,2026-04,790
lit,2026-05,867
lit,2026-06,742
lit,2026-07,763
lit,2026-08,15
woke,2015-07,778
woke,2015-08,203
woke,2015-09,109
woke,2015-10,292
woke,2015-11,180
woke,2015-12,182
woke,2016-01,221
woke,2016-02,180
woke,2016-03,177
woke,2016-04,313
woke,2016-05,611
woke,2016-06,411
woke,2016-07,441
woke,2016-08,279
woke,2016-09,244
woke,2016-10,306
woke,2016-11,376
woke,2016-12,458
woke,2017-01,380
woke,2017-02,380
woke,2017-03,624
woke,2017-04,516
woke,2017-05,614
woke,2017-06,643
woke,2017-07,630
woke,2017-08,564
woke,2017-09,513
woke,2017-10,729
woke,2017-11,536
woke,2017-12,714
woke,2018-01,599
woke,2018-02,677
woke,2018-03,614
woke,2018-04,646
woke,2018-05,654
woke,2018-06,687
woke,2018-07,544
woke,2018-08,569
woke,2018-09,572
woke,2018-10,678
woke,2018-11,2521
woke,2018-12,2666
woke,2019-01,1578
woke,2019-02,698
woke,2019-03,783
woke,2019-04,723
woke,2019-05,950
woke,2019-06,805
woke,2019-07,998
woke,2019-08,1486
woke,2019-09,947
woke,2019-10,1431
woke,2019-11,1581
woke,2019-12,993
woke,2020-01,1632
woke,2020-02,1713
woke,2020-03,1880
woke,2020-04,1265
woke,2020-05,1104
woke,2020-06,3630
woke,2020-07,4748
woke,2020-08,3779
woke,2020-09,1865
woke,2020-10,1426
woke,2020-11,1594
woke,2020-12,1462
woke,2021-01,2465
woke,2021-02,2900
woke,2021-03,4136
woke,2021-04,4093
woke,2021-05,4179
woke,2021-06,3059
woke,2021-07,2013
woke,2021-08,1667
woke,2021-09,1625
woke,2021-10,1746
woke,2021-11,2316
woke,2021-12,875
woke,2022-01,875
woke,2022-02,942
woke,2022-03,1044
woke,2022-04,1217
woke,2022-05,1026
woke,2022-06,921
woke,2022-07,1075
woke,2022-08,1373
woke,2022-09,1381
woke,2022-10,2279
woke,2022-11,1902
woke,2022-12,1427
woke,2023-01,1966
woke,2023-02,2248
woke,2023-03,3383
woke,2023-04,2521
woke,2023-05,2354
woke,2023-06,2143
woke,2023-07,1851
woke,2023-08,1715
woke,2023-09,1327
woke,2023-10,1170
woke,2023-11,1291
woke,2023-12,2053
woke,2024-01,2996
woke,2024-02,1730
woke,2024-03,2023
woke,2024-04,1292
woke,2024-05,1159
woke,2024-06,1132
woke,2024-07,1288
woke,2024-08,1321
woke,2024-09,1085
woke,2024-10,1022
woke,2024-11,1561
woke,2024-12,1325
woke,2025-01,1632
woke,2025-02,1352
woke,2025-03,1558
woke,2025-04,1163
woke,2025-05,1145
woke,2025-06,985
woke,2025-07,1371
woke,2025-08,1519
woke,2025-09,1203
woke,2025-10,1027
woke,2025-11,975
woke,2025-12,967
woke,2026-01,1025
woke,2026-02,1074
woke,2026-03,859
woke,2026-04,746
woke,2026-05,852
woke,2026-06,757
woke,2026-07,795
woke,2026-08,20
NPC,2015-07,36
NPC,2015-08,23
NPC,2015-09,18
NPC,2015-10,20
NPC,2015-11,15
NPC,2015-12,21
NPC,2016-01,32
NPC,2016-02,19
NPC,2016-03,18
NPC,2016-04,11
NPC,2016-05,17
NPC,2016-06,28
NPC,2016-07,16
NPC,2016-08,25
NPC,2016-09,35
NPC,2016-10,19
NPC,2016-11,35
NPC,2016-12,20
NPC,2017-01,33
NPC,2017-02,25
NPC,2017-03,51
NPC,2017-04,44
NPC,2017-05,32
NPC,2017-06,34
NPC,2017-07,46
NPC,2017-08,51
NPC,2017-09,58
NPC,2017-10,61
NPC,2017-11,93
NPC,2017-12,76
NPC,2018-01,71
NPC,2018-02,88
NPC,2018-03,130
NPC,2018-04,154
NPC,2018-05,232
NPC,2018-06,179
NPC,2018-07,176
NPC,2018-08,122
NPC,2018-09,209
NPC,2018-10,380
NPC,2018-11,271
NPC,2018-12,203
NPC,2019-01,164
NPC,2019-02,152
NPC,2019-03,134
NPC,2019-04,138
NPC,2019-05,164
NPC,2019-06,121
NPC,2019-07,110
NPC,2019-08,119
NPC,2019-09,105
NPC,2019-10,115
NPC,2019-11,162
NPC,2019-12,162
NPC,2020-01,225
NPC,2020-02,144
NPC,2020-03,146
NPC,2020-04,142
NPC,2020-05,145
NPC,2020-06,164
NPC,2020-07,232
NPC,2020-08,147
NPC,2020-09,166
NPC,2020-10,320
NPC,2020-11,443
NPC,2020-12,339
NPC,2021-01,178
NPC,2021-02,213
NPC,2021-03,281
NPC,2021-04,144
NPC,2021-05,105
NPC,2021-06,73
NPC,2021-07,115
NPC,2021-08,121
NPC,2021-09,118
NPC,2021-10,122
NPC,2021-11,133
NPC,2021-12,154
NPC,2022-01,310
NPC,2022-02,261
NPC,2022-03,490
NPC,2022-04,765
NPC,2022-05,848
NPC,2022-06,858
NPC,2022-07,922
NPC,2022-08,1059
NPC,2022-09,1519
NPC,2022-10,3702
NPC,2022-11,10378
NPC,2022-12,10195
NPC,2023-01,21262
NPC,2023-02,19226
NPC,2023-03,26713
NPC,2023-04,7641
NPC,2023-05,6402
NPC,2023-06,7206
NPC,2023-07,5393
NPC,2023-08,3500
NPC,2023-09,3258
NPC,2023-10,2914
NPC,2023-11,831
NPC,2023-12,521
NPC,2024-01,497
NPC,2024-02,461
NPC,2024-03,440
NPC,2024-04,446
NPC,2024-05,394
NPC,2024-06,231
NPC,2024-07,219
NPC,2024-08,259
NPC,2024-09,222
NPC,2024-10,255
NPC,2024-11,233
NPC,2024-12,257
NPC,2025-01,224
NPC,2025-02,182
NPC,2025-03,216
NPC,2025-04,184
NPC,2025-05,320
NPC,2025-06,298
NPC,2025-07,355
NPC,2025-08,255
NPC,2025-09,258
NPC,2025-10,203
NPC,2025-11,459
NPC,2025-12,1941
NPC,2026-01,280
NPC,2026-02,256
NPC,2026-03,298
NPC,2026-04,206
NPC,2026-05,241
NPC,2026-06,250
NPC,2026-07,336
NPC,2026-08,8
OK boomer,2015-07,0
OK boomer,2015-08,0
OK boomer,2015-09,0
OK boomer,2015-10,0
OK boomer,2015-11,0
OK boomer,2015-12,0
OK boomer,2016-01,0
OK boomer,2016-02,0
OK boomer,2016-03,0
OK boomer,2016-04,0
OK boomer,2016-05,0
OK boomer,2016-06,0
OK boomer,2016-07,0
OK boomer,2016-08,0
OK boomer,2016-09,0
OK boomer,2016-10,0
OK boomer,2016-11,0
OK boomer,2016-12,0
OK boomer,2017-01,0
OK boomer,2017-02,0
OK boomer,2017-03,0
OK boomer,2017-04,0
OK boomer,2017-05,0
OK boomer,2017-06,0
OK boomer,2017-07,0
OK boomer,2017-08,0
OK boomer,2017-09,0
OK boomer,2017-10,0
OK boomer,2017-11,0
OK boomer,2017-12,0
OK boomer,2018-01,0
OK boomer,2018-02,0
OK boomer,2018-03,0
OK boomer,2018-04,0
OK boomer,2018-05,0
OK boomer,2018-06,0
OK boomer,2018-07,0
OK boomer,2018-08,0
OK boomer,2018-09,0
OK boomer,2018-10,0
OK boomer,2018-11,0
OK boomer,2018-12,0
OK boomer,2019-01,0
OK boomer,2019-02,0
OK boomer,2019-03,0
OK boomer,2019-04,0
OK boomer,2019-05,0
OK boomer,2019-06,0
OK boomer,2019-07,0
OK boomer,2019-08,0
OK boomer,2019-09,0
OK boomer,2019-10,0
OK boomer,2019-11,0
OK boomer,2019-12,0
OK boomer,2020-01,0
OK boomer,2020-02,0
OK boomer,2020-03,217
OK boomer,2020-04,165
OK boomer,2020-05,181
OK boomer,2020-06,129
OK boomer,2020-07,88
OK boomer,2020-08,90
OK boomer,2020-09,103
OK boomer,2020-10,86
OK boomer,2020-11,93
OK boomer,2020-12,78
OK boomer,2021-01,68
OK boomer,2021-02,58
OK boomer,2021-03,73
OK boomer,2021-04,63
OK boomer,2021-05,42
OK boomer,2021-06,28
OK boomer,2021-07,55
OK boomer,2021-08,26
OK boomer,2021-09,32
OK boomer,2021-10,46
OK boomer,2021-11,32
OK boomer,2021-12,45
OK boomer,2022-01,52
OK boomer,2022-02,70
OK boomer,2022-03,43
OK boomer,2022-04,71
OK boomer,2022-05,58
OK boomer,2022-06,56
OK boomer,2022-07,48
OK boomer,2022-08,4061
OK boomer,2022-09,147
OK boomer,2022-10,78
OK boomer,2022-11,101
OK boomer,2022-12,95
OK boomer,2023-01,87
OK boomer,2023-02,81
OK boomer,2023-03,73
OK boomer,2023-04,66
OK boomer,2023-05,74
OK boomer,2023-06,93
OK boomer,2023-07,61
OK boomer,2023-08,83
OK boomer,2023-09,58
OK boomer,2023-10,86
OK boomer,2023-11,103
OK boomer,2023-12,71
OK boomer,2024-01,59
OK boomer,2024-02,45
OK boomer,2024-03,72
OK boomer,2024-04,57
OK boomer,2024-05,58
OK boomer,2024-06,78
OK boomer,2024-07,49
OK boomer,2024-08,80
OK boomer,2024-09,69
OK boomer,2024-10,71
OK boomer,2024-11,77
OK boomer,2024-12,52
OK boomer,2025-01,69
OK boomer,2025-02,62
OK boomer,2025-03,70
OK boomer,2025-04,79
OK boomer,2025-05,85
OK boomer,2025-06,72
OK boomer,2025-07,86
OK boomer,2025-08,125
OK boomer,2025-09,90
OK boomer,2025-10,66
OK boomer,2025-11,83
OK boomer,2025-12,63
OK boomer,2026-01,72
OK boomer,2026-02,81
OK boomer,2026-03,78
OK boomer,2026-04,80
OK boomer,2026-05,81
OK boomer,2026-06,69
OK boomer,2026-07,112
OK boomer,2026-08,2
and I oop,2015-07,0
and I oop,2015-08,0
and I oop,2015-09,0
and I oop,2015-10,0
and I oop,2015-11,0
and I oop,2015-12,0
and I oop,2016-01,0
and I oop,2016-02,0
and I oop,2016-03,0
and I oop,2016-04,0
and I oop,2016-05,0
and I oop,2016-06,0
and I oop,2016-07,0
and I oop,2016-08,0
and I oop,2016-09,0
and I oop,2016-10,0
and I oop,2016-11,0
and I oop,2016-12,0
and I oop,2017-01,0
and I oop,2017-02,0
and I oop,2017-03,0
and I oop,2017-04,0
and I oop,2017-05,0
and I oop,2017-06,0
and I oop,2017-07,0
and I oop,2017-08,0
and I oop,2017-09,0
and I oop,2017-10,0
and I oop,2017-11,0
and I oop,2017-12,0
and I oop,2018-01,0
and I oop,2018-02,0
and I oop,2018-03,0
and I oop,2018-04,0
and I oop,2018-05,0
and I oop,2018-06,0
and I oop,2018-07,0
and I oop,2018-08,0
and I oop,2018-09,0
and I oop,2018-10,0
and I oop,2018-11,0
and I oop,2018-12,0
and I oop,2019-01,0
and I oop,2019-02,0
and I oop,2019-03,0
and I oop,2019-04,0
and I oop,2019-05,0
and I oop,2019-06,0
and I oop,2019-07,0
and I oop,2019-08,0
and I oop,2019-09,0
and I oop,2019-10,0
and I oop,2019-11,0
and I oop,2019-12,0
and I oop,2020-01,0
and I oop,2020-02,0
and I oop,2020-03,0
and I oop,2020-04,0
and I oop,2020-05,0
and I oop,2020-06,0
and I oop,2020-07,36
and I oop,2020-08,18
and I oop,2020-09,35
and I oop,2020-10,37
and I oop,2020-11,30
and I oop,2020-12,29
and I oop,2021-01,23
and I oop,2021-02,32
and I oop,2021-03,36
and I oop,2021-04,36
and I oop,2021-05,20
and I oop,2021-06,16
and I oop,2021-07,19
and I oop,2021-08,11
and I oop,2021-09,18
and I oop,2021-10,23
and I oop,2021-11,23
and I oop,2021-12,24
and I oop,2022-01,20
and I oop,2022-02,22
and I oop,2022-03,25
and I oop,2022-04,25
and I oop,2022-05,33
and I oop,2022-06,32
and I oop,2022-07,24
and I oop,2022-08,25
and I oop,2022-09,23
and I oop,2022-10,25
and I oop,2022-11,33
and I oop,2022-12,35
and I oop,2023-01,28
and I oop,2023-02,27
and I oop,2023-03,23
and I oop,2023-04,31
and I oop,2023-05,28
and I oop,2023-06,29
and I oop,2023-07,55
and I oop,2023-08,44
and I oop,2023-09,47
and I oop,2023-10,31
and I oop,2023-11,49
and I oop,2023-12,52
and I oop,2024-01,54
and I oop,2024-02,37
and I oop,2024-03,64
and I oop,2024-04,47
and I oop,2024-05,74
and I oop,2024-06,43
and I oop,2024-07,73
and I oop,2024-08,83
and I oop,2024-09,76
and I oop,2024-10,73
and I oop,2024-11,49
and I oop,2024-12,59
and I oop,2025-01,60
and I oop,2025-02,55
and I oop,2025-03,53
and I oop,2025-04,55
and I oop,2025-05,51
and I oop,2025-06,59
and I oop,2025-07,66
and I oop,2025-08,126
and I oop,2025-09,125
and I oop,2025-10,70
and I oop,2025-11,85
and I oop,2025-12,96
and I oop,2026-01,104
and I oop,2026-02,127
and I oop,2026-03,136
and I oop,2026-04,204
and I oop,2026-05,662
and I oop,2026-06,544
and I oop,2026-07,586
and I oop,2026-08,9
sksksk,2015-07,0
sksksk,2015-08,0
sksksk,2015-09,0
sksksk,2015-10,0
sksksk,2015-11,0
sksksk,2015-12,0
sksksk,2016-01,0
sksksk,2016-02,0
sksksk,2016-03,0
sksksk,2016-04,0
sksksk,2016-05,0
sksksk,2016-06,0
sksksk,2016-07,0
sksksk,2016-08,0
sksksk,2016-09,0
sksksk,2016-10,0
sksksk,2016-11,0
sksksk,2016-12,0
sksksk,2017-01,0
sksksk,2017-02,0
sksksk,2017-03,0
sksksk,2017-04,0
sksksk,2017-05,0
sksksk,2017-06,0
sksksk,2017-07,0
sksksk,2017-08,0
sksksk,2017-09,0
sksksk,2017-10,0
sksksk,2017-11,0
sksksk,2017-12,0
sksksk,2018-01,0
sksksk,2018-02,0
sksksk,2018-03,0
sksksk,2018-04,0
sksksk,2018-05,0
sksksk,2018-06,0
sksksk,2018-07,0
sksksk,2018-08,0
sksksk,2018-09,0
sksksk,2018-10,0
sksksk,2018-11,0
sksksk,2018-12,0
sksksk,2019-01,0
sksksk,2019-02,0
sksksk,2019-03,0
sksksk,2019-04,0
sksksk,2019-05,0
sksksk,2019-06,0
sksksk,2019-07,0
sksksk,2019-08,0
sksksk,2019-09,0
sksksk,2019-10,0
sksksk,2019-11,0
sksksk,2019-12,0
sksksk,2020-01,0
sksksk,2020-02,0
sksksk,2020-03,0
sksksk,2020-04,0
sksksk,2020-05,0
sksksk,2020-06,0
sksksk,2020-07,0
sksksk,2020-08,0
sksksk,2020-09,0
sksksk,2020-10,0
sksksk,2020-11,0
sksksk,2020-12,0
sksksk,2021-01,0
sksksk,2021-02,0
sksksk,2021-03,0
sksksk,2021-04,0
sksksk,2021-05,0
sksksk,2021-06,0
sksksk,2021-07,0
sksksk,2021-08,0
sksksk,2021-09,0
sksksk,2021-10,0
sksksk,2021-11,0
sksksk,2021-12,0
sksksk,2022-01,0
sksksk,2022-02,0
sksksk,2022-03,0
sksksk,2022-04,0
sksksk,2022-05,0
sksksk,2022-06,0
sksksk,2022-07,0
sksksk,2022-08,0
sksksk,2022-09,0
sksksk,2022-10,0
sksksk,2022-11,0
sksksk,2022-12,0
sksksk,2023-01,0
sksksk,2023-02,0
sksksk,2023-03,0
sksksk,2023-04,0
sksksk,2023-05,0
sksksk,2023-06,0
sksksk,2023-07,0
sksksk,2023-08,0
sksksk,2023-09,0
sksksk,2023-10,0
sksksk,2023-11,0
sksksk,2023-12,0
sksksk,2024-01,0
sksksk,2024-02,0
sksksk,2024-03,0
sksksk,2024-04,0
sksksk,2024-05,0
sksksk,2024-06,0
sksksk,2024-07,0
sksksk,2024-08,0
sksksk,2024-09,0
sksksk,2024-10,0
sksksk,2024-11,0
sksksk,2024-12,148
sksksk,2025-01,64
sksksk,2025-02,57
sksksk,2025-03,42
sksksk,2025-04,35
sksksk,2025-05,74
sksksk,2025-06,47
sksksk,2025-07,81
sksksk,2025-08,81
sksksk,2025-09,72
sksksk,2025-10,60
sksksk,2025-11,67
sksksk,2025-12,57
sksksk,2026-01,65
sksksk,2026-02,51
sksksk,2026-03,59
sksksk,2026-04,64
sksksk,2026-05,71
sksksk,2026-06,51
sksksk,2026-07,68
sksksk,2026-08,4
VSCO girl,2015-07,0
VSCO girl,2015-08,0
VSCO girl,2015-09,0
VSCO girl,2015-10,0
VSCO girl,2015-11,0
VSCO girl,2015-12,0
VSCO girl,2016-01,0
VSCO girl,2016-02,0
VSCO girl,2016-03,0
VSCO girl,2016-04,0
VSCO girl,2016-05,0
VSCO girl,2016-06,0
VSCO girl,2016-07,0
VSCO girl,2016-08,0
VSCO girl,2016-09,0
VSCO girl,2016-10,0
VSCO girl,2016-11,0
VSCO girl,2016-12,0
VSCO girl,2017-01,0
VSCO girl,2017-02,0
VSCO girl,2017-03,0
VSCO girl,2017-04,0
VSCO girl,2017-05,0
VSCO girl,2017-06,0
VSCO girl,2017-07,0
VSCO girl,2017-08,0
VSCO girl,2017-09,0
VSCO girl,2017-10,0
VSCO girl,2017-11,0
VSCO girl,2017-12,0
VSCO girl,2018-01,0
VSCO girl,2018-02,0
VSCO girl,2018-03,0
VSCO girl,2018-04,0
VSCO girl,2018-05,0
VSCO girl,2018-06,0
VSCO girl,2018-07,0
VSCO girl,2018-08,0
VSCO girl,2018-09,0
VSCO girl,2018-10,0
VSCO girl,2018-11,0
VSCO girl,2018-12,0
VSCO girl,2019-01,0
VSCO girl,2019-02,0
VSCO girl,2019-03,0
VSCO girl,2019-04,0
VSCO girl,2019-05,0
VSCO girl,2019-06,0
VSCO girl,2019-07,0
VSCO girl,2019-08,0
VSCO girl,2019-09,0
VSCO girl,2019-10,0
VSCO girl,2019-11,0
VSCO girl,2019-12,0
VSCO girl,2020-01,0
VSCO girl,2020-02,0
VSCO girl,2020-03,0
VSCO girl,2020-04,0
VSCO girl,2020-05,0
VSCO girl,2020-06,0
VSCO girl,2020-07,0
VSCO girl,2020-08,0
VSCO girl,2020-09,0
VSCO girl,2020-10,0
VSCO girl,2020-11,0
VSCO girl,2020-12,0
VSCO girl,2021-01,0
VSCO girl,2021-02,0
VSCO girl,2021-03,0
VSCO girl,2021-04,0
VSCO girl,2021-05,0
VSCO girl,2021-06,0
VSCO girl,2021-07,0
VSCO girl,2021-08,0
VSCO girl,2021-09,0
VSCO girl,2021-10,0
VSCO girl,2021-11,0
VSCO girl,2021-12,0
VSCO girl,2022-01,0
VSCO girl,2022-02,0
VSCO girl,2022-03,0
VSCO girl,2022-04,0
VSCO girl,2022-05,0
VSCO girl,2022-06,0
VSCO girl,2022-07,0
VSCO girl,2022-08,0
VSCO girl,2022-09,0
VSCO girl,2022-10,0
VSCO girl,2022-11,0
VSCO girl,2022-12,0
VSCO girl,2023-01,18
VSCO girl,2023-02,12
VSCO girl,2023-03,15
VSCO girl,2023-04,19
VSCO girl,2023-05,10
VSCO girl,2023-06,18
VSCO girl,2023-07,20
VSCO girl,2023-08,21
VSCO girl,2023-09,11
VSCO girl,2023-10,15
VSCO girl,2023-11,13
VSCO girl,2023-12,20
VSCO girl,2024-01,34
VSCO girl,2024-02,33
VSCO girl,2024-03,38
VSCO girl,2024-04,26
VSCO girl,2024-05,33
VSCO girl,2024-06,39
VSCO girl,2024-07,37
VSCO girl,2024-08,32
VSCO girl,2024-09,32
VSCO girl,2024-10,24
VSCO girl,2024-11,22
VSCO girl,2024-12,21
VSCO girl,2025-01,28
VSCO girl,2025-02,23
VSCO girl,2025-03,30
VSCO girl,2025-04,26
VSCO girl,2025-05,29
VSCO girl,2025-06,9
VSCO girl,2025-07,22
VSCO girl,2025-08,18
VSCO girl,2025-09,41
VSCO girl,2025-10,16
VSCO girl,2025-11,30
VSCO girl,2025-12,18
VSCO girl,2026-01,32
VSCO girl,2026-02,21
VSCO girl,2026-03,19
VSCO girl,2026-04,17
VSCO girl,2026-05,34
VSCO girl,2026-06,46
VSCO girl,2026-07,53
VSCO girl,2026-08,0
vibe check,2015-07,0
vibe check,2015-08,0
vibe check,2015-09,0
vibe check,2015-10,0
vibe check,2015-11,0
vibe check,2015-12,0
vibe check,2016-01,0
vibe check,2016-02,0
vibe check,2016-03,0
vibe check,2016-04,0
vibe check,2016-05,0
vibe check,2016-06,0
vibe check,2016-07,0
vibe check,2016-08,0
vibe check,2016-09,0
vibe check,2016-10,0
vibe check,2016-11,0
vibe check,2016-12,0
vibe check,2017-01,0
vibe check,2017-02,0
vibe check,2017-03,0
vibe check,2017-04,0
vibe check,2017-05,0
vibe check,2017-06,0
vibe check,2017-07,0
vibe check,2017-08,0
vibe check,2017-09,0
vibe check,2017-10,0
vibe check,2017-11,0
vibe check,2017-12,0
vibe check,2018-01,0
vibe check,2018-02,0
vibe check,2018-03,0
vibe check,2018-04,0
vibe check,2018-05,0
vibe check,2018-06,0
vibe check,2018-07,0
vibe check,2018-08,0
vibe check,2018-09,0
vibe check,2018-10,0
vibe check,2018-11,0
vibe check,2018-12,0
vibe check,2019-01,0
vibe check,2019-02,0
vibe check,2019-03,0
vibe check,2019-04,0
vibe check,2019-05,0
vibe check,2019-06,0
vibe check,2019-07,0
vibe check,2019-08,0
vibe check,2019-09,0
vibe check,2019-10,0
vibe check,2019-11,0
vibe check,2019-12,0
vibe check,2020-01,0
vibe check,2020-02,0
vibe check,2020-03,0
vibe check,2020-04,0
vibe check,2020-05,0
vibe check,2020-06,28
vibe check,2020-07,23
vibe check,2020-08,18
vibe check,2020-09,33
vibe check,2020-10,31
vibe check,2020-11,18
vibe check,2020-12,21
vibe check,2021-01,17
vibe check,2021-02,24
vibe check,2021-03,20
vibe check,2021-04,16
vibe check,2021-05,15
vibe check,2021-06,6
vibe check,2021-07,11
vibe check,2021-08,11
vibe check,2021-09,12
vibe check,2021-10,18
vibe check,2021-11,10
vibe check,2021-12,12
vibe check,2022-01,17
vibe check,2022-02,13
vibe check,2022-03,14
vibe check,2022-04,16
vibe check,2022-05,25
vibe check,2022-06,38
vibe check,2022-07,57
vibe check,2022-08,58
vibe check,2022-09,146
vibe check,2022-10,397
vibe check,2022-11,812
vibe check,2022-12,849
vibe check,2023-01,951
vibe check,2023-02,953
vibe check,2023-03,1356
vibe check,2023-04,530
vibe check,2023-05,281
vibe check,2023-06,239
vibe check,2023-07,167
vibe check,2023-08,177
vibe check,2023-09,143
vibe check,2023-10,183
vibe check,2023-11,135
vibe check,2023-12,99
vibe check,2024-01,90
vibe check,2024-02,98
vibe check,2024-03,89
vibe check,2024-04,106
vibe check,2024-05,67
vibe check,2024-06,94
vibe check,2024-07,99
vibe check,2024-08,98
vibe check,2024-09,67
vibe check,2024-10,66
vibe check,2024-11,70
vibe check,2024-12,54
vibe check,2025-01,64
vibe check,2025-02,85
vibe check,2025-03,86
vibe check,2025-04,107
vibe check,2025-05,74
vibe check,2025-06,94
vibe check,2025-07,61
vibe check,2025-08,89
vibe check,2025-09,78
vibe check,2025-10,60
vibe check,2025-11,83
vibe check,2025-12,69
vibe check,2026-01,129
vibe check,2026-02,53
vibe check,2026-03,69
vibe check,2026-04,63
vibe check,2026-05,65
vibe check,2026-06,66
vibe check,2026-07,93
vibe check,2026-08,5
periodt,2015-07,0
periodt,2015-08,0
periodt,2015-09,0
periodt,2015-10,0
periodt,2015-11,0
periodt,2015-12,0
periodt,2016-01,0
periodt,2016-02,0
periodt,2016-03,0
periodt,2016-04,0
periodt,2016-05,0
periodt,2016-06,0
periodt,2016-07,0
periodt,2016-08,0
periodt,2016-09,0
periodt,2016-10,0
periodt,2016-11,0
periodt,2016-12,0
periodt,2017-01,0
periodt,2017-02,0
periodt,2017-03,0
periodt,2017-04,0
periodt,2017-05,0
periodt,2017-06,0
periodt,2017-07,0
periodt,2017-08,0
periodt,2017-09,0
periodt,2017-10,0
periodt,2017-11,0
periodt,2017-12,0
periodt,2018-01,0
periodt,2018-02,0
periodt,2018-03,0
periodt,2018-04,0
periodt,2018-05,0
periodt,2018-06,0
periodt,2018-07,0
periodt,2018-08,0
periodt,2018-09,0
periodt,2018-10,0
periodt,2018-11,0
periodt,2018-12,0
periodt,2019-01,0
periodt,2019-02,0
periodt,2019-03,0
periodt,2019-04,0
periodt,2019-05,0
periodt,2019-06,0
periodt,2019-07,0
periodt,2019-08,0
periodt,2019-09,0
periodt,2019-10,0
periodt,2019-11,0
periodt,2019-12,0
periodt,2020-01,0
periodt,2020-02,0
periodt,2020-03,0
periodt,2020-04,0
periodt,2020-05,0
periodt,2020-06,49
periodt,2020-07,33
periodt,2020-08,38
periodt,2020-09,26
periodt,2020-10,37
periodt,2020-11,70
periodt,2020-12,45
periodt,2021-01,46
periodt,2021-02,32
periodt,2021-03,45
periodt,2021-04,60
periodt,2021-05,49
periodt,2021-06,38
periodt,2021-07,34
periodt,2021-08,47
periodt,2021-09,32
periodt,2021-10,45
periodt,2021-11,38
periodt,2021-12,38
periodt,2022-01,50
periodt,2022-02,34
periodt,2022-03,43
periodt,2022-04,38
periodt,2022-05,55
periodt,2022-06,58
periodt,2022-07,101
periodt,2022-08,181
periodt,2022-09,243
periodt,2022-10,487
periodt,2022-11,788
periodt,2022-12,771
periodt,2023-01,814
periodt,2023-02,876
periodt,2023-03,354
periodt,2023-04,321
periodt,2023-05,253
periodt,2023-06,388
periodt,2023-07,520
periodt,2023-08,468
periodt,2023-09,444
periodt,2023-10,824
periodt,2023-11,301
periodt,2023-12,174
periodt,2024-01,182
periodt,2024-02,164
periodt,2024-03,139
periodt,2024-04,125
periodt,2024-05,109
periodt,2024-06,97
periodt,2024-07,96
periodt,2024-08,118
periodt,2024-09,120
periodt,2024-10,84
periodt,2024-11,87
periodt,2024-12,75
periodt,2025-01,94
periodt,2025-02,108
periodt,2025-03,128
periodt,2025-04,129
periodt,2025-05,262
periodt,2025-06,183
periodt,2025-07,119
periodt,2025-08,136
periodt,2025-09,170
periodt,2025-10,139
periodt,2025-11,206
periodt,2025-12,245
periodt,2026-01,243
periodt,2026-02,223
periodt,2026-03,169
periodt,2026-04,170
periodt,2026-05,153
periodt,2026-06,142
periodt,2026-07,126
periodt,2026-08,2
simp,2015-07,77
simp,2015-08,67
simp,2015-09,62
simp,2015-10,71
simp,2015-11,68
simp,2015-12,87
simp,2016-01,66
simp,2016-02,87
simp,2016-03,77
simp,2016-04,84
simp,2016-05,75
simp,2016-06,62
simp,2016-07,82
simp,2016-08,164
simp,2016-09,129
simp,2016-10,102
simp,2016-11,75
simp,2016-12,73
simp,2017-01,110
simp,2017-02,97
simp,2017-03,115
simp,2017-04,196
simp,2017-05,216
simp,2017-06,110
simp,2017-07,211
simp,2017-08,187
simp,2017-09,237
simp,2017-10,368
simp,2017-11,309
simp,2017-12,391
simp,2018-01,510
simp,2018-02,512
simp,2018-03,538
simp,2018-04,607
simp,2018-05,771
simp,2018-06,2980
simp,2018-07,1002
simp,2018-08,1230
simp,2018-09,1243
simp,2018-10,1255
simp,2018-11,1826
simp,2018-12,1977
simp,2019-01,1866
simp,2019-02,1779
simp,2019-03,2327
simp,2019-04,2327
simp,2019-05,2538
simp,2019-06,2567
simp,2019-07,2793
simp,2019-08,3941
simp,2019-09,6927
simp,2019-10,10774
simp,2019-11,14021
simp,2019-12,19472
simp,2020-01,37440
simp,2020-02,52912
simp,2020-03,98426
simp,2020-04,105481
simp,2020-05,69274
simp,2020-06,43239
simp,2020-07,64174
simp,2020-08,86125
simp,2020-09,119149
simp,2020-10,87980
simp,2020-11,78864
simp,2020-12,47676
simp,2021-01,10670
simp,2021-02,7418
simp,2021-03,6374
simp,2021-04,3233
simp,2021-05,2567
simp,2021-06,2381
simp,2021-07,2813
simp,2021-08,2262
simp,2021-09,2446
simp,2021-10,2132
simp,2021-11,1955
simp,2021-12,1973
simp,2022-01,1782
simp,2022-02,1639
simp,2022-03,1973
simp,2022-04,2036
simp,2022-05,2147
simp,2022-06,2140
simp,2022-07,2010
simp,2022-08,2038
simp,2022-09,2408
simp,2022-10,3310
simp,2022-11,3435
simp,2022-12,3647
simp,2023-01,3889
simp,2023-02,3541
simp,2023-03,3415
simp,2023-04,2609
simp,2023-05,2599
simp,2023-06,1949
simp,2023-07,1978
simp,2023-08,1975
simp,2023-09,2458
simp,2023-10,2425
simp,2023-11,1951
simp,2023-12,1538
simp,2024-01,1704
simp,2024-02,1446
simp,2024-03,1419
simp,2024-04,1239
simp,2024-05,1127
simp,2024-06,872
simp,2024-07,920
simp,2024-08,883
simp,2024-09,814
simp,2024-10,786
simp,2024-11,817
simp,2024-12,941
simp,2025-01,809
simp,2025-02,851
simp,2025-03,858
simp,2025-04,777
simp,2025-05,1808
simp,2025-06,909
simp,2025-07,788
simp,2025-08,939
simp,2025-09,824
simp,2025-10,641
simp,2025-11,734
simp,2025-12,761
simp,2026-01,717
simp,2026-02,644
simp,2026-03,695
simp,2026-04,713
simp,2026-05,641
simp,2026-06,712
simp,2026-07,797
simp,2026-08,19
stonks,2015-07,0
stonks,2015-08,3
stonks,2015-09,1
stonks,2015-10,2
stonks,2015-11,1
stonks,2015-12,2
stonks,2016-01,0
stonks,2016-02,1
stonks,2016-03,0
stonks,2016-04,3
stonks,2016-05,0
stonks,2016-06,2
stonks,2016-07,1
stonks,2016-08,6
stonks,2016-09,2
stonks,2016-10,2
stonks,2016-11,2
stonks,2016-12,1
stonks,2017-01,3
stonks,2017-02,1
stonks,2017-03,2
stonks,2017-04,7
stonks,2017-05,4
stonks,2017-06,5
stonks,2017-07,2
stonks,2017-08,3
stonks,2017-09,2
stonks,2017-10,3
stonks,2017-11,2
stonks,2017-12,3
stonks,2018-01,103
stonks,2018-02,34
stonks,2018-03,23
stonks,2018-04,13
stonks,2018-05,13
stonks,2018-06,4
stonks,2018-07,9
stonks,2018-08,8
stonks,2018-09,2
stonks,2018-10,5
stonks,2018-11,8
stonks,2018-12,6
stonks,2019-01,5
stonks,2019-02,12
stonks,2019-03,7
stonks,2019-04,7
stonks,2019-05,4
stonks,2019-06,666
stonks,2019-07,142
stonks,2019-08,77
stonks,2019-09,87
stonks,2019-10,87
stonks,2019-11,91
stonks,2019-12,104
stonks,2020-01,173
stonks,2020-02,166
stonks,2020-03,138
stonks,2020-04,104
stonks,2020-05,146
stonks,2020-06,183
stonks,2020-07,117
stonks,2020-08,253
stonks,2020-09,216
stonks,2020-10,85
stonks,2020-11,112
stonks,2020-12,78
stonks,2021-01,14985
stonks,2021-02,5701
stonks,2021-03,1492
stonks,2021-04,655
stonks,2021-05,516
stonks,2021-06,423
stonks,2021-07,312
stonks,2021-08,199
stonks,2021-09,234
stonks,2021-10,269
stonks,2021-11,216
stonks,2021-12,229
stonks,2022-01,245
stonks,2022-02,190
stonks,2022-03,254
stonks,2022-04,205
stonks,2022-05,191
stonks,2022-06,146
stonks,2022-07,185
stonks,2022-08,174
stonks,2022-09,153
stonks,2022-10,257
stonks,2022-11,162
stonks,2022-12,140
stonks,2023-01,155
stonks,2023-02,155
stonks,2023-03,174
stonks,2023-04,43
stonks,2023-05,39
stonks,2023-06,46
stonks,2023-07,47
stonks,2023-08,56
stonks,2023-09,100
stonks,2023-10,105
stonks,2023-11,86
stonks,2023-12,96
stonks,2024-01,160
stonks,2024-02,103
stonks,2024-03,105
stonks,2024-04,86
stonks,2024-05,59
stonks,2024-06,33
stonks,2024-07,60
stonks,2024-08,47
stonks,2024-09,61
stonks,2024-10,41
stonks,2024-11,44
stonks,2024-12,111
stonks,2025-01,144
stonks,2025-02,60
stonks,2025-03,58
stonks,2025-04,41
stonks,2025-05,54
stonks,2025-06,74
stonks,2025-07,42
stonks,2025-08,62
stonks,2025-09,76
stonks,2025-10,37
stonks,2025-11,32
stonks,2025-12,68
stonks,2026-01,40
stonks,2026-02,34
stonks,2026-03,48
stonks,2026-04,37
stonks,2026-05,42
stonks,2026-06,39
stonks,2026-07,34
stonks,2026-08,2
poggers,2015-07,0
poggers,2015-08,0
poggers,2015-09,0
poggers,2015-10,0
poggers,2015-11,0
poggers,2015-12,0
poggers,2016-01,0
poggers,2016-02,0
poggers,2016-03,0
poggers,2016-04,0
poggers,2016-05,0
poggers,2016-06,0
poggers,2016-07,0
poggers,2016-08,0
poggers,2016-09,0
poggers,2016-10,0
poggers,2016-11,0
poggers,2016-12,0
poggers,2017-01,0
poggers,2017-02,0
poggers,2017-03,0
poggers,2017-04,0
poggers,2017-05,0
poggers,2017-06,0
poggers,2017-07,0
poggers,2017-08,0
poggers,2017-09,0
poggers,2017-10,0
poggers,2017-11,0
poggers,2017-12,0
poggers,2018-01,0
poggers,2018-02,0
poggers,2018-03,0
poggers,2018-04,0
poggers,2018-05,0
poggers,2018-06,0
poggers,2018-07,0
poggers,2018-08,0
poggers,2018-09,0
poggers,2018-10,0
poggers,2018-11,0
poggers,2018-12,0
poggers,2019-01,0
poggers,2019-02,0
poggers,2019-03,0
poggers,2019-04,0
poggers,2019-05,0
poggers,2019-06,0
poggers,2019-07,0
poggers,2019-08,0
poggers,2019-09,0
poggers,2019-10,0
poggers,2019-11,0
poggers,2019-12,0
poggers,2020-01,0
poggers,2020-02,0
poggers,2020-03,0
poggers,2020-04,0
poggers,2020-05,0
poggers,2020-06,0
poggers,2020-07,0
poggers,2020-08,0
poggers,2020-09,0
poggers,2020-10,518
poggers,2020-11,894
poggers,2020-12,822
poggers,2021-01,916
poggers,2021-02,620
poggers,2021-03,692
poggers,2021-04,858
poggers,2021-05,600
poggers,2021-06,424
poggers,2021-07,207
poggers,2021-08,182
poggers,2021-09,161
poggers,2021-10,282
poggers,2021-11,262
poggers,2021-12,178
poggers,2022-01,181
poggers,2022-02,224
poggers,2022-03,337
poggers,2022-04,539
poggers,2022-05,737
poggers,2022-06,820
poggers,2022-07,593
poggers,2022-08,455
poggers,2022-09,750
poggers,2022-10,868
poggers,2022-11,1734
poggers,2022-12,593
poggers,2023-01,1032
poggers,2023-02,1303
poggers,2023-03,1015
poggers,2023-04,286
poggers,2023-05,283
poggers,2023-06,272
poggers,2023-07,190
poggers,2023-08,236
poggers,2023-09,213
poggers,2023-10,433
poggers,2023-11,325
poggers,2023-12,308
poggers,2024-01,425
poggers,2024-02,320
poggers,2024-03,246
poggers,2024-04,283
poggers,2024-05,173
poggers,2024-06,206
poggers,2024-07,5136
poggers,2024-08,542
poggers,2024-09,326
poggers,2024-10,271
poggers,2024-11,287
poggers,2024-12,257
poggers,2025-01,296
poggers,2025-02,1207
poggers,2025-03,494
poggers,2025-04,268
poggers,2025-05,246
poggers,2025-06,254
poggers,2025-07,447
poggers,2025-08,423
poggers,2025-09,346
poggers,2025-10,321
poggers,2025-11,269
poggers,2025-12,414
poggers,2026-01,378
poggers,2026-02,375
poggers,2026-03,303
poggers,2026-04,1048
poggers,2026-05,680
poggers,2026-06,438
poggers,2026-07,331
poggers,2026-08,18
no cap,2015-07,0
no cap,2015-08,0
no cap,2015-09,0
no cap,2015-10,0
no cap,2015-11,0
no cap,2015-12,0
no cap,2016-01,0
no cap,2016-02,0
no cap,2016-03,0
no cap,2016-04,0
no cap,2016-05,0
no cap,2016-06,0
no cap,2016-07,0
no cap,2016-08,0
no cap,2016-09,0
no cap,2016-10,0
no cap,2016-11,0
no cap,2016-12,0
no cap,2017-01,0
no cap,2017-02,0
no cap,2017-03,0
no cap,2017-04,0
no cap,2017-05,0
no cap,2017-06,0
no cap,2017-07,0
no cap,2017-08,0
no cap,2017-09,0
no cap,2017-10,0
no cap,2017-11,0
no cap,2017-12,0
no cap,2018-01,0
no cap,2018-02,0
no cap,2018-03,0
no cap,2018-04,0
no cap,2018-05,0
no cap,2018-06,0
no cap,2018-07,0
no cap,2018-08,0
no cap,2018-09,0
no cap,2018-10,0
no cap,2018-11,0
no cap,2018-12,0
no cap,2019-01,0
no cap,2019-02,0
no cap,2019-03,0
no cap,2019-04,0
no cap,2019-05,0
no cap,2019-06,0
no cap,2019-07,0
no cap,2019-08,0
no cap,2019-09,0
no cap,2019-10,0
no cap,2019-11,0
no cap,2019-12,0
no cap,2020-01,0
no cap,2020-02,0
no cap,2020-03,0
no cap,2020-04,0
no cap,2020-05,0
no cap,2020-06,0
no cap,2020-07,0
no cap,2020-08,14
no cap,2020-09,24
no cap,2020-10,30
no cap,2020-11,38
no cap,2020-12,70
no cap,2021-01,88
no cap,2021-02,85
no cap,2021-03,118
no cap,2021-04,93
no cap,2021-05,152
no cap,2021-06,126
no cap,2021-07,96
no cap,2021-08,109
no cap,2021-09,74
no cap,2021-10,69
no cap,2021-11,65
no cap,2021-12,62
no cap,2022-01,37
no cap,2022-02,67
no cap,2022-03,92
no cap,2022-04,79
no cap,2022-05,110
no cap,2022-06,221
no cap,2022-07,320
no cap,2022-08,385
no cap,2022-09,673
no cap,2022-10,2802
no cap,2022-11,3929
no cap,2022-12,3703
no cap,2023-01,5494
no cap,2023-02,3700
no cap,2023-03,3718
no cap,2023-04,1826
no cap,2023-05,769
no cap,2023-06,730
no cap,2023-07,595
no cap,2023-08,438
no cap,2023-09,451
no cap,2023-10,392
no cap,2023-11,486
no cap,2023-12,485
no cap,2024-01,448
no cap,2024-02,350
no cap,2024-03,325
no cap,2024-04,278
no cap,2024-05,363
no cap,2024-06,254
no cap,2024-07,310
no cap,2024-08,275
no cap,2024-09,332
no cap,2024-10,296
no cap,2024-11,240
no cap,2024-12,325
no cap,2025-01,294
no cap,2025-02,220
no cap,2025-03,217
no cap,2025-04,214
no cap,2025-05,236
no cap,2025-06,215
no cap,2025-07,212
no cap,2025-08,313
no cap,2025-09,235
no cap,2025-10,194
no cap,2025-11,201
no cap,2025-12,188
no cap,2026-01,285
no cap,2026-02,178
no cap,2026-03,179
no cap,2026-04,192
no cap,2026-05,225
no cap,2026-06,215
no cap,2026-07,263
no cap,2026-08,5
cap,2015-07,714
cap,2015-08,679
cap,2015-09,711
cap,2015-10,636
cap,2015-11,666
cap,2015-12,662
cap,2016-01,664
cap,2016-02,612
cap,2016-03,699
cap,2016-04,572
cap,2016-05,649
cap,2016-06,644
cap,2016-07,694
cap,2016-08,710
cap,2016-09,786
cap,2016-10,647
cap,2016-11,670
cap,2016-12,706
cap,2017-01,736
cap,2017-02,801
cap,2017-03,833
cap,2017-04,774
cap,2017-05,790
cap,2017-06,762
cap,2017-07,779
cap,2017-08,817
cap,2017-09,796
cap,2017-10,826
cap,2017-11,928
cap,2017-12,897
cap,2018-01,962
cap,2018-02,859
cap,2018-03,943
cap,2018-04,989
cap,2018-05,1159
cap,2018-06,1596
cap,2018-07,1230
cap,2018-08,1198
cap,2018-09,1049
cap,2018-10,1584
cap,2018-11,1398
cap,2018-12,1526
cap,2019-01,1633
cap,2019-02,1402
cap,2019-03,1393
cap,2019-04,1340
cap,2019-05,1377
cap,2019-06,1232
cap,2019-07,1184
cap,2019-08,1395
cap,2019-09,1676
cap,2019-10,2017
cap,2019-11,3720
cap,2019-12,2220
cap,2020-01,3151
cap,2020-02,3463
cap,2020-03,2561
cap,2020-04,2754
cap,2020-05,1440
cap,2020-06,1114
cap,2020-07,1205
cap,2020-08,1117
cap,2020-09,1195
cap,2020-10,1210
cap,2020-11,1168
cap,2020-12,1185
cap,2021-01,1165
cap,2021-02,1235
cap,2021-03,1346
cap,2021-04,1063
cap,2021-05,1141
cap,2021-06,1022
cap,2021-07,1000
cap,2021-08,1045
cap,2021-09,939
cap,2021-10,997
cap,2021-11,1036
cap,2021-12,1069
cap,2022-01,1138
cap,2022-02,1079
cap,2022-03,1355
cap,2022-04,1251
cap,2022-05,1354
cap,2022-06,1480
cap,2022-07,1533
cap,2022-08,1658
cap,2022-09,1786
cap,2022-10,2259
cap,2022-11,2857
cap,2022-12,2775
cap,2023-01,3097
cap,2023-02,2487
cap,2023-03,2739
cap,2023-04,2106
cap,2023-05,2189
cap,2023-06,2007
cap,2023-07,1969
cap,2023-08,1905
cap,2023-09,1758
cap,2023-10,1881
cap,2023-11,1863
cap,2023-12,2057
cap,2024-01,1889
cap,2024-02,1754
cap,2024-03,2104
cap,2024-04,1976
cap,2024-05,1803
cap,2024-06,1569
cap,2024-07,1759
cap,2024-08,1592
cap,2024-09,1587
cap,2024-10,1558
cap,2024-11,1537
cap,2024-12,1398
cap,2025-01,1670
cap,2025-02,1702
cap,2025-03,1707
cap,2025-04,1538
cap,2025-05,1767
cap,2025-06,1797
cap,2025-07,1465
cap,2025-08,1774
cap,2025-09,1917
cap,2025-10,1612
cap,2025-11,1404
cap,2025-12,1596
cap,2026-01,1631
cap,2026-02,1434
cap,2026-03,1650
cap,2026-04,1942
cap,2026-05,1622
cap,2026-06,1579
cap,2026-07,1440
cap,2026-08,31
bussin,2015-07,3
bussin,2015-08,1
bussin,2015-09,4
bussin,2015-10,0
bussin,2015-11,1
bussin,2015-12,2
bussin,2016-01,1
bussin,2016-02,4
bussin,2016-03,4
bussin,2016-04,2
bussin,2016-05,1
bussin,2016-06,1
bussin,2016-07,0
bussin,2016-08,0
bussin,2016-09,0
bussin,2016-10,0
bussin,2016-11,1
bussin,2016-12,1
bussin,2017-01,0
bussin,2017-02,3
bussin,2017-03,2
bussin,2017-04,14
bussin,2017-05,15
bussin,2017-06,40
bussin,2017-07,20
bussin,2017-08,8
bussin,2017-09,16
bussin,2017-10,11
bussin,2017-11,8
bussin,2017-12,3
bussin,2018-01,4
bussin,2018-02,1
bussin,2018-03,10
bussin,2018-04,8
bussin,2018-05,15
bussin,2018-06,15
bussin,2018-07,13
bussin,2018-08,12
bussin,2018-09,8
bussin,2018-10,20
bussin,2018-11,20
bussin,2018-12,19
bussin,2019-01,48
bussin,2019-02,12
bussin,2019-03,6
bussin,2019-04,3
bussin,2019-05,3
bussin,2019-06,6
bussin,2019-07,2
bussin,2019-08,8
bussin,2019-09,13
bussin,2019-10,8
bussin,2019-11,2
bussin,2019-12,2
bussin,2020-01,4
bussin,2020-02,4
bussin,2020-03,4
bussin,2020-04,2
bussin,2020-05,5
bussin,2020-06,0
bussin,2020-07,1
bussin,2020-08,4
bussin,2020-09,2
bussin,2020-10,4
bussin,2020-11,5
bussin,2020-12,4
bussin,2021-01,5
bussin,2021-02,18
bussin,2021-03,87
bussin,2021-04,62
bussin,2021-05,98
bussin,2021-06,109
bussin,2021-07,85
bussin,2021-08,73
bussin,2021-09,69
bussin,2021-10,80
bussin,2021-11,67
bussin,2021-12,67
bussin,2022-01,47
bussin,2022-02,72
bussin,2022-03,102
bussin,2022-04,79
bussin,2022-05,71
bussin,2022-06,179
bussin,2022-07,134
bussin,2022-08,2200
bussin,2022-09,167
bussin,2022-10,179
bussin,2022-11,282
bussin,2022-12,277
bussin,2023-01,355
bussin,2023-02,279
bussin,2023-03,215
bussin,2023-04,154
bussin,2023-05,193
bussin,2023-06,132
bussin,2023-07,149
bussin,2023-08,201
bussin,2023-09,111
bussin,2023-10,174
bussin,2023-11,142
bussin,2023-12,100
bussin,2024-01,131
bussin,2024-02,91
bussin,2024-03,119
bussin,2024-04,100
bussin,2024-05,90
bussin,2024-06,92
bussin,2024-07,71
bussin,2024-08,93
bussin,2024-09,75
bussin,2024-10,87
bussin,2024-11,87
bussin,2024-12,86
bussin,2025-01,123
bussin,2025-02,86
bussin,2025-03,94
bussin,2025-04,80
bussin,2025-05,75
bussin,2025-06,68
bussin,2025-07,103
bussin,2025-08,108
bussin,2025-09,111
bussin,2025-10,95
bussin,2025-11,88
bussin,2025-12,89
bussin,2026-01,79
bussin,2026-02,59
bussin,2026-03,69
bussin,2026-04,58
bussin,2026-05,87
bussin,2026-06,62
bussin,2026-07,629
bussin,2026-08,2
sus,2015-07,594
sus,2015-08,572
sus,2015-09,686
sus,2015-10,858
sus,2015-11,898
sus,2015-12,723
sus,2016-01,782
sus,2016-02,940
sus,2016-03,854
sus,2016-04,908
sus,2016-05,773
sus,2016-06,593
sus,2016-07,542
sus,2016-08,595
sus,2016-09,758
sus,2016-10,813
sus,2016-11,807
sus,2016-12,750
sus,2017-01,836
sus,2017-02,870
sus,2017-03,1071
sus,2017-04,972
sus,2017-05,1081
sus,2017-06,745
sus,2017-07,680
sus,2017-08,871
sus,2017-09,936
sus,2017-10,986
sus,2017-11,1015
sus,2017-12,833
sus,2018-01,928
sus,2018-02,824
sus,2018-03,1023
sus,2018-04,1022
sus,2018-05,1077
sus,2018-06,962
sus,2018-07,944
sus,2018-08,827
sus,2018-09,916
sus,2018-10,1193
sus,2018-11,1433
sus,2018-12,1394
sus,2019-01,1463
sus,2019-02,1490
sus,2019-03,1380
sus,2019-04,1383
sus,2019-05,1371
sus,2019-06,1090
sus,2019-07,1439
sus,2019-08,2326
sus,2019-09,2338
sus,2019-10,2583
sus,2019-11,2431
sus,2019-12,1443
sus,2020-01,1404
sus,2020-02,1149
sus,2020-03,1342
sus,2020-04,1501
sus,2020-05,1222
sus,2020-06,916
sus,2020-07,867
sus,2020-08,864
sus,2020-09,1671
sus,2020-10,2352
sus,2020-11,1654
sus,2020-12,1385
sus,2021-01,1651
sus,2021-02,2279
sus,2021-03,3003
sus,2021-04,3263
sus,2021-05,3003
sus,2021-06,2442
sus,2021-07,2051
sus,2021-08,2037
sus,2021-09,2454
sus,2021-10,2321
sus,2021-11,2140
sus,2021-12,1909
sus,2022-01,2294
sus,2022-02,2195
sus,2022-03,2348
sus,2022-04,2156
sus,2022-05,2432
sus,2022-06,2336
sus,2022-07,1591
sus,2022-08,1663
sus,2022-09,2426
sus,2022-10,3184
sus,2022-11,2982
sus,2022-12,2369
sus,2023-01,2510
sus,2023-02,2430
sus,2023-03,2734
sus,2023-04,2827
sus,2023-05,2996
sus,2023-06,2596
sus,2023-07,2442
sus,2023-08,2182
sus,2023-09,2265
sus,2023-10,2262
sus,2023-11,2335
sus,2023-12,2263
sus,2024-01,2302
sus,2024-02,2232
sus,2024-03,2521
sus,2024-04,2781
sus,2024-05,2416
sus,2024-06,2031
sus,2024-07,1871
sus,2024-08,1779
sus,2024-09,1991
sus,2024-10,2105
sus,2024-11,1910
sus,2024-12,2149
sus,2025-01,2276
sus,2025-02,1767
sus,2025-03,1776
sus,2025-04,1675
sus,2025-05,1685
sus,2025-06,1647
sus,2025-07,1483
sus,2025-08,1518
sus,2025-09,2088
sus,2025-10,1732
sus,2025-11,1621
sus,2025-12,1607
sus,2026-01,1608
sus,2026-02,1474
sus,2026-03,1435
sus,2026-04,1522
sus,2026-05,1517
sus,2026-06,1414
sus,2026-07,1259
sus,2026-08,64
doomscrolling,2015-07,0
doomscrolling,2015-08,0
doomscrolling,2015-09,0
doomscrolling,2015-10,0
doomscrolling,2015-11,0
doomscrolling,2015-12,0
doomscrolling,2016-01,0
doomscrolling,2016-02,0
doomscrolling,2016-03,0
doomscrolling,2016-04,0
doomscrolling,2016-05,0
doomscrolling,2016-06,0
doomscrolling,2016-07,0
doomscrolling,2016-08,0
doomscrolling,2016-09,0
doomscrolling,2016-10,0
doomscrolling,2016-11,0
doomscrolling,2016-12,0
doomscrolling,2017-01,0
doomscrolling,2017-02,0
doomscrolling,2017-03,0
doomscrolling,2017-04,0
doomscrolling,2017-05,0
doomscrolling,2017-06,0
doomscrolling,2017-07,0
doomscrolling,2017-08,0
doomscrolling,2017-09,0
doomscrolling,2017-10,0
doomscrolling,2017-11,0
doomscrolling,2017-12,0
doomscrolling,2018-01,0
doomscrolling,2018-02,0
doomscrolling,2018-03,0
doomscrolling,2018-04,0
doomscrolling,2018-05,0
doomscrolling,2018-06,0
doomscrolling,2018-07,0
doomscrolling,2018-08,0
doomscrolling,2018-09,0
doomscrolling,2018-10,0
doomscrolling,2018-11,0
doomscrolling,2018-12,0
doomscrolling,2019-01,0
doomscrolling,2019-02,0
doomscrolling,2019-03,0
doomscrolling,2019-04,0
doomscrolling,2019-05,0
doomscrolling,2019-06,0
doomscrolling,2019-07,0
doomscrolling,2019-08,0
doomscrolling,2019-09,0
doomscrolling,2019-10,0
doomscrolling,2019-11,0
doomscrolling,2019-12,0
doomscrolling,2020-01,0
doomscrolling,2020-02,0
doomscrolling,2020-03,0
doomscrolling,2020-04,0
doomscrolling,2020-05,0
doomscrolling,2020-06,0
doomscrolling,2020-07,44
doomscrolling,2020-08,85
doomscrolling,2020-09,106
doomscrolling,2020-10,135
doomscrolling,2020-11,204
doomscrolling,2020-12,152
doomscrolling,2021-01,144
doomscrolling,2021-02,66
doomscrolling,2021-03,69
doomscrolling,2021-04,62
doomscrolling,2021-05,61
doomscrolling,2021-06,62
doomscrolling,2021-07,27
doomscrolling,2021-08,54
doomscrolling,2021-09,49
doomscrolling,2021-10,47
doomscrolling,2021-11,40
doomscrolling,2021-12,65
doomscrolling,2022-01,70
doomscrolling,2022-02,95
doomscrolling,2022-03,137
doomscrolling,2022-04,79
doomscrolling,2022-05,83
doomscrolling,2022-06,73
doomscrolling,2022-07,75
doomscrolling,2022-08,98
doomscrolling,2022-09,92
doomscrolling,2022-10,101
doomscrolling,2022-11,113
doomscrolling,2022-12,108
doomscrolling,2023-01,116
doomscrolling,2023-02,150
doomscrolling,2023-03,103
doomscrolling,2023-04,104
doomscrolling,2023-05,111
doomscrolling,2023-06,101
doomscrolling,2023-07,122
doomscrolling,2023-08,135
doomscrolling,2023-09,201
doomscrolling,2023-10,179
doomscrolling,2023-11,147
doomscrolling,2023-12,141
doomscrolling,2024-01,167
doomscrolling,2024-02,193
doomscrolling,2024-03,192
doomscrolling,2024-04,158
doomscrolling,2024-05,196
doomscrolling,2024-06,185
doomscrolling,2024-07,217
doomscrolling,2024-08,193
doomscrolling,2024-09,166
doomscrolling,2024-10,216
doomscrolling,2024-11,258
doomscrolling,2024-12,261
doomscrolling,2025-01,259
doomscrolling,2025-02,213
doomscrolling,2025-03,281
doomscrolling,2025-04,232
doomscrolling,2025-05,167
doomscrolling,2025-06,181
doomscrolling,2025-07,207
doomscrolling,2025-08,231
doomscrolling,2025-09,311
doomscrolling,2025-10,243
doomscrolling,2025-11,329
doomscrolling,2025-12,291
doomscrolling,2026-01,301
doomscrolling,2026-02,261
doomscrolling,2026-03,294
doomscrolling,2026-04,399
doomscrolling,2026-05,246
doomscrolling,2026-06,219
doomscrolling,2026-07,266
doomscrolling,2026-08,8
hits different,2015-07,0
hits different,2015-08,0
hits different,2015-09,0
hits different,2015-10,0
hits different,2015-11,0
hits different,2015-12,0
hits different,2016-01,0
hits different,2016-02,0
hits different,2016-03,0
hits different,2016-04,0
hits different,2016-05,0
hits different,2016-06,0
hits different,2016-07,0
hits different,2016-08,0
hits different,2016-09,0
hits different,2016-10,0
hits different,2016-11,0
hits different,2016-12,0
hits different,2017-01,0
hits different,2017-02,0
hits different,2017-03,0
hits different,2017-04,0
hits different,2017-05,0
hits different,2017-06,0
hits different,2017-07,0
hits different,2017-08,0
hits different,2017-09,0
hits different,2017-10,0
hits different,2017-11,0
hits different,2017-12,0
hits different,2018-01,0
hits different,2018-02,0
hits different,2018-03,0
hits different,2018-04,0
hits different,2018-05,0
hits different,2018-06,0
hits different,2018-07,0
hits different,2018-08,0
hits different,2018-09,0
hits different,2018-10,0
hits different,2018-11,0
hits different,2018-12,0
hits different,2019-01,0
hits different,2019-02,0
hits different,2019-03,0
hits different,2019-04,0
hits different,2019-05,0
hits different,2019-06,0
hits different,2019-07,0
hits different,2019-08,0
hits different,2019-09,0
hits different,2019-10,0
hits different,2019-11,0
hits different,2019-12,0
hits different,2020-01,0
hits different,2020-02,0
hits different,2020-03,0
hits different,2020-04,0
hits different,2020-05,0
hits different,2020-06,0
hits different,2020-07,0
hits different,2020-08,0
hits different,2020-09,0
hits different,2020-10,0
hits different,2020-11,0
hits different,2020-12,0
hits different,2021-01,0
hits different,2021-02,0
hits different,2021-03,0
hits different,2021-04,0
hits different,2021-05,0
hits different,2021-06,0
hits different,2021-07,0
hits different,2021-08,0
hits different,2021-09,0
hits different,2021-10,0
hits different,2021-11,0
hits different,2021-12,0
hits different,2022-01,0
hits different,2022-02,0
hits different,2022-03,0
hits different,2022-04,0
hits different,2022-05,0
hits different,2022-06,0
hits different,2022-07,0
hits different,2022-08,0
hits different,2022-09,0
hits different,2022-10,0
hits different,2022-11,0
hits different,2022-12,0
hits different,2023-01,6
hits different,2023-02,2
hits different,2023-03,1
hits different,2023-04,4
hits different,2023-05,10
hits different,2023-06,6
hits different,2023-07,7
hits different,2023-08,5
hits different,2023-09,7
hits different,2023-10,12
hits different,2023-11,10
hits different,2023-12,6
hits different,2024-01,7
hits different,2024-02,3
hits different,2024-03,19
hits different,2024-04,14
hits different,2024-05,6
hits different,2024-06,14
hits different,2024-07,1
hits different,2024-08,1
hits different,2024-09,11
hits different,2024-10,7
hits different,2024-11,3
hits different,2024-12,12
hits different,2025-01,5
hits different,2025-02,10
hits different,2025-03,8
hits different,2025-04,9
hits different,2025-05,8
hits different,2025-06,8
hits different,2025-07,3
hits different,2025-08,12
hits different,2025-09,10
hits different,2025-10,14
hits different,2025-11,8
hits different,2025-12,13
hits different,2026-01,5
hits different,2026-02,3
hits different,2026-03,6
hits different,2026-04,3
hits different,2026-05,9
hits different,2026-06,4
hits different,2026-07,6
hits different,2026-08,0
main character,2015-07,0
main character,2015-08,0
main character,2015-09,0
main character,2015-10,0
main character,2015-11,0
main character,2015-12,0
main character,2016-01,0
main character,2016-02,0
main character,2016-03,0
main character,2016-04,0
main character,2016-05,0
main character,2016-06,0
main character,2016-07,0
main character,2016-08,0
main character,2016-09,0
main character,2016-10,0
main character,2016-11,0
main character,2016-12,0
main character,2017-01,0
main character,2017-02,0
main character,2017-03,0
main character,2017-04,0
main character,2017-05,0
main character,2017-06,0
main character,2017-07,0
main character,2017-08,0
main character,2017-09,0
main character,2017-10,0
main character,2017-11,0
main character,2017-12,0
main character,2018-01,0
main character,2018-02,0
main character,2018-03,0
main character,2018-04,0
main character,2018-05,0
main character,2018-06,0
main character,2018-07,0
main character,2018-08,0
main character,2018-09,0
main character,2018-10,0
main character,2018-11,0
main character,2018-12,0
main character,2019-01,0
main character,2019-02,0
main character,2019-03,0
main character,2019-04,0
main character,2019-05,0
main character,2019-06,0
main character,2019-07,0
main character,2019-08,0
main character,2019-09,0
main character,2019-10,0
main character,2019-11,0
main character,2019-12,0
main character,2020-01,0
main character,2020-02,0
main character,2020-03,0
main character,2020-04,0
main character,2020-05,0
main character,2020-06,0
main character,2020-07,0
main character,2020-08,0
main character,2020-09,0
main character,2020-10,0
main character,2020-11,0
main character,2020-12,0
main character,2021-01,0
main character,2021-02,0
main character,2021-03,0
main character,2021-04,0
main character,2021-05,0
main character,2021-06,0
main character,2021-07,0
main character,2021-08,0
main character,2021-09,0
main character,2021-10,0
main character,2021-11,0
main character,2021-12,0
main character,2022-01,0
main character,2022-02,0
main character,2022-03,0
main character,2022-04,0
main character,2022-05,0
main character,2022-06,0
main character,2022-07,0
main character,2022-08,0
main character,2022-09,0
main character,2022-10,0
main character,2022-11,0
main character,2022-12,0
main character,2023-01,0
main character,2023-02,0
main character,2023-03,68
main character,2023-04,25
main character,2023-05,58
main character,2023-06,49
main character,2023-07,51
main character,2023-08,55
main character,2023-09,50
main character,2023-10,47
main character,2023-11,47
main character,2023-12,47
main character,2024-01,50
main character,2024-02,34
main character,2024-03,35
main character,2024-04,85
main character,2024-05,55
main character,2024-06,37
main character,2024-07,53
main character,2024-08,72
main character,2024-09,64
main character,2024-10,48
main character,2024-11,68
main character,2024-12,75
main character,2025-01,84
main character,2025-02,74
main character,2025-03,90
main character,2025-04,71
main character,2025-05,60
main character,2025-06,45
main character,2025-07,48
main character,2025-08,77
main character,2025-09,96
main character,2025-10,45
main character,2025-11,44
main character,2025-12,53
main character,2026-01,48
main character,2026-02,66
main character,2026-03,63
main character,2026-04,41
main character,2026-05,55
main character,2026-06,67
main character,2026-07,78
main character,2026-08,2
rent free,2015-07,0
rent free,2015-08,0
rent free,2015-09,0
rent free,2015-10,0
rent free,2015-11,0
rent free,2015-12,0
rent free,2016-01,0
rent free,2016-02,0
rent free,2016-03,0
rent free,2016-04,0
rent free,2016-05,0
rent free,2016-06,0
rent free,2016-07,0
rent free,2016-08,0
rent free,2016-09,0
rent free,2016-10,0
rent free,2016-11,0
rent free,2016-12,0
rent free,2017-01,0
rent free,2017-02,0
rent free,2017-03,0
rent free,2017-04,0
rent free,2017-05,0
rent free,2017-06,0
rent free,2017-07,0
rent free,2017-08,0
rent free,2017-09,0
rent free,2017-10,0
rent free,2017-11,0
rent free,2017-12,0
rent free,2018-01,0
rent free,2018-02,0
rent free,2018-03,0
rent free,2018-04,0
rent free,2018-05,0
rent free,2018-06,0
rent free,2018-07,0
rent free,2018-08,0
rent free,2018-09,0
rent free,2018-10,0
rent free,2018-11,0
rent free,2018-12,0
rent free,2019-01,0
rent free,2019-02,0
rent free,2019-03,0
rent free,2019-04,0
rent free,2019-05,0
rent free,2019-06,0
rent free,2019-07,0
rent free,2019-08,0
rent free,2019-09,0
rent free,2019-10,0
rent free,2019-11,0
rent free,2019-12,0
rent free,2020-01,0
rent free,2020-02,0
rent free,2020-03,0
rent free,2020-04,0
rent free,2020-05,0
rent free,2020-06,0
rent free,2020-07,0
rent free,2020-08,0
rent free,2020-09,0
rent free,2020-10,0
rent free,2020-11,0
rent free,2020-12,0
rent free,2021-01,0
rent free,2021-02,0
rent free,2021-03,0
rent free,2021-04,0
rent free,2021-05,0
rent free,2021-06,0
rent free,2021-07,0
rent free,2021-08,0
rent free,2021-09,0
rent free,2021-10,0
rent free,2021-11,0
rent free,2021-12,0
rent free,2022-01,0
rent free,2022-02,0
rent free,2022-03,0
rent free,2022-04,0
rent free,2022-05,0
rent free,2022-06,0
rent free,2022-07,0
rent free,2022-08,0
rent free,2022-09,0
rent free,2022-10,0
rent free,2022-11,0
rent free,2022-12,0
rent free,2023-01,0
rent free,2023-02,0
rent free,2023-03,0
rent free,2023-04,0
rent free,2023-05,0
rent free,2023-06,0
rent free,2023-07,0
rent free,2023-08,0
rent free,2023-09,0
rent free,2023-10,0
rent free,2023-11,0
rent free,2023-12,0
rent free,2024-01,0
rent free,2024-02,0
rent free,2024-03,0
rent free,2024-04,0
rent free,2024-05,0
rent free,2024-06,0
rent free,2024-07,0
rent free,2024-08,0
rent free,2024-09,0
rent free,2024-10,0
rent free,2024-11,29
rent free,2024-12,12
rent free,2025-01,18
rent free,2025-02,15
rent free,2025-03,12
rent free,2025-04,15
rent free,2025-05,11
rent free,2025-06,10
rent free,2025-07,19
rent free,2025-08,17
rent free,2025-09,15
rent free,2025-10,10
rent free,2025-11,10
rent free,2025-12,13
rent free,2026-01,10
rent free,2026-02,10
rent free,2026-03,12
rent free,2026-04,10
rent free,2026-05,12
rent free,2026-06,14
rent free,2026-07,16
rent free,2026-08,1
iykyk,2015-07,0
iykyk,2015-08,0
iykyk,2015-09,0
iykyk,2015-10,0
iykyk,2015-11,0
iykyk,2015-12,0
iykyk,2016-01,0
iykyk,2016-02,0
iykyk,2016-03,0
iykyk,2016-04,0
iykyk,2016-05,0
iykyk,2016-06,0
iykyk,2016-07,0
iykyk,2016-08,0
iykyk,2016-09,0
iykyk,2016-10,0
iykyk,2016-11,0
iykyk,2016-12,0
iykyk,2017-01,0
iykyk,2017-02,0
iykyk,2017-03,0
iykyk,2017-04,0
iykyk,2017-05,0
iykyk,2017-06,0
iykyk,2017-07,0
iykyk,2017-08,0
iykyk,2017-09,0
iykyk,2017-10,0
iykyk,2017-11,0
iykyk,2017-12,0
iykyk,2018-01,0
iykyk,2018-02,0
iykyk,2018-03,0
iykyk,2018-04,0
iykyk,2018-05,0
iykyk,2018-06,0
iykyk,2018-07,0
iykyk,2018-08,0
iykyk,2018-09,0
iykyk,2018-10,0
iykyk,2018-11,0
iykyk,2018-12,0
iykyk,2019-01,0
iykyk,2019-02,0
iykyk,2019-03,0
iykyk,2019-04,0
iykyk,2019-05,0
iykyk,2019-06,0
iykyk,2019-07,0
iykyk,2019-08,0
iykyk,2019-09,0
iykyk,2019-10,0
iykyk,2019-11,0
iykyk,2019-12,0
iykyk,2020-01,0
iykyk,2020-02,0
iykyk,2020-03,0
iykyk,2020-04,0
iykyk,2020-05,0
iykyk,2020-06,0
iykyk,2020-07,0
iykyk,2020-08,0
iykyk,2020-09,0
iykyk,2020-10,0
iykyk,2020-11,0
iykyk,2020-12,0
iykyk,2021-01,0
iykyk,2021-02,0
iykyk,2021-03,0
iykyk,2021-04,0
iykyk,2021-05,0
iykyk,2021-06,0
iykyk,2021-07,0
iykyk,2021-08,0
iykyk,2021-09,0
iykyk,2021-10,0
iykyk,2021-11,0
iykyk,2021-12,0
iykyk,2022-01,0
iykyk,2022-02,0
iykyk,2022-03,0
iykyk,2022-04,0
iykyk,2022-05,0
iykyk,2022-06,0
iykyk,2022-07,0
iykyk,2022-08,0
iykyk,2022-09,0
iykyk,2022-10,0
iykyk,2022-11,0
iykyk,2022-12,0
iykyk,2023-01,0
iykyk,2023-02,0
iykyk,2023-03,0
iykyk,2023-04,0
iykyk,2023-05,0
iykyk,2023-06,0
iykyk,2023-07,0
iykyk,2023-08,0
iykyk,2023-09,0
iykyk,2023-10,40
iykyk,2023-11,21
iykyk,2023-12,21
iykyk,2024-01,23
iykyk,2024-02,36
iykyk,2024-03,23
iykyk,2024-04,24
iykyk,2024-05,21
iykyk,2024-06,28
iykyk,2024-07,41
iykyk,2024-08,28
iykyk,2024-09,19
iykyk,2024-10,24
iykyk,2024-11,40
iykyk,2024-12,45
iykyk,2025-01,36
iykyk,2025-02,39
iykyk,2025-03,35
iykyk,2025-04,23
iykyk,2025-05,34
iykyk,2025-06,36
iykyk,2025-07,30
iykyk,2025-08,40
iykyk,2025-09,78
iykyk,2025-10,32
iykyk,2025-11,50
iykyk,2025-12,35
iykyk,2026-01,33
iykyk,2026-02,35
iykyk,2026-03,31
iykyk,2026-04,36
iykyk,2026-05,31
iykyk,2026-06,32
iykyk,2026-07,29
iykyk,2026-08,2
Karen,2015-07,238
Karen,2015-08,240
Karen,2015-09,224
Karen,2015-10,190
Karen,2015-11,249
Karen,2015-12,183
Karen,2016-01,191
Karen,2016-02,169
Karen,2016-03,191
Karen,2016-04,200
Karen,2016-05,263
Karen,2016-06,241
Karen,2016-07,249
Karen,2016-08,243
Karen,2016-09,215
Karen,2016-10,199
Karen,2016-11,245
Karen,2016-12,358
Karen,2017-01,245
Karen,2017-02,247
Karen,2017-03,249
Karen,2017-04,362
Karen,2017-05,291
Karen,2017-06,254
Karen,2017-07,234
Karen,2017-08,248
Karen,2017-09,278
Karen,2017-10,261
Karen,2017-11,319
Karen,2017-12,405
Karen,2018-01,283
Karen,2018-02,330
Karen,2018-03,536
Karen,2018-04,430
Karen,2018-05,407
Karen,2018-06,380
Karen,2018-07,425
Karen,2018-08,505
Karen,2018-09,475
Karen,2018-10,447
Karen,2018-11,475
Karen,2018-12,410
Karen,2019-01,497
Karen,2019-02,344
Karen,2019-03,416
Karen,2019-04,390
Karen,2019-05,417
Karen,2019-06,401
Karen,2019-07,525
Karen,2019-08,879
Karen,2019-09,943
Karen,2019-10,1019
Karen,2019-11,1004
Karen,2019-12,758
Karen,2020-01,618
Karen,2020-02,990
Karen,2020-03,1230
Karen,2020-04,1858
Karen,2020-05,1686
Karen,2020-06,1679
Karen,2020-07,2215
Karen,2020-08,1350
Karen,2020-09,1176
Karen,2020-10,991
Karen,2020-11,860
Karen,2020-12,755
Karen,2021-01,922
Karen,2021-02,965
Karen,2021-03,880
Karen,2021-04,771
Karen,2021-05,810
Karen,2021-06,689
Karen,2021-07,601
Karen,2021-08,602
Karen,2021-09,594
Karen,2021-10,579
Karen,2021-11,590
Karen,2021-12,625
Karen,2022-01,638
Karen,2022-02,526
Karen,2022-03,545
Karen,2022-04,616
Karen,2022-05,676
Karen,2022-06,715
Karen,2022-07,820
Karen,2022-08,900
Karen,2022-09,907
Karen,2022-10,1057
Karen,2022-11,1108
Karen,2022-12,1010
Karen,2023-01,1306
Karen,2023-02,1115
Karen,2023-03,1162
Karen,2023-04,967
Karen,2023-05,1101
Karen,2023-06,1067
Karen,2023-07,1212
Karen,2023-08,1014
Karen,2023-09,936
Karen,2023-10,931
Karen,2023-11,829
Karen,2023-12,1474
Karen,2024-01,840
Karen,2024-02,801
Karen,2024-03,1487
Karen,2024-04,859
Karen,2024-05,819
Karen,2024-06,692
Karen,2024-07,794
Karen,2024-08,791
Karen,2024-09,571
Karen,2024-10,717
Karen,2024-11,662
Karen,2024-12,744
Karen,2025-01,745
Karen,2025-02,691
Karen,2025-03,726
Karen,2025-04,624
Karen,2025-05,743
Karen,2025-06,876
Karen,2025-07,676
Karen,2025-08,727
Karen,2025-09,932
Karen,2025-10,690
Karen,2025-11,699
Karen,2025-12,788
Karen,2026-01,873
Karen,2026-02,642
Karen,2026-03,669
Karen,2026-04,483
Karen,2026-05,691
Karen,2026-06,542
Karen,2026-07,624
Karen,2026-08,23
cheugy,2015-07,0
cheugy,2015-08,0
cheugy,2015-09,0
cheugy,2015-10,0
cheugy,2015-11,0
cheugy,2015-12,0
cheugy,2016-01,0
cheugy,2016-02,0
cheugy,2016-03,0
cheugy,2016-04,0
cheugy,2016-05,0
cheugy,2016-06,0
cheugy,2016-07,0
cheugy,2016-08,0
cheugy,2016-09,0
cheugy,2016-10,0
cheugy,2016-11,0
cheugy,2016-12,0
cheugy,2017-01,0
cheugy,2017-02,0
cheugy,2017-03,0
cheugy,2017-04,0
cheugy,2017-05,0
cheugy,2017-06,0
cheugy,2017-07,0
cheugy,2017-08,0
cheugy,2017-09,0
cheugy,2017-10,0
cheugy,2017-11,0
cheugy,2017-12,0
cheugy,2018-01,0
cheugy,2018-02,0
cheugy,2018-03,0
cheugy,2018-04,0
cheugy,2018-05,0
cheugy,2018-06,0
cheugy,2018-07,0
cheugy,2018-08,0
cheugy,2018-09,0
cheugy,2018-10,0
cheugy,2018-11,0
cheugy,2018-12,0
cheugy,2019-01,0
cheugy,2019-02,0
cheugy,2019-03,0
cheugy,2019-04,0
cheugy,2019-05,0
cheugy,2019-06,0
cheugy,2019-07,0
cheugy,2019-08,0
cheugy,2019-09,0
cheugy,2019-10,0
cheugy,2019-11,0
cheugy,2019-12,0
cheugy,2020-01,0
cheugy,2020-02,0
cheugy,2020-03,0
cheugy,2020-04,0
cheugy,2020-05,0
cheugy,2020-06,0
cheugy,2020-07,0
cheugy,2020-08,0
cheugy,2020-09,0
cheugy,2020-10,0
cheugy,2020-11,0
cheugy,2020-12,0
cheugy,2021-01,0
cheugy,2021-02,0
cheugy,2021-03,0
cheugy,2021-04,0
cheugy,2021-05,237
cheugy,2021-06,182
cheugy,2021-07,196
cheugy,2021-08,84
cheugy,2021-09,78
cheugy,2021-10,57
cheugy,2021-11,308
cheugy,2021-12,552
cheugy,2022-01,359
cheugy,2022-02,278
cheugy,2022-03,293
cheugy,2022-04,271
cheugy,2022-05,200
cheugy,2022-06,225
cheugy,2022-07,193
cheugy,2022-08,174
cheugy,2022-09,135
cheugy,2022-10,140
cheugy,2022-11,440
cheugy,2022-12,324
cheugy,2023-01,253
cheugy,2023-02,257
cheugy,2023-03,274
cheugy,2023-04,229
cheugy,2023-05,326
cheugy,2023-06,174
cheugy,2023-07,299
cheugy,2023-08,248
cheugy,2023-09,252
cheugy,2023-10,250
cheugy,2023-11,292
cheugy,2023-12,281
cheugy,2024-01,251
cheugy,2024-02,218
cheugy,2024-03,276
cheugy,2024-04,248
cheugy,2024-05,238
cheugy,2024-06,234
cheugy,2024-07,236
cheugy,2024-08,252
cheugy,2024-09,240
cheugy,2024-10,180
cheugy,2024-11,211
cheugy,2024-12,170
cheugy,2025-01,135
cheugy,2025-02,144
cheugy,2025-03,154
cheugy,2025-04,112
cheugy,2025-05,185
cheugy,2025-06,143
cheugy,2025-07,148
cheugy,2025-08,150
cheugy,2025-09,259
cheugy,2025-10,211
cheugy,2025-11,152
cheugy,2025-12,160
cheugy,2026-01,162
cheugy,2026-02,120
cheugy,2026-03,144
cheugy,2026-04,159
cheugy,2026-05,155
cheugy,2026-06,150
cheugy,2026-07,168
cheugy,2026-08,4
understood the assignment,2015-07,0
understood the assignment,2015-08,0
understood the assignment,2015-09,0
understood the assignment,2015-10,0
understood the assignment,2015-11,0
understood the assignment,2015-12,0
understood the assignment,2016-01,0
understood the assignment,2016-02,0
understood the assignment,2016-03,0
understood the assignment,2016-04,0
understood the assignment,2016-05,0
understood the assignment,2016-06,0
understood the assignment,2016-07,0
understood the assignment,2016-08,0
understood the assignment,2016-09,0
understood the assignment,2016-10,0
understood the assignment,2016-11,0
understood the assignment,2016-12,0
understood the assignment,2017-01,0
understood the assignment,2017-02,0
understood the assignment,2017-03,0
understood the assignment,2017-04,0
understood the assignment,2017-05,0
understood the assignment,2017-06,0
understood the assignment,2017-07,0
understood the assignment,2017-08,0
understood the assignment,2017-09,0
understood the assignment,2017-10,0
understood the assignment,2017-11,0
understood the assignment,2017-12,0
understood the assignment,2018-01,0
understood the assignment,2018-02,0
understood the assignment,2018-03,0
understood the assignment,2018-04,0
understood the assignment,2018-05,0
understood the assignment,2018-06,0
understood the assignment,2018-07,0
understood the assignment,2018-08,0
understood the assignment,2018-09,0
understood the assignment,2018-10,0
understood the assignment,2018-11,0
understood the assignment,2018-12,0
understood the assignment,2019-01,0
understood the assignment,2019-02,0
understood the assignment,2019-03,0
understood the assignment,2019-04,0
understood the assignment,2019-05,0
understood the assignment,2019-06,0
understood the assignment,2019-07,0
understood the assignment,2019-08,0
understood the assignment,2019-09,0
understood the assignment,2019-10,0
understood the assignment,2019-11,0
understood the assignment,2019-12,0
understood the assignment,2020-01,0
understood the assignment,2020-02,0
understood the assignment,2020-03,0
understood the assignment,2020-04,0
understood the assignment,2020-05,0
understood the assignment,2020-06,0
understood the assignment,2020-07,0
understood the assignment,2020-08,0
understood the assignment,2020-09,0
understood the assignment,2020-10,0
understood the assignment,2020-11,0
understood the assignment,2020-12,0
understood the assignment,2021-01,0
understood the assignment,2021-02,0
understood the assignment,2021-03,0
understood the assignment,2021-04,0
understood the assignment,2021-05,0
understood the assignment,2021-06,0
understood the assignment,2021-07,0
understood the assignment,2021-08,0
understood the assignment,2021-09,0
understood the assignment,2021-10,0
understood the assignment,2021-11,0
understood the assignment,2021-12,0
understood the assignment,2022-01,0
understood the assignment,2022-02,0
understood the assignment,2022-03,0
understood the assignment,2022-04,0
understood the assignment,2022-05,0
understood the assignment,2022-06,0
understood the assignment,2022-07,0
understood the assignment,2022-08,0
understood the assignment,2022-09,0
understood the assignment,2022-10,0
understood the assignment,2022-11,0
understood the assignment,2022-12,0
understood the assignment,2023-01,0
understood the assignment,2023-02,0
understood the assignment,2023-03,0
understood the assignment,2023-04,2
understood the assignment,2023-05,1
understood the assignment,2023-06,0
understood the assignment,2023-07,1
understood the assignment,2023-08,1
understood the assignment,2023-09,0
understood the assignment,2023-10,3
understood the assignment,2023-11,7
understood the assignment,2023-12,6
understood the assignment,2024-01,4
understood the assignment,2024-02,3
understood the assignment,2024-03,2
understood the assignment,2024-04,12
understood the assignment,2024-05,10
understood the assignment,2024-06,5
understood the assignment,2024-07,8
understood the assignment,2024-08,7
understood the assignment,2024-09,5
understood the assignment,2024-10,10
understood the assignment,2024-11,3
understood the assignment,2024-12,1
understood the assignment,2025-01,4
understood the assignment,2025-02,4
understood the assignment,2025-03,6
understood the assignment,2025-04,5
understood the assignment,2025-05,6
understood the assignment,2025-06,2
understood the assignment,2025-07,8
understood the assignment,2025-08,6
understood the assignment,2025-09,6
understood the assignment,2025-10,5
understood the assignment,2025-11,9
understood the assignment,2025-12,1
understood the assignment,2026-01,2
understood the assignment,2026-02,11
understood the assignment,2026-03,6
understood the assignment,2026-04,5
understood the assignment,2026-05,2
understood the assignment,2026-06,5
understood the assignment,2026-07,26
understood the assignment,2026-08,0
caught in 4K,2015-07,0
caught in 4K,2015-08,0
caught in 4K,2015-09,0
caught in 4K,2015-10,0
caught in 4K,2015-11,0
caught in 4K,2015-12,0
caught in 4K,2016-01,0
caught in 4K,2016-02,0
caught in 4K,2016-03,0
caught in 4K,2016-04,0
caught in 4K,2016-05,0
caught in 4K,2016-06,0
caught in 4K,2016-07,0
caught in 4K,2016-08,0
caught in 4K,2016-09,0
caught in 4K,2016-10,0
caught in 4K,2016-11,0
caught in 4K,2016-12,0
caught in 4K,2017-01,0
caught in 4K,2017-02,0
caught in 4K,2017-03,0
caught in 4K,2017-04,0
caught in 4K,2017-05,0
caught in 4K,2017-06,0
caught in 4K,2017-07,0
caught in 4K,2017-08,0
caught in 4K,2017-09,0
caught in 4K,2017-10,0
caught in 4K,2017-11,0
caught in 4K,2017-12,0
caught in 4K,2018-01,0
caught in 4K,2018-02,0
caught in 4K,2018-03,0
caught in 4K,2018-04,0
caught in 4K,2018-05,0
caught in 4K,2018-06,0
caught in 4K,2018-07,0
caught in 4K,2018-08,0
caught in 4K,2018-09,0
caught in 4K,2018-10,0
caught in 4K,2018-11,0
caught in 4K,2018-12,0
caught in 4K,2019-01,0
caught in 4K,2019-02,0
caught in 4K,2019-03,0
caught in 4K,2019-04,0
caught in 4K,2019-05,0
caught in 4K,2019-06,0
caught in 4K,2019-07,0
caught in 4K,2019-08,0
caught in 4K,2019-09,0
caught in 4K,2019-10,0
caught in 4K,2019-11,0
caught in 4K,2019-12,0
caught in 4K,2020-01,0
caught in 4K,2020-02,0
caught in 4K,2020-03,0
caught in 4K,2020-04,0
caught in 4K,2020-05,0
caught in 4K,2020-06,0
caught in 4K,2020-07,0
caught in 4K,2020-08,0
caught in 4K,2020-09,0
caught in 4K,2020-10,0
caught in 4K,2020-11,0
caught in 4K,2020-12,0
caught in 4K,2021-01,0
caught in 4K,2021-02,0
caught in 4K,2021-03,0
caught in 4K,2021-04,0
caught in 4K,2021-05,0
caught in 4K,2021-06,0
caught in 4K,2021-07,0
caught in 4K,2021-08,0
caught in 4K,2021-09,0
caught in 4K,2021-10,0
caught in 4K,2021-11,0
caught in 4K,2021-12,0
caught in 4K,2022-01,0
caught in 4K,2022-02,0
caught in 4K,2022-03,0
caught in 4K,2022-04,0
caught in 4K,2022-05,0
caught in 4K,2022-06,0
caught in 4K,2022-07,0
caught in 4K,2022-08,0
caught in 4K,2022-09,0
caught in 4K,2022-10,0
caught in 4K,2022-11,0
caught in 4K,2022-12,0
caught in 4K,2023-01,0
caught in 4K,2023-02,0
caught in 4K,2023-03,0
caught in 4K,2023-04,0
caught in 4K,2023-05,0
caught in 4K,2023-06,0
caught in 4K,2023-07,0
caught in 4K,2023-08,0
caught in 4K,2023-09,0
caught in 4K,2023-10,0
caught in 4K,2023-11,0
caught in 4K,2023-12,0
caught in 4K,2024-01,6
caught in 4K,2024-02,7
caught in 4K,2024-03,7
caught in 4K,2024-04,5
caught in 4K,2024-05,10
caught in 4K,2024-06,15
caught in 4K,2024-07,17
caught in 4K,2024-08,8
caught in 4K,2024-09,10
caught in 4K,2024-10,23
caught in 4K,2024-11,10
caught in 4K,2024-12,20
caught in 4K,2025-01,7
caught in 4K,2025-02,16
caught in 4K,2025-03,16
caught in 4K,2025-04,14
caught in 4K,2025-05,17
caught in 4K,2025-06,9
caught in 4K,2025-07,21
caught in 4K,2025-08,19
caught in 4K,2025-09,13
caught in 4K,2025-10,21
caught in 4K,2025-11,21
caught in 4K,2025-12,15
caught in 4K,2026-01,10
caught in 4K,2026-02,8
caught in 4K,2026-03,5
caught in 4K,2026-04,5
caught in 4K,2026-05,3
caught in 4K,2026-06,11
caught in 4K,2026-07,16
caught in 4K,2026-08,1
ratio,2015-07,1389
ratio,2015-08,1386
ratio,2015-09,1865
ratio,2015-10,2198
ratio,2015-11,2208
ratio,2015-12,1706
ratio,2016-01,2007
ratio,2016-02,2175
ratio,2016-03,2088
ratio,2016-04,2037
ratio,2016-05,1956
ratio,2016-06,1496
ratio,2016-07,1241
ratio,2016-08,1431
ratio,2016-09,1842
ratio,2016-10,2088
ratio,2016-11,2323
ratio,2016-12,1981
ratio,2017-01,2073
ratio,2017-02,2104
ratio,2017-03,2270
ratio,2017-04,2131
ratio,2017-05,1956
ratio,2017-06,1615
ratio,2017-07,1344
ratio,2017-08,1484
ratio,2017-09,1950
ratio,2017-10,2412
ratio,2017-11,2470
ratio,2017-12,1790
ratio,2018-01,2102
ratio,2018-02,2194
ratio,2018-03,2492
ratio,2018-04,2282
ratio,2018-05,2310
ratio,2018-06,1823
ratio,2018-07,1708
ratio,2018-08,1828
ratio,2018-09,2287
ratio,2018-10,2737
ratio,2018-11,2606
ratio,2018-12,2122
ratio,2019-01,2274
ratio,2019-02,2172
ratio,2019-03,2321
ratio,2019-04,2195
ratio,2019-05,2107
ratio,2019-06,1619
ratio,2019-07,1664
ratio,2019-08,1630
ratio,2019-09,2024
ratio,2019-10,2358
ratio,2019-11,2342
ratio,2019-12,1621
ratio,2020-01,1883
ratio,2020-02,1855
ratio,2020-03,1937
ratio,2020-04,2468
ratio,2020-05,2277
ratio,2020-06,1815
ratio,2020-07,1498
ratio,2020-08,1323
ratio,2020-09,2064
ratio,2020-10,2437
ratio,2020-11,2439
ratio,2020-12,1931
ratio,2021-01,2148
ratio,2021-02,2585
ratio,2021-03,2952
ratio,2021-04,2573
ratio,2021-05,2407
ratio,2021-06,1819
ratio,2021-07,1577
ratio,2021-08,1551
ratio,2021-09,1852
ratio,2021-10,2055
ratio,2021-11,2110
ratio,2021-12,1638
ratio,2022-01,2120
ratio,2022-02,2142
ratio,2022-03,2474
ratio,2022-04,2209
ratio,2022-05,2035
ratio,2022-06,1629
ratio,2022-07,1606
ratio,2022-08,1697
ratio,2022-09,2190
ratio,2022-10,2441
ratio,2022-11,2496
ratio,2022-12,1965
ratio,2023-01,2495
ratio,2023-02,2095
ratio,2023-03,2432
ratio,2023-04,2315
ratio,2023-05,2225
ratio,2023-06,1834
ratio,2023-07,1765
ratio,2023-08,1883
ratio,2023-09,2090
ratio,2023-10,2299
ratio,2023-11,2366
ratio,2023-12,2008
ratio,2024-01,2207
ratio,2024-02,2224
ratio,2024-03,2245
ratio,2024-04,2510
ratio,2024-05,2169
ratio,2024-06,1865
ratio,2024-07,1730
ratio,2024-08,1563
ratio,2024-09,1752
ratio,2024-10,1893
ratio,2024-11,1678
ratio,2024-12,1570
ratio,2025-01,1825
ratio,2025-02,1732
ratio,2025-03,1914
ratio,2025-04,1755
ratio,2025-05,1940
ratio,2025-06,1431
ratio,2025-07,1404
ratio,2025-08,1409
ratio,2025-09,1764
ratio,2025-10,1588
ratio,2025-11,1671
ratio,2025-12,1506
ratio,2026-01,1622
ratio,2026-02,1476
ratio,2026-03,1756
ratio,2026-04,1690
ratio,2026-05,1486
ratio,2026-06,1338
ratio,2026-07,1380
ratio,2026-08,57
mid,2015-07,750
mid,2015-08,704
mid,2015-09,720
mid,2015-10,746
mid,2015-11,669
mid,2015-12,610
mid,2016-01,579
mid,2016-02,584
mid,2016-03,560
mid,2016-04,534
mid,2016-05,497
mid,2016-06,471
mid,2016-07,482
mid,2016-08,501
mid,2016-09,536
mid,2016-10,533
mid,2016-11,539
mid,2016-12,583
mid,2017-01,564
mid,2017-02,523
mid,2017-03,617
mid,2017-04,642
mid,2017-05,659
mid,2017-06,551
mid,2017-07,592
mid,2017-08,610
mid,2017-09,623
mid,2017-10,868
mid,2017-11,628
mid,2017-12,645
mid,2018-01,643
mid,2018-02,581
mid,2018-03,686
mid,2018-04,657
mid,2018-05,724
mid,2018-06,859
mid,2018-07,927
mid,2018-08,953
mid,2018-09,792
mid,2018-10,932
mid,2018-11,1068
mid,2018-12,1132
mid,2019-01,1539
mid,2019-02,1415
mid,2019-03,1339
mid,2019-04,1429
mid,2019-05,1440
mid,2019-06,1496
mid,2019-07,1792
mid,2019-08,1973
mid,2019-09,1722
mid,2019-10,2041
mid,2019-11,3978
mid,2019-12,2447
mid,2020-01,2500
mid,2020-02,3620
mid,2020-03,3160
mid,2020-04,3633
mid,2020-05,1434
mid,2020-06,702
mid,2020-07,744
mid,2020-08,802
mid,2020-09,861
mid,2020-10,752
mid,2020-11,906
mid,2020-12,787
mid,2021-01,721
mid,2021-02,875
mid,2021-03,760
mid,2021-04,674
mid,2021-05,577
mid,2021-06,564
mid,2021-07,643
mid,2021-08,607
mid,2021-09,736
mid,2021-10,738
mid,2021-11,763
mid,2021-12,817
mid,2022-01,849
mid,2022-02,843
mid,2022-03,1012
mid,2022-04,1016
mid,2022-05,1214
mid,2022-06,1004
mid,2022-07,1020
mid,2022-08,1192
mid,2022-09,1249
mid,2022-10,1533
mid,2022-11,1498
mid,2022-12,1318
mid,2023-01,1517
mid,2023-02,1402
mid,2023-03,1435
mid,2023-04,1327
mid,2023-05,1221
mid,2023-06,1136
mid,2023-07,1361
mid,2023-08,1251
mid,2023-09,1154
mid,2023-10,1249
mid,2023-11,1195
mid,2023-12,1271
mid,2024-01,1305
mid,2024-02,1108
mid,2024-03,1419
mid,2024-04,1556
mid,2024-05,1308
mid,2024-06,1245
mid,2024-07,1027
mid,2024-08,1156
mid,2024-09,1006
mid,2024-10,1140
mid,2024-11,1135
mid,2024-12,1148
mid,2025-01,1121
mid,2025-02,1114
mid,2025-03,1101
mid,2025-04,948
mid,2025-05,1018
mid,2025-06,1014
mid,2025-07,1087
mid,2025-08,1237
mid,2025-09,1340
mid,2025-10,1266
mid,2025-11,1304
mid,2025-12,1214
mid,2026-01,1193
mid,2026-02,1084
mid,2026-03,1179
mid,2026-04,1618
mid,2026-05,1116
mid,2026-06,1092
mid,2026-07,1180
mid,2026-08,36
touch grass,2015-07,0
touch grass,2015-08,0
touch grass,2015-09,0
touch grass,2015-10,0
touch grass,2015-11,0
touch grass,2015-12,0
touch grass,2016-01,0
touch grass,2016-02,0
touch grass,2016-03,0
touch grass,2016-04,0
touch grass,2016-05,0
touch grass,2016-06,0
touch grass,2016-07,0
touch grass,2016-08,0
touch grass,2016-09,0
touch grass,2016-10,0
touch grass,2016-11,0
touch grass,2016-12,0
touch grass,2017-01,0
touch grass,2017-02,0
touch grass,2017-03,0
touch grass,2017-04,0
touch grass,2017-05,0
touch grass,2017-06,0
touch grass,2017-07,0
touch grass,2017-08,0
touch grass,2017-09,0
touch grass,2017-10,0
touch grass,2017-11,0
touch grass,2017-12,0
touch grass,2018-01,0
touch grass,2018-02,0
touch grass,2018-03,0
touch grass,2018-04,0
touch grass,2018-05,0
touch grass,2018-06,0
touch grass,2018-07,0
touch grass,2018-08,0
touch grass,2018-09,0
touch grass,2018-10,0
touch grass,2018-11,0
touch grass,2018-12,0
touch grass,2019-01,0
touch grass,2019-02,0
touch grass,2019-03,0
touch grass,2019-04,0
touch grass,2019-05,0
touch grass,2019-06,0
touch grass,2019-07,0
touch grass,2019-08,0
touch grass,2019-09,0
touch grass,2019-10,0
touch grass,2019-11,0
touch grass,2019-12,0
touch grass,2020-01,0
touch grass,2020-02,0
touch grass,2020-03,0
touch grass,2020-04,0
touch grass,2020-05,0
touch grass,2020-06,0
touch grass,2020-07,0
touch grass,2020-08,0
touch grass,2020-09,0
touch grass,2020-10,0
touch grass,2020-11,0
touch grass,2020-12,0
touch grass,2021-01,0
touch grass,2021-02,0
touch grass,2021-03,0
touch grass,2021-04,0
touch grass,2021-05,0
touch grass,2021-06,0
touch grass,2021-07,0
touch grass,2021-08,0
touch grass,2021-09,0
touch grass,2021-10,0
touch grass,2021-11,0
touch grass,2021-12,49
touch grass,2022-01,159
touch grass,2022-02,97
touch grass,2022-03,107
touch grass,2022-04,226
touch grass,2022-05,181
touch grass,2022-06,148
touch grass,2022-07,138
touch grass,2022-08,149
touch grass,2022-09,202
touch grass,2022-10,275
touch grass,2022-11,302
touch grass,2022-12,304
touch grass,2023-01,1042
touch grass,2023-02,2446
touch grass,2023-03,3590
touch grass,2023-04,2044
touch grass,2023-05,3917
touch grass,2023-06,4447
touch grass,2023-07,4071
touch grass,2023-08,823
touch grass,2023-09,629
touch grass,2023-10,1184
touch grass,2023-11,924
touch grass,2023-12,677
touch grass,2024-01,655
touch grass,2024-02,587
touch grass,2024-03,512
touch grass,2024-04,660
touch grass,2024-05,531
touch grass,2024-06,611
touch grass,2024-07,1563
touch grass,2024-08,1514
touch grass,2024-09,468
touch grass,2024-10,452
touch grass,2024-11,874
touch grass,2024-12,405
touch grass,2025-01,355
touch grass,2025-02,386
touch grass,2025-03,341
touch grass,2025-04,490
touch grass,2025-05,398
touch grass,2025-06,338
touch grass,2025-07,457
touch grass,2025-08,568
touch grass,2025-09,744
touch grass,2025-10,544
touch grass,2025-11,436
touch grass,2025-12,418
touch grass,2026-01,360
touch grass,2026-02,398
touch grass,2026-03,376
touch grass,2026-04,356
touch grass,2026-05,395
touch grass,2026-06,420
touch grass,2026-07,482
touch grass,2026-08,10
goated,2015-07,54
goated,2015-08,68
goated,2015-09,62
goated,2015-10,62
goated,2015-11,59
goated,2015-12,77
goated,2016-01,97
goated,2016-02,55
goated,2016-03,80
goated,2016-04,61
goated,2016-05,61
goated,2016-06,61
goated,2016-07,75
goated,2016-08,47
goated,2016-09,83
goated,2016-10,89
goated,2016-11,55
goated,2016-12,75
goated,2017-01,66
goated,2017-02,81
goated,2017-03,51
goated,2017-04,46
goated,2017-05,38
goated,2017-06,39
goated,2017-07,47
goated,2017-08,62
goated,2017-09,59
goated,2017-10,71
goated,2017-11,105
goated,2017-12,83
goated,2018-01,104
goated,2018-02,105
goated,2018-03,109
goated,2018-04,78
goated,2018-05,37
goated,2018-06,53
goated,2018-07,41
goated,2018-08,68
goated,2018-09,43
goated,2018-10,78
goated,2018-11,139
goated,2018-12,156
goated,2019-01,91
goated,2019-02,49
goated,2019-03,79
goated,2019-04,107
goated,2019-05,109
goated,2019-06,107
goated,2019-07,132
goated,2019-08,149
goated,2019-09,105
goated,2019-10,102
goated,2019-11,116
goated,2019-12,116
goated,2020-01,162
goated,2020-02,147
goated,2020-03,133
goated,2020-04,134
goated,2020-05,200
goated,2020-06,213
goated,2020-07,210
goated,2020-08,215
goated,2020-09,223
goated,2020-10,179
goated,2020-11,239
goated,2020-12,257
goated,2021-01,285
goated,2021-02,222
goated,2021-03,679
goated,2021-04,689
goated,2021-05,521
goated,2021-06,306
goated,2021-07,218
goated,2021-08,129
goated,2021-09,150
goated,2021-10,173
goated,2021-11,294
goated,2021-12,551
goated,2022-01,895
goated,2022-02,1168
goated,2022-03,1475
goated,2022-04,1636
goated,2022-05,1441
goated,2022-06,1548
goated,2022-07,1727
goated,2022-08,7477
goated,2022-09,2213
goated,2022-10,2228
goated,2022-11,2267
goated,2022-12,1771
goated,2023-01,2202
goated,2023-02,2390
goated,2023-03,2486
goated,2023-04,2342
goated,2023-05,2637
goated,2023-06,2256
goated,2023-07,3180
goated,2023-08,2899
goated,2023-09,3069
goated,2023-10,3816
goated,2023-11,3732
goated,2023-12,2051
goated,2024-01,3046
goated,2024-02,2201
goated,2024-03,1717
goated,2024-04,1283
goated,2024-05,731
goated,2024-06,569
goated,2024-07,532
goated,2024-08,640
goated,2024-09,532
goated,2024-10,521
goated,2024-11,494
goated,2024-12,459
goated,2025-01,469
goated,2025-02,360
goated,2025-03,397
goated,2025-04,524
goated,2025-05,429
goated,2025-06,402
goated,2025-07,346
goated,2025-08,468
goated,2025-09,394
goated,2025-10,470
goated,2025-11,464
goated,2025-12,383
goated,2026-01,411
goated,2026-02,458
goated,2026-03,400
goated,2026-04,352
goated,2026-05,448
goated,2026-06,402
goated,2026-07,383
goated,2026-08,10
ick,2015-07,303
ick,2015-08,291
ick,2015-09,251
ick,2015-10,234
ick,2015-11,203
ick,2015-12,203
ick,2016-01,235
ick,2016-02,209
ick,2016-03,173
ick,2016-04,219
ick,2016-05,197
ick,2016-06,202
ick,2016-07,187
ick,2016-08,201
ick,2016-09,206
ick,2016-10,239
ick,2016-11,183
ick,2016-12,167
ick,2017-01,235
ick,2017-02,250
ick,2017-03,263
ick,2017-04,203
ick,2017-05,264
ick,2017-06,228
ick,2017-07,256
ick,2017-08,253
ick,2017-09,280
ick,2017-10,316
ick,2017-11,291
ick,2017-12,345
ick,2018-01,295
ick,2018-02,223
ick,2018-03,268
ick,2018-04,281
ick,2018-05,272
ick,2018-06,285
ick,2018-07,270
ick,2018-08,246
ick,2018-09,283
ick,2018-10,374
ick,2018-11,317
ick,2018-12,377
ick,2019-01,422
ick,2019-02,380
ick,2019-03,422
ick,2019-04,423
ick,2019-05,476
ick,2019-06,502
ick,2019-07,494
ick,2019-08,479
ick,2019-09,502
ick,2019-10,510
ick,2019-11,629
ick,2019-12,591
ick,2020-01,647
ick,2020-02,529
ick,2020-03,539
ick,2020-04,653
ick,2020-05,292
ick,2020-06,181
ick,2020-07,162
ick,2020-08,154
ick,2020-09,182
ick,2020-10,198
ick,2020-11,178
ick,2020-12,182
ick,2021-01,197
ick,2021-02,295
ick,2021-03,278
ick,2021-04,156
ick,2021-05,142
ick,2021-06,164
ick,2021-07,158
ick,2021-08,166
ick,2021-09,147
ick,2021-10,164
ick,2021-11,150
ick,2021-12,156
ick,2022-01,181
ick,2022-02,149
ick,2022-03,213
ick,2022-04,176
ick,2022-05,178
ick,2022-06,253
ick,2022-07,270
ick,2022-08,317
ick,2022-09,444
ick,2022-10,453
ick,2022-11,634
ick,2022-12,716
ick,2023-01,594
ick,2023-02,604
ick,2023-03,597
ick,2023-04,527
ick,2023-05,443
ick,2023-06,509
ick,2023-07,554
ick,2023-08,583
ick,2023-09,570
ick,2023-10,510
ick,2023-11,664
ick,2023-12,539
ick,2024-01,625
ick,2024-02,657
ick,2024-03,594
ick,2024-04,549
ick,2024-05,437
ick,2024-06,421
ick,2024-07,403
ick,2024-08,427
ick,2024-09,349
ick,2024-10,370
ick,2024-11,352
ick,2024-12,306
ick,2025-01,350
ick,2025-02,358
ick,2025-03,325
ick,2025-04,372
ick,2025-05,307
ick,2025-06,347
ick,2025-07,325
ick,2025-08,314
ick,2025-09,397
ick,2025-10,323
ick,2025-11,349
ick,2025-12,324
ick,2026-01,382
ick,2026-02,355
ick,2026-03,339
ick,2026-04,275
ick,2026-05,321
ick,2026-06,286
ick,2026-07,272
ick,2026-08,19
sheesh,2015-07,254
sheesh,2015-08,236
sheesh,2015-09,220
sheesh,2015-10,308
sheesh,2015-11,226
sheesh,2015-12,220
sheesh,2016-01,186
sheesh,2016-02,138
sheesh,2016-03,204
sheesh,2016-04,177
sheesh,2016-05,188
sheesh,2016-06,183
sheesh,2016-07,173
sheesh,2016-08,203
sheesh,2016-09,174
sheesh,2016-10,206
sheesh,2016-11,174
sheesh,2016-12,192
sheesh,2017-01,237
sheesh,2017-02,206
sheesh,2017-03,213
sheesh,2017-04,192
sheesh,2017-05,223
sheesh,2017-06,216
sheesh,2017-07,242
sheesh,2017-08,279
sheesh,2017-09,228
sheesh,2017-10,232
sheesh,2017-11,280
sheesh,2017-12,240
sheesh,2018-01,256
sheesh,2018-02,253
sheesh,2018-03,326
sheesh,2018-04,315
sheesh,2018-05,315
sheesh,2018-06,361
sheesh,2018-07,295
sheesh,2018-08,345
sheesh,2018-09,295
sheesh,2018-10,274
sheesh,2018-11,356
sheesh,2018-12,381
sheesh,2019-01,345
sheesh,2019-02,316
sheesh,2019-03,292
sheesh,2019-04,276
sheesh,2019-05,313
sheesh,2019-06,307
sheesh,2019-07,430
sheesh,2019-08,422
sheesh,2019-09,400
sheesh,2019-10,419
sheesh,2019-11,619
sheesh,2019-12,431
sheesh,2020-01,429
sheesh,2020-02,360
sheesh,2020-03,418
sheesh,2020-04,398
sheesh,2020-05,270
sheesh,2020-06,217
sheesh,2020-07,221
sheesh,2020-08,247
sheesh,2020-09,196
sheesh,2020-10,281
sheesh,2020-11,369
sheesh,2020-12,295
sheesh,2021-01,330
sheesh,2021-02,339
sheesh,2021-03,733
sheesh,2021-04,975
sheesh,2021-05,1011
sheesh,2021-06,587
sheesh,2021-07,498
sheesh,2021-08,472
sheesh,2021-09,402
sheesh,2021-10,452
sheesh,2021-11,375
sheesh,2021-12,417
sheesh,2022-01,337
sheesh,2022-02,301
sheesh,2022-03,333
sheesh,2022-04,370
sheesh,2022-05,359
sheesh,2022-06,283
sheesh,2022-07,321
sheesh,2022-08,344
sheesh,2022-09,477
sheesh,2022-10,572
sheesh,2022-11,582
sheesh,2022-12,471
sheesh,2023-01,688
sheesh,2023-02,432
sheesh,2023-03,433
sheesh,2023-04,329
sheesh,2023-05,371
sheesh,2023-06,368
sheesh,2023-07,331
sheesh,2023-08,593
sheesh,2023-09,476
sheesh,2023-10,393
sheesh,2023-11,343
sheesh,2023-12,353
sheesh,2024-01,376
sheesh,2024-02,971
sheesh,2024-03,437
sheesh,2024-04,540
sheesh,2024-05,548
sheesh,2024-06,551
sheesh,2024-07,332
sheesh,2024-08,306
sheesh,2024-09,342
sheesh,2024-10,307
sheesh,2024-11,247
sheesh,2024-12,304
sheesh,2025-01,305
sheesh,2025-02,258
sheesh,2025-03,343
sheesh,2025-04,267
sheesh,2025-05,324
sheesh,2025-06,255
sheesh,2025-07,233
sheesh,2025-08,279
sheesh,2025-09,236
sheesh,2025-10,224
sheesh,2025-11,238
sheesh,2025-12,328
sheesh,2026-01,176
sheesh,2026-02,218
sheesh,2026-03,224
sheesh,2026-04,219
sheesh,2026-05,218
sheesh,2026-06,201
sheesh,2026-07,223
sheesh,2026-08,6
gatekeep,2015-07,68
gatekeep,2015-08,100
gatekeep,2015-09,102
gatekeep,2015-10,84
gatekeep,2015-11,79
gatekeep,2015-12,97
gatekeep,2016-01,103
gatekeep,2016-02,86
gatekeep,2016-03,92
gatekeep,2016-04,90
gatekeep,2016-05,91
gatekeep,2016-06,85
gatekeep,2016-07,94
gatekeep,2016-08,72
gatekeep,2016-09,99
gatekeep,2016-10,124
gatekeep,2016-11,95
gatekeep,2016-12,108
gatekeep,2017-01,150
gatekeep,2017-02,97
gatekeep,2017-03,114
gatekeep,2017-04,118
gatekeep,2017-05,164
gatekeep,2017-06,133
gatekeep,2017-07,123
gatekeep,2017-08,119
gatekeep,2017-09,158
gatekeep,2017-10,145
gatekeep,2017-11,117
gatekeep,2017-12,139
gatekeep,2018-01,117
gatekeep,2018-02,153
gatekeep,2018-03,165
gatekeep,2018-04,140
gatekeep,2018-05,195
gatekeep,2018-06,237
gatekeep,2018-07,222
gatekeep,2018-08,193
gatekeep,2018-09,198
gatekeep,2018-10,205
gatekeep,2018-11,189
gatekeep,2018-12,231
gatekeep,2019-01,284
gatekeep,2019-02,259
gatekeep,2019-03,315
gatekeep,2019-04,304
gatekeep,2019-05,331
gatekeep,2019-06,323
gatekeep,2019-07,308
gatekeep,2019-08,324
gatekeep,2019-09,337
gatekeep,2019-10,305
gatekeep,2019-11,372
gatekeep,2019-12,281
gatekeep,2020-01,307
gatekeep,2020-02,325
gatekeep,2020-03,374
gatekeep,2020-04,477
gatekeep,2020-05,488
gatekeep,2020-06,436
gatekeep,2020-07,522
gatekeep,2020-08,566
gatekeep,2020-09,599
gatekeep,2020-10,586
gatekeep,2020-11,527
gatekeep,2020-12,439
gatekeep,2021-01,435
gatekeep,2021-02,617
gatekeep,2021-03,715
gatekeep,2021-04,616
gatekeep,2021-05,625
gatekeep,2021-06,711
gatekeep,2021-07,421
gatekeep,2021-08,421
gatekeep,2021-09,445
gatekeep,2021-10,456
gatekeep,2021-11,565
gatekeep,2021-12,592
gatekeep,2022-01,770
gatekeep,2022-02,770
gatekeep,2022-03,1619
gatekeep,2022-04,1443
gatekeep,2022-05,1634
gatekeep,2022-06,1663
gatekeep,2022-07,2126
gatekeep,2022-08,2344
gatekeep,2022-09,3489
gatekeep,2022-10,2814
gatekeep,2022-11,3713
gatekeep,2022-12,2471
gatekeep,2023-01,3092
gatekeep,2023-02,3744
gatekeep,2023-03,5650
gatekeep,2023-04,2762
gatekeep,2023-05,7028
gatekeep,2023-06,5413
gatekeep,2023-07,2621
gatekeep,2023-08,1168
gatekeep,2023-09,1554
gatekeep,2023-10,662
gatekeep,2023-11,629
gatekeep,2023-12,597
gatekeep,2024-01,668
gatekeep,2024-02,525
gatekeep,2024-03,569
gatekeep,2024-04,701
gatekeep,2024-05,434
gatekeep,2024-06,314
gatekeep,2024-07,353
gatekeep,2024-08,335
gatekeep,2024-09,296
gatekeep,2024-10,252
gatekeep,2024-11,224
gatekeep,2024-12,225
gatekeep,2025-01,237
gatekeep,2025-02,215
gatekeep,2025-03,307
gatekeep,2025-04,270
gatekeep,2025-05,261
gatekeep,2025-06,253
gatekeep,2025-07,235
gatekeep,2025-08,317
gatekeep,2025-09,355
gatekeep,2025-10,229
gatekeep,2025-11,253
gatekeep,2025-12,253
gatekeep,2026-01,321
gatekeep,2026-02,280
gatekeep,2026-03,297
gatekeep,2026-04,256
gatekeep,2026-05,225
gatekeep,2026-06,201
gatekeep,2026-07,223
gatekeep,2026-08,5
pick me,2015-07,0
pick me,2015-08,0
pick me,2015-09,0
pick me,2015-10,0
pick me,2015-11,0
pick me,2015-12,0
pick me,2016-01,0
pick me,2016-02,0
pick me,2016-03,0
pick me,2016-04,0
pick me,2016-05,0
pick me,2016-06,0
pick me,2016-07,0
pick me,2016-08,0
pick me,2016-09,0
pick me,2016-10,0
pick me,2016-11,0
pick me,2016-12,0
pick me,2017-01,0
pick me,2017-02,0
pick me,2017-03,0
pick me,2017-04,0
pick me,2017-05,0
pick me,2017-06,0
pick me,2017-07,0
pick me,2017-08,0
pick me,2017-09,0
pick me,2017-10,0
pick me,2017-11,0
pick me,2017-12,0
pick me,2018-01,0
pick me,2018-02,0
pick me,2018-03,0
pick me,2018-04,0
pick me,2018-05,0
pick me,2018-06,0
pick me,2018-07,0
pick me,2018-08,0
pick me,2018-09,0
pick me,2018-10,0
pick me,2018-11,0
pick me,2018-12,0
pick me,2019-01,0
pick me,2019-02,0
pick me,2019-03,0
pick me,2019-04,0
pick me,2019-05,0
pick me,2019-06,0
pick me,2019-07,0
pick me,2019-08,0
pick me,2019-09,0
pick me,2019-10,0
pick me,2019-11,0
pick me,2019-12,0
pick me,2020-01,0
pick me,2020-02,0
pick me,2020-03,0
pick me,2020-04,0
pick me,2020-05,0
pick me,2020-06,0
pick me,2020-07,0
pick me,2020-08,0
pick me,2020-09,0
pick me,2020-10,0
pick me,2020-11,0
pick me,2020-12,0
pick me,2021-01,0
pick me,2021-02,0
pick me,2021-03,0
pick me,2021-04,0
pick me,2021-05,0
pick me,2021-06,0
pick me,2021-07,0
pick me,2021-08,0
pick me,2021-09,0
pick me,2021-10,0
pick me,2021-11,0
pick me,2021-12,0
pick me,2022-01,0
pick me,2022-02,0
pick me,2022-03,0
pick me,2022-04,0
pick me,2022-05,0
pick me,2022-06,0
pick me,2022-07,0
pick me,2022-08,0
pick me,2022-09,0
pick me,2022-10,0
pick me,2022-11,0
pick me,2022-12,0
pick me,2023-01,0
pick me,2023-02,0
pick me,2023-03,0
pick me,2023-04,0
pick me,2023-05,0
pick me,2023-06,0
pick me,2023-07,0
pick me,2023-08,0
pick me,2023-09,0
pick me,2023-10,0
pick me,2023-11,0
pick me,2023-12,0
pick me,2024-01,0
pick me,2024-02,0
pick me,2024-03,0
pick me,2024-04,0
pick me,2024-05,0
pick me,2024-06,38
pick me,2024-07,104
pick me,2024-08,78
pick me,2024-09,67
pick me,2024-10,75
pick me,2024-11,61
pick me,2024-12,71
pick me,2025-01,93
pick me,2025-02,47
pick me,2025-03,53
pick me,2025-04,71
pick me,2025-05,53
pick me,2025-06,50
pick me,2025-07,67
pick me,2025-08,41
pick me,2025-09,56
pick me,2025-10,45
pick me,2025-11,67
pick me,2025-12,43
pick me,2026-01,56
pick me,2026-02,56
pick me,2026-03,51
pick me,2026-04,51
pick me,2026-05,63
pick me,2026-06,50
pick me,2026-07,49
pick me,2026-08,1
sneaky link,2015-07,0
sneaky link,2015-08,0
sneaky link,2015-09,0
sneaky link,2015-10,0
sneaky link,2015-11,0
sneaky link,2015-12,0
sneaky link,2016-01,0
sneaky link,2016-02,0
sneaky link,2016-03,0
sneaky link,2016-04,0
sneaky link,2016-05,0
sneaky link,2016-06,0
sneaky link,2016-07,0
sneaky link,2016-08,0
sneaky link,2016-09,0
sneaky link,2016-10,0
sneaky link,2016-11,0
sneaky link,2016-12,0
sneaky link,2017-01,0
sneaky link,2017-02,0
sneaky link,2017-03,0
sneaky link,2017-04,0
sneaky link,2017-05,0
sneaky link,2017-06,0
sneaky link,2017-07,0
sneaky link,2017-08,0
sneaky link,2017-09,0
sneaky link,2017-10,0
sneaky link,2017-11,0
sneaky link,2017-12,0
sneaky link,2018-01,0
sneaky link,2018-02,0
sneaky link,2018-03,0
sneaky link,2018-04,0
sneaky link,2018-05,0
sneaky link,2018-06,0
sneaky link,2018-07,0
sneaky link,2018-08,0
sneaky link,2018-09,0
sneaky link,2018-10,0
sneaky link,2018-11,0
sneaky link,2018-12,0
sneaky link,2019-01,0
sneaky link,2019-02,0
sneaky link,2019-03,0
sneaky link,2019-04,0
sneaky link,2019-05,0
sneaky link,2019-06,0
sneaky link,2019-07,0
sneaky link,2019-08,0
sneaky link,2019-09,0
sneaky link,2019-10,0
sneaky link,2019-11,0
sneaky link,2019-12,0
sneaky link,2020-01,0
sneaky link,2020-02,0
sneaky link,2020-03,0
sneaky link,2020-04,0
sneaky link,2020-05,0
sneaky link,2020-06,0
sneaky link,2020-07,0
sneaky link,2020-08,0
sneaky link,2020-09,0
sneaky link,2020-10,0
sneaky link,2020-11,0
sneaky link,2020-12,0
sneaky link,2021-01,0
sneaky link,2021-02,0
sneaky link,2021-03,0
sneaky link,2021-04,0
sneaky link,2021-05,0
sneaky link,2021-06,0
sneaky link,2021-07,0
sneaky link,2021-08,0
sneaky link,2021-09,0
sneaky link,2021-10,0
sneaky link,2021-11,0
sneaky link,2021-12,0
sneaky link,2022-01,0
sneaky link,2022-02,0
sneaky link,2022-03,0
sneaky link,2022-04,0
sneaky link,2022-05,0
sneaky link,2022-06,0
sneaky link,2022-07,0
sneaky link,2022-08,0
sneaky link,2022-09,0
sneaky link,2022-10,0
sneaky link,2022-11,0
sneaky link,2022-12,0
sneaky link,2023-01,0
sneaky link,2023-02,0
sneaky link,2023-03,0
sneaky link,2023-04,0
sneaky link,2023-05,0
sneaky link,2023-06,0
sneaky link,2023-07,0
sneaky link,2023-08,0
sneaky link,2023-09,0
sneaky link,2023-10,0
sneaky link,2023-11,26
sneaky link,2023-12,11
sneaky link,2024-01,12
sneaky link,2024-02,6
sneaky link,2024-03,18
sneaky link,2024-04,24
sneaky link,2024-05,19
sneaky link,2024-06,18
sneaky link,2024-07,37
sneaky link,2024-08,29
sneaky link,2024-09,20
sneaky link,2024-10,22
sneaky link,2024-11,22
sneaky link,2024-12,28
sneaky link,2025-01,19
sneaky link,2025-02,15
sneaky link,2025-03,31
sneaky link,2025-04,38
sneaky link,2025-05,95
sneaky link,2025-06,88
sneaky link,2025-07,27
sneaky link,2025-08,18
sneaky link,2025-09,30
sneaky link,2025-10,23
sneaky link,2025-11,31
sneaky link,2025-12,26
sneaky link,2026-01,36
sneaky link,2026-02,33
sneaky link,2026-03,47
sneaky link,2026-04,30
sneaky link,2026-05,49
sneaky link,2026-06,34
sneaky link,2026-07,37
sneaky link,2026-08,1
gigachad,2015-07,0
gigachad,2015-08,0
gigachad,2015-09,0
gigachad,2015-10,0
gigachad,2015-11,0
gigachad,2015-12,0
gigachad,2016-01,0
gigachad,2016-02,0
gigachad,2016-03,0
gigachad,2016-04,0
gigachad,2016-05,0
gigachad,2016-06,0
gigachad,2016-07,0
gigachad,2016-08,0
gigachad,2016-09,0
gigachad,2016-10,0
gigachad,2016-11,0
gigachad,2016-12,0
gigachad,2017-01,0
gigachad,2017-02,0
gigachad,2017-03,0
gigachad,2017-04,0
gigachad,2017-05,0
gigachad,2017-06,0
gigachad,2017-07,0
gigachad,2017-08,0
gigachad,2017-09,0
gigachad,2017-10,0
gigachad,2017-11,0
gigachad,2017-12,0
gigachad,2018-01,0
gigachad,2018-02,0
gigachad,2018-03,0
gigachad,2018-04,0
gigachad,2018-05,0
gigachad,2018-06,0
gigachad,2018-07,0
gigachad,2018-08,0
gigachad,2018-09,0
gigachad,2018-10,0
gigachad,2018-11,0
gigachad,2018-12,0
gigachad,2019-01,0
gigachad,2019-02,0
gigachad,2019-03,0
gigachad,2019-04,0
gigachad,2019-05,0
gigachad,2019-06,0
gigachad,2019-07,0
gigachad,2019-08,0
gigachad,2019-09,0
gigachad,2019-10,0
gigachad,2019-11,0
gigachad,2019-12,0
gigachad,2020-01,0
gigachad,2020-02,0
gigachad,2020-03,0
gigachad,2020-04,0
gigachad,2020-05,0
gigachad,2020-06,0
gigachad,2020-07,0
gigachad,2020-08,0
gigachad,2020-09,0
gigachad,2020-10,0
gigachad,2020-11,0
gigachad,2020-12,0
gigachad,2021-01,0
gigachad,2021-02,0
gigachad,2021-03,0
gigachad,2021-04,0
gigachad,2021-05,0
gigachad,2021-06,0
gigachad,2021-07,0
gigachad,2021-08,0
gigachad,2021-09,182
gigachad,2021-10,165
gigachad,2021-11,100
gigachad,2021-12,94
gigachad,2022-01,168
gigachad,2022-02,172
gigachad,2022-03,400
gigachad,2022-04,1245
gigachad,2022-05,3178
gigachad,2022-06,4166
gigachad,2022-07,5535
gigachad,2022-08,16641
gigachad,2022-09,36338
gigachad,2022-10,62703
gigachad,2022-11,94722
gigachad,2022-12,32985
gigachad,2023-01,42975
gigachad,2023-02,51919
gigachad,2023-03,49712
gigachad,2023-04,29979
gigachad,2023-05,43413
gigachad,2023-06,37189
gigachad,2023-07,31431
gigachad,2023-08,27402
gigachad,2023-09,25198
gigachad,2023-10,17293
gigachad,2023-11,14256
gigachad,2023-12,9178
gigachad,2024-01,10427
gigachad,2024-02,10501
gigachad,2024-03,10288
gigachad,2024-04,8802
gigachad,2024-05,3779
gigachad,2024-06,3367
gigachad,2024-07,4526
gigachad,2024-08,5314
gigachad,2024-09,3373
gigachad,2024-10,4162
gigachad,2024-11,3961
gigachad,2024-12,7096
gigachad,2025-01,6813
gigachad,2025-02,5105
gigachad,2025-03,6156
gigachad,2025-04,6133
gigachad,2025-05,5266
gigachad,2025-06,4937
gigachad,2025-07,3996
gigachad,2025-08,4282
gigachad,2025-09,4112
gigachad,2025-10,3828
gigachad,2025-11,2980
gigachad,2025-12,2104
gigachad,2026-01,2262
gigachad,2026-02,2461
gigachad,2026-03,2238
gigachad,2026-04,1976
gigachad,2026-05,2163
gigachad,2026-06,1491
gigachad,2026-07,1416
gigachad,2026-08,58
based,2015-07,239
based,2015-08,236
based,2015-09,242
based,2015-10,173
based,2015-11,216
based,2015-12,187
based,2016-01,229
based,2016-02,190
based,2016-03,216
based,2016-04,171
based,2016-05,206
based,2016-06,193
based,2016-07,208
based,2016-08,185
based,2016-09,216
based,2016-10,279
based,2016-11,281
based,2016-12,288
based,2017-01,295
based,2017-02,291
based,2017-03,327
based,2017-04,341
based,2017-05,290
based,2017-06,304
based,2017-07,315
based,2017-08,336
based,2017-09,460
based,2017-10,635
based,2017-11,610
based,2017-12,621
based,2018-01,628
based,2018-02,590
based,2018-03,789
based,2018-04,715
based,2018-05,906
based,2018-06,1025
based,2018-07,1104
based,2018-08,1576
based,2018-09,1171
based,2018-10,1013
based,2018-11,914
based,2018-12,933
based,2019-01,1071
based,2019-02,886
based,2019-03,1041
based,2019-04,996
based,2019-05,1341
based,2019-06,1107
based,2019-07,1135
based,2019-08,1539
based,2019-09,1604
based,2019-10,1890
based,2019-11,2169
based,2019-12,1795
based,2020-01,2115
based,2020-02,2080
based,2020-03,2072
based,2020-04,2276
based,2020-05,3181
based,2020-06,4599
based,2020-07,6176
based,2020-08,9110
based,2020-09,7795
based,2020-10,5346
based,2020-11,5211
based,2020-12,3531
based,2021-01,3337
based,2021-02,2903
based,2021-03,4118
based,2021-04,2979
based,2021-05,2112
based,2021-06,2006
based,2021-07,2112
based,2021-08,1764
based,2021-09,1548
based,2021-10,1486
based,2021-11,1522
based,2021-12,1895
based,2022-01,2044
based,2022-02,2063
based,2022-03,3149
based,2022-04,2601
based,2022-05,2578
based,2022-06,2862
based,2022-07,3302
based,2022-08,3752
based,2022-09,3583
based,2022-10,4575
based,2022-11,4201
based,2022-12,3613
based,2023-01,4732
based,2023-02,5329
based,2023-03,6149
based,2023-04,4457
based,2023-05,5530
based,2023-06,4099
based,2023-07,3178
based,2023-08,2855
based,2023-09,2703
based,2023-10,2308
based,2023-11,2418
based,2023-12,2194
based,2024-01,2195
based,2024-02,2296
based,2024-03,2429
based,2024-04,2105
based,2024-05,2155
based,2024-06,2403
based,2024-07,2777
based,2024-08,3008
based,2024-09,2526
based,2024-10,2474
based,2024-11,2463
based,2024-12,2373
based,2025-01,1924
based,2025-02,1751
based,2025-03,1964
based,2025-04,2658
based,2025-05,2367
based,2025-06,3330
based,2025-07,2555
based,2025-08,2216
based,2025-09,2318
based,2025-10,2226
based,2025-11,2196
based,2025-12,2399
based,2026-01,2637
based,2026-02,1770
based,2026-03,1309
based,2026-04,1225
based,2026-05,1114
based,2026-06,1078
based,2026-07,945
based,2026-08,40
yassify,2015-07,0
yassify,2015-08,0
yassify,2015-09,0
yassify,2015-10,0
yassify,2015-11,0
yassify,2015-12,0
yassify,2016-01,0
yassify,2016-02,0
yassify,2016-03,0
yassify,2016-04,0
yassify,2016-05,0
yassify,2016-06,0
yassify,2016-07,0
yassify,2016-08,0
yassify,2016-09,0
yassify,2016-10,0
yassify,2016-11,0
yassify,2016-12,0
yassify,2017-01,0
yassify,2017-02,0
yassify,2017-03,0
yassify,2017-04,0
yassify,2017-05,0
yassify,2017-06,0
yassify,2017-07,0
yassify,2017-08,0
yassify,2017-09,0
yassify,2017-10,0
yassify,2017-11,0
yassify,2017-12,0
yassify,2018-01,0
yassify,2018-02,0
yassify,2018-03,0
yassify,2018-04,0
yassify,2018-05,0
yassify,2018-06,0
yassify,2018-07,0
yassify,2018-08,0
yassify,2018-09,0
yassify,2018-10,0
yassify,2018-11,0
yassify,2018-12,0
yassify,2019-01,0
yassify,2019-02,0
yassify,2019-03,0
yassify,2019-04,0
yassify,2019-05,0
yassify,2019-06,0
yassify,2019-07,0
yassify,2019-08,0
yassify,2019-09,0
yassify,2019-10,0
yassify,2019-11,0
yassify,2019-12,0
yassify,2020-01,0
yassify,2020-02,0
yassify,2020-03,0
yassify,2020-04,0
yassify,2020-05,0
yassify,2020-06,0
yassify,2020-07,0
yassify,2020-08,0
yassify,2020-09,0
yassify,2020-10,0
yassify,2020-11,0
yassify,2020-12,0
yassify,2021-01,0
yassify,2021-02,0
yassify,2021-03,0
yassify,2021-04,0
yassify,2021-05,0
yassify,2021-06,0
yassify,2021-07,0
yassify,2021-08,0
yassify,2021-09,0
yassify,2021-10,0
yassify,2021-11,52
yassify,2021-12,83
yassify,2022-01,181
yassify,2022-02,354
yassify,2022-03,372
yassify,2022-04,276
yassify,2022-05,242
yassify,2022-06,292
yassify,2022-07,266
yassify,2022-08,250
yassify,2022-09,276
yassify,2022-10,10807
yassify,2022-11,2552
yassify,2022-12,646
yassify,2023-01,665
yassify,2023-02,1161
yassify,2023-03,1217
yassify,2023-04,796
yassify,2023-05,481
yassify,2023-06,552
yassify,2023-07,8585
yassify,2023-08,2078
yassify,2023-09,1761
yassify,2023-10,1329
yassify,2023-11,1055
yassify,2023-12,1593
yassify,2024-01,1664
yassify,2024-02,1206
yassify,2024-03,1238
yassify,2024-04,1014
yassify,2024-05,1540
yassify,2024-06,1338
yassify,2024-07,785
yassify,2024-08,918
yassify,2024-09,941
yassify,2024-10,1350
yassify,2024-11,717
yassify,2024-12,798
yassify,2025-01,874
yassify,2025-02,928
yassify,2025-03,715
yassify,2025-04,596
yassify,2025-05,577
yassify,2025-06,401
yassify,2025-07,524
yassify,2025-08,522
yassify,2025-09,346
yassify,2025-10,542
yassify,2025-11,365
yassify,2025-12,501
yassify,2026-01,496
yassify,2026-02,495
yassify,2026-03,2236
yassify,2026-04,562
yassify,2026-05,548
yassify,2026-06,468
yassify,2026-07,420
yassify,2026-08,5
bet,2015-07,948
bet,2015-08,753
bet,2015-09,769
bet,2015-10,706
bet,2015-11,758
bet,2015-12,657
bet,2016-01,750
bet,2016-02,699
bet,2016-03,656
bet,2016-04,620
bet,2016-05,819
bet,2016-06,811
bet,2016-07,759
bet,2016-08,653
bet,2016-09,708
bet,2016-10,656
bet,2016-11,807
bet,2016-12,712
bet,2017-01,856
bet,2017-02,808
bet,2017-03,903
bet,2017-04,952
bet,2017-05,948
bet,2017-06,853
bet,2017-07,836
bet,2017-08,866
bet,2017-09,816
bet,2017-10,1018
bet,2017-11,948
bet,2017-12,837
bet,2018-01,1028
bet,2018-02,926
bet,2018-03,1125
bet,2018-04,980
bet,2018-05,1247
bet,2018-06,1200
bet,2018-07,1257
bet,2018-08,1403
bet,2018-09,1329
bet,2018-10,1588
bet,2018-11,1289
bet,2018-12,1281
bet,2019-01,1306
bet,2019-02,1255
bet,2019-03,1151
bet,2019-04,1152
bet,2019-05,1192
bet,2019-06,1229
bet,2019-07,1127
bet,2019-08,1177
bet,2019-09,1249
bet,2019-10,1292
bet,2019-11,1222
bet,2019-12,1018
bet,2020-01,1226
bet,2020-02,1302
bet,2020-03,1455
bet,2020-04,1434
bet,2020-05,1202
bet,2020-06,1025
bet,2020-07,899
bet,2020-08,1035
bet,2020-09,934
bet,2020-10,972
bet,2020-11,935
bet,2020-12,926
bet,2021-01,921
bet,2021-02,1175
bet,2021-03,1073
bet,2021-04,901
bet,2021-05,906
bet,2021-06,818
bet,2021-07,796
bet,2021-08,741
bet,2021-09,761
bet,2021-10,826
bet,2021-11,932
bet,2021-12,729
bet,2022-01,835
bet,2022-02,832
bet,2022-03,935
bet,2022-04,966
bet,2022-05,1050
bet,2022-06,956
bet,2022-07,994
bet,2022-08,1138
bet,2022-09,1100
bet,2022-10,1216
bet,2022-11,1246
bet,2022-12,1047
bet,2023-01,1243
bet,2023-02,1140
bet,2023-03,1218
bet,2023-04,1043
bet,2023-05,1248
bet,2023-06,1182
bet,2023-07,1300
bet,2023-08,1245
bet,2023-09,1422
bet,2023-10,1272
bet,2023-11,1326
bet,2023-12,1297
bet,2024-01,1714
bet,2024-02,1289
bet,2024-03,1547
bet,2024-04,1483
bet,2024-05,1124
bet,2024-06,1048
bet,2024-07,1023
bet,2024-08,1074
bet,2024-09,1221
bet,2024-10,1098
bet,2024-11,1003
bet,2024-12,969
bet,2025-01,1023
bet,2025-02,970
bet,2025-03,1071
bet,2025-04,959
bet,2025-05,914
bet,2025-06,1003
bet,2025-07,1076
bet,2025-08,1011
bet,2025-09,1475
bet,2025-10,1129
bet,2025-11,1196
bet,2025-12,1202
bet,2026-01,1204
bet,2026-02,983
bet,2026-03,1132
bet,2026-04,957
bet,2026-05,1206
bet,2026-06,983
bet,2026-07,1049
bet,2026-08,23
unalive,2015-07,29
unalive,2015-08,41
unalive,2015-09,51
unalive,2015-10,44
unalive,2015-11,17
unalive,2015-12,39
unalive,2016-01,28
unalive,2016-02,31
unalive,2016-03,30
unalive,2016-04,27
unalive,2016-05,38
unalive,2016-06,28
unalive,2016-07,38
unalive,2016-08,31
unalive,2016-09,36
unalive,2016-10,31
unalive,2016-11,8
unalive,2016-12,10
unalive,2017-01,31
unalive,2017-02,29
unalive,2017-03,32
unalive,2017-04,17
unalive,2017-05,26
unalive,2017-06,13
unalive,2017-07,12
unalive,2017-08,11
unalive,2017-09,16
unalive,2017-10,12
unalive,2017-11,16
unalive,2017-12,7
unalive,2018-01,7
unalive,2018-02,17
unalive,2018-03,12
unalive,2018-04,18
unalive,2018-05,15
unalive,2018-06,16
unalive,2018-07,19
unalive,2018-08,19
unalive,2018-09,13
unalive,2018-10,30
unalive,2018-11,27
unalive,2018-12,41
unalive,2019-01,27
unalive,2019-02,18
unalive,2019-03,24
unalive,2019-04,24
unalive,2019-05,23
unalive,2019-06,24
unalive,2019-07,19
unalive,2019-08,24
unalive,2019-09,20
unalive,2019-10,24
unalive,2019-11,22
unalive,2019-12,14
unalive,2020-01,25
unalive,2020-02,28
unalive,2020-03,24
unalive,2020-04,21
unalive,2020-05,30
unalive,2020-06,16
unalive,2020-07,16
unalive,2020-08,21
unalive,2020-09,26
unalive,2020-10,62
unalive,2020-11,48
unalive,2020-12,28
unalive,2021-01,48
unalive,2021-02,67
unalive,2021-03,68
unalive,2021-04,92
unalive,2021-05,61
unalive,2021-06,128
unalive,2021-07,108
unalive,2021-08,90
unalive,2021-09,92
unalive,2021-10,121
unalive,2021-11,130
unalive,2021-12,682
unalive,2022-01,290
unalive,2022-02,246
unalive,2022-03,292
unalive,2022-04,208
unalive,2022-05,374
unalive,2022-06,207
unalive,2022-07,262
unalive,2022-08,200
unalive,2022-09,298
unalive,2022-10,295
unalive,2022-11,628
unalive,2022-12,559
unalive,2023-01,882
unalive,2023-02,969
unalive,2023-03,1188
unalive,2023-04,508
unalive,2023-05,1309
unalive,2023-06,593
unalive,2023-07,507
unalive,2023-08,450
unalive,2023-09,771
unalive,2023-10,558
unalive,2023-11,489
unalive,2023-12,601
unalive,2024-01,623
unalive,2024-02,528
unalive,2024-03,486
unalive,2024-04,467
unalive,2024-05,481
unalive,2024-06,525
unalive,2024-07,564
unalive,2024-08,768
unalive,2024-09,459
unalive,2024-10,456
unalive,2024-11,505
unalive,2024-12,429
unalive,2025-01,484
unalive,2025-02,397
unalive,2025-03,439
unalive,2025-04,451
unalive,2025-05,477
unalive,2025-06,460
unalive,2025-07,497
unalive,2025-08,537
unalive,2025-09,592
unalive,2025-10,458
unalive,2025-11,531
unalive,2025-12,569
unalive,2026-01,553
unalive,2026-02,414
unalive,2026-03,461
unalive,2026-04,383
unalive,2026-05,506
unalive,2026-06,427
unalive,2026-07,468
unalive,2026-08,15
situationship,2015-07,0
situationship,2015-08,0
situationship,2015-09,0
situationship,2015-10,0
situationship,2015-11,0
situationship,2015-12,0
situationship,2016-01,0
situationship,2016-02,0
situationship,2016-03,0
situationship,2016-04,0
situationship,2016-05,0
situationship,2016-06,0
situationship,2016-07,0
situationship,2016-08,0
situationship,2016-09,0
situationship,2016-10,0
situationship,2016-11,0
situationship,2016-12,0
situationship,2017-01,0
situationship,2017-02,0
situationship,2017-03,0
situationship,2017-04,0
situationship,2017-05,0
situationship,2017-06,0
situationship,2017-07,0
situationship,2017-08,0
situationship,2017-09,0
situationship,2017-10,0
situationship,2017-11,0
situationship,2017-12,0
situationship,2018-01,0
situationship,2018-02,25
situationship,2018-03,9
situationship,2018-04,17
situationship,2018-05,6
situationship,2018-06,7
situationship,2018-07,7
situationship,2018-08,4
situationship,2018-09,4
situationship,2018-10,15
situationship,2018-11,18
situationship,2018-12,20
situationship,2019-01,12
situationship,2019-02,13
situationship,2019-03,15
situationship,2019-04,8
situationship,2019-05,17
situationship,2019-06,17
situationship,2019-07,38
situationship,2019-08,42
situationship,2019-09,33
situationship,2019-10,28
situationship,2019-11,22
situationship,2019-12,15
situationship,2020-01,26
situationship,2020-02,43
situationship,2020-03,26
situationship,2020-04,36
situationship,2020-05,24
situationship,2020-06,30
situationship,2020-07,30
situationship,2020-08,26
situationship,2020-09,26
situationship,2020-10,28
situationship,2020-11,40
situationship,2020-12,19
situationship,2021-01,31
situationship,2021-02,39
situationship,2021-03,18
situationship,2021-04,27
situationship,2021-05,45
situationship,2021-06,41
situationship,2021-07,49
situationship,2021-08,46
situationship,2021-09,31
situationship,2021-10,28
situationship,2021-11,62
situationship,2021-12,38
situationship,2022-01,38
situationship,2022-02,66
situationship,2022-03,50
situationship,2022-04,45
situationship,2022-05,43
situationship,2022-06,82
situationship,2022-07,60
situationship,2022-08,65
situationship,2022-09,275
situationship,2022-10,260
situationship,2022-11,319
situationship,2022-12,409
situationship,2023-01,485
situationship,2023-02,451
situationship,2023-03,521
situationship,2023-04,409
situationship,2023-05,541
situationship,2023-06,284
situationship,2023-07,221
situationship,2023-08,246
situationship,2023-09,230
situationship,2023-10,313
situationship,2023-11,263
situationship,2023-12,381
situationship,2024-01,361
situationship,2024-02,313
situationship,2024-03,243
situationship,2024-04,256
situationship,2024-05,209
situationship,2024-06,281
situationship,2024-07,249
situationship,2024-08,204
situationship,2024-09,206
situationship,2024-10,188
situationship,2024-11,315
situationship,2024-12,499
situationship,2025-01,279
situationship,2025-02,272
situationship,2025-03,231
situationship,2025-04,247
situationship,2025-05,306
situationship,2025-06,233
situationship,2025-07,292
situationship,2025-08,247
situationship,2025-09,251
situationship,2025-10,309
situationship,2025-11,286
situationship,2025-12,395
situationship,2026-01,359
situationship,2026-02,418
situationship,2026-03,387
situationship,2026-04,285
situationship,2026-05,328
situationship,2026-06,348
situationship,2026-07,400
situationship,2026-08,9
ate and left no crumbs,2015-07,0
ate and left no crumbs,2015-08,0
ate and left no crumbs,2015-09,0
ate and left no crumbs,2015-10,0
ate and left no crumbs,2015-11,0
ate and left no crumbs,2015-12,0
ate and left no crumbs,2016-01,0
ate and left no crumbs,2016-02,0
ate and left no crumbs,2016-03,0
ate and left no crumbs,2016-04,0
ate and left no crumbs,2016-05,0
ate and left no crumbs,2016-06,0
ate and left no crumbs,2016-07,0
ate and left no crumbs,2016-08,0
ate and left no crumbs,2016-09,0
ate and left no crumbs,2016-10,0
ate and left no crumbs,2016-11,0
ate and left no crumbs,2016-12,0
ate and left no crumbs,2017-01,0
ate and left no crumbs,2017-02,0
ate and left no crumbs,2017-03,0
ate and left no crumbs,2017-04,0
ate and left no crumbs,2017-05,0
ate and left no crumbs,2017-06,0
ate and left no crumbs,2017-07,0
ate and left no crumbs,2017-08,0
ate and left no crumbs,2017-09,0
ate and left no crumbs,2017-10,0
ate and left no crumbs,2017-11,0
ate and left no crumbs,2017-12,0
ate and left no crumbs,2018-01,0
ate and left no crumbs,2018-02,0
ate and left no crumbs,2018-03,0
ate and left no crumbs,2018-04,0
ate and left no crumbs,2018-05,0
ate and left no crumbs,2018-06,0
ate and left no crumbs,2018-07,0
ate and left no crumbs,2018-08,0
ate and left no crumbs,2018-09,0
ate and left no crumbs,2018-10,0
ate and left no crumbs,2018-11,0
ate and left no crumbs,2018-12,0
ate and left no crumbs,2019-01,0
ate and left no crumbs,2019-02,0
ate and left no crumbs,2019-03,0
ate and left no crumbs,2019-04,0
ate and left no crumbs,2019-05,0
ate and left no crumbs,2019-06,0
ate and left no crumbs,2019-07,0
ate and left no crumbs,2019-08,0
ate and left no crumbs,2019-09,0
ate and left no crumbs,2019-10,0
ate and left no crumbs,2019-11,0
ate and left no crumbs,2019-12,0
ate and left no crumbs,2020-01,0
ate and left no crumbs,2020-02,0
ate and left no crumbs,2020-03,0
ate and left no crumbs,2020-04,0
ate and left no crumbs,2020-05,0
ate and left no crumbs,2020-06,0
ate and left no crumbs,2020-07,0
ate and left no crumbs,2020-08,0
ate and left no crumbs,2020-09,0
ate and left no crumbs,2020-10,0
ate and left no crumbs,2020-11,0
ate and left no crumbs,2020-12,0
ate and left no crumbs,2021-01,0
ate and left no crumbs,2021-02,0
ate and left no crumbs,2021-03,0
ate and left no crumbs,2021-04,0
ate and left no crumbs,2021-05,0
ate and left no crumbs,2021-06,0
ate and left no crumbs,2021-07,0
ate and left no crumbs,2021-08,0
ate and left no crumbs,2021-09,0
ate and left no crumbs,2021-10,0
ate and left no crumbs,2021-11,0
ate and left no crumbs,2021-12,0
ate and left no crumbs,2022-01,0
ate and left no crumbs,2022-02,0
ate and left no crumbs,2022-03,0
ate and left no crumbs,2022-04,0
ate and left no crumbs,2022-05,0
ate and left no crumbs,2022-06,0
ate and left no crumbs,2022-07,0
ate and left no crumbs,2022-08,0
ate and left no crumbs,2022-09,0
ate and left no crumbs,2022-10,0
ate and left no crumbs,2022-11,0
ate and left no crumbs,2022-12,0
ate and left no crumbs,2023-01,0
ate and left no crumbs,2023-02,0
ate and left no crumbs,2023-03,4
ate and left no crumbs,2023-04,14
ate and left no crumbs,2023-05,30
ate and left no crumbs,2023-06,140
ate and left no crumbs,2023-07,190
ate and left no crumbs,2023-08,65
ate and left no crumbs,2023-09,23
ate and left no crumbs,2023-10,16
ate and left no crumbs,2023-11,15
ate and left no crumbs,2023-12,6
ate and left no crumbs,2024-01,24
ate and left no crumbs,2024-02,13
ate and left no crumbs,2024-03,13
ate and left no crumbs,2024-04,21
ate and left no crumbs,2024-05,31
ate and left no crumbs,2024-06,21
ate and left no crumbs,2024-07,17
ate and left no crumbs,2024-08,15
ate and left no crumbs,2024-09,14
ate and left no crumbs,2024-10,16
ate and left no crumbs,2024-11,11
ate and left no crumbs,2024-12,9
ate and left no crumbs,2025-01,14
ate and left no crumbs,2025-02,13
ate and left no crumbs,2025-03,13
ate and left no crumbs,2025-04,8
ate and left no crumbs,2025-05,8
ate and left no crumbs,2025-06,4
ate and left no crumbs,2025-07,4
ate and left no crumbs,2025-08,7
ate and left no crumbs,2025-09,6
ate and left no crumbs,2025-10,9
ate and left no crumbs,2025-11,7
ate and left no crumbs,2025-12,15
ate and left no crumbs,2026-01,14
ate and left no crumbs,2026-02,5
ate and left no crumbs,2026-03,6
ate and left no crumbs,2026-04,4
ate and left no crumbs,2026-05,7
ate and left no crumbs,2026-06,8
ate and left no crumbs,2026-07,8
ate and left no crumbs,2026-08,2
slay,2015-07,1406
slay,2015-08,1027
slay,2015-09,1086
slay,2015-10,1178
slay,2015-11,1025
slay,2015-12,1037
slay,2016-01,1209
slay,2016-02,1548
slay,2016-03,1292
slay,2016-04,1218
slay,2016-05,1146
slay,2016-06,1049
slay,2016-07,1157
slay,2016-08,1033
slay,2016-09,1094
slay,2016-10,1084
slay,2016-11,1054
slay,2016-12,1061
slay,2017-01,948
slay,2017-02,967
slay,2017-03,1227
slay,2017-04,1177
slay,2017-05,1237
slay,2017-06,1008
slay,2017-07,1063
slay,2017-08,1098
slay,2017-09,1055
slay,2017-10,1272
slay,2017-11,1194
slay,2017-12,1174
slay,2018-01,1393
slay,2018-02,1334
slay,2018-03,1431
slay,2018-04,1114
slay,2018-05,1202
slay,2018-06,1114
slay,2018-07,1040
slay,2018-08,953
slay,2018-09,882
slay,2018-10,1025
slay,2018-11,1094
slay,2018-12,1188
slay,2019-01,1422
slay,2019-02,1224
slay,2019-03,1260
slay,2019-04,1035
slay,2019-05,1161
slay,2019-06,1075
slay,2019-07,1282
slay,2019-08,1197
slay,2019-09,1268
slay,2019-10,1608
slay,2019-11,1904
slay,2019-12,1574
slay,2020-01,1621
slay,2020-02,1768
slay,2020-03,1758
slay,2020-04,1712
slay,2020-05,1012
slay,2020-06,643
slay,2020-07,666
slay,2020-08,774
slay,2020-09,763
slay,2020-10,809
slay,2020-11,843
slay,2020-12,842
slay,2021-01,768
slay,2021-02,664
slay,2021-03,743
slay,2021-04,670
slay,2021-05,665
slay,2021-06,568
slay,2021-07,544
slay,2021-08,562
slay,2021-09,529
slay,2021-10,591
slay,2021-11,600
slay,2021-12,602
slay,2022-01,752
slay,2022-02,665
slay,2022-03,908
slay,2022-04,875
slay,2022-05,1194
slay,2022-06,1318
slay,2022-07,1477
slay,2022-08,1826
slay,2022-09,3048
slay,2022-10,4819
slay,2022-11,5882
slay,2022-12,3826
slay,2023-01,4460
slay,2023-02,4729
slay,2023-03,5818
slay,2023-04,2846
slay,2023-05,3025
slay,2023-06,1797
slay,2023-07,1793
slay,2023-08,1716
slay,2023-09,1735
slay,2023-10,1812
slay,2023-11,1584
slay,2023-12,1530
slay,2024-01,1759
slay,2024-02,1370
slay,2024-03,1454
slay,2024-04,1343
slay,2024-05,1552
slay,2024-06,1288
slay,2024-07,1162
slay,2024-08,1503
slay,2024-09,1371
slay,2024-10,1345
slay,2024-11,1401
slay,2024-12,1373
slay,2025-01,1436
slay,2025-02,1408
slay,2025-03,1435
slay,2025-04,1188
slay,2025-05,1242
slay,2025-06,1048
slay,2025-07,1117
slay,2025-08,1305
slay,2025-09,1211
slay,2025-10,1125
slay,2025-11,1123
slay,2025-12,1114
slay,2026-01,1010
slay,2026-02,932
slay,2026-03,1152
slay,2026-04,1125
slay,2026-05,1083
slay,2026-06,959
slay,2026-07,1080
slay,2026-08,30
rizz,2015-07,0
rizz,2015-08,0
rizz,2015-09,0
rizz,2015-10,0
rizz,2015-11,0
rizz,2015-12,0
rizz,2016-01,0
rizz,2016-02,0
rizz,2016-03,0
rizz,2016-04,0
rizz,2016-05,0
rizz,2016-06,0
rizz,2016-07,0
rizz,2016-08,0
rizz,2016-09,0
rizz,2016-10,0
rizz,2016-11,0
rizz,2016-12,0
rizz,2017-01,0
rizz,2017-02,0
rizz,2017-03,0
rizz,2017-04,0
rizz,2017-05,0
rizz,2017-06,0
rizz,2017-07,0
rizz,2017-08,0
rizz,2017-09,0
rizz,2017-10,0
rizz,2017-11,0
rizz,2017-12,0
rizz,2018-01,0
rizz,2018-02,0
rizz,2018-03,0
rizz,2018-04,0
rizz,2018-05,0
rizz,2018-06,0
rizz,2018-07,0
rizz,2018-08,0
rizz,2018-09,0
rizz,2018-10,0
rizz,2018-11,0
rizz,2018-12,0
rizz,2019-01,0
rizz,2019-02,0
rizz,2019-03,0
rizz,2019-04,0
rizz,2019-05,0
rizz,2019-06,0
rizz,2019-07,0
rizz,2019-08,0
rizz,2019-09,0
rizz,2019-10,0
rizz,2019-11,0
rizz,2019-12,0
rizz,2020-01,0
rizz,2020-02,0
rizz,2020-03,0
rizz,2020-04,0
rizz,2020-05,0
rizz,2020-06,0
rizz,2020-07,0
rizz,2020-08,0
rizz,2020-09,0
rizz,2020-10,0
rizz,2020-11,0
rizz,2020-12,0
rizz,2021-01,0
rizz,2021-02,0
rizz,2021-03,0
rizz,2021-04,0
rizz,2021-05,0
rizz,2021-06,0
rizz,2021-07,0
rizz,2021-08,0
rizz,2021-09,0
rizz,2021-10,0
rizz,2021-11,0
rizz,2021-12,0
rizz,2022-01,0
rizz,2022-02,0
rizz,2022-03,0
rizz,2022-04,0
rizz,2022-05,0
rizz,2022-06,0
rizz,2022-07,36
rizz,2022-08,49
rizz,2022-09,72
rizz,2022-10,148
rizz,2022-11,31708
rizz,2022-12,92854
rizz,2023-01,96983
rizz,2023-02,100642
rizz,2023-03,120741
rizz,2023-04,48886
rizz,2023-05,47318
rizz,2023-06,19211
rizz,2023-07,11808
rizz,2023-08,7970
rizz,2023-09,8750
rizz,2023-10,8749
rizz,2023-11,6677
rizz,2023-12,16694
rizz,2024-01,6092
rizz,2024-02,5200
rizz,2024-03,3988
rizz,2024-04,3796
rizz,2024-05,4180
rizz,2024-06,3388
rizz,2024-07,3634
rizz,2024-08,3080
rizz,2024-09,2943
rizz,2024-10,2848
rizz,2024-11,2140
rizz,2024-12,2082
rizz,2025-01,1877
rizz,2025-02,1539
rizz,2025-03,1581
rizz,2025-04,1336
rizz,2025-05,1508
rizz,2025-06,1136
rizz,2025-07,1013
rizz,2025-08,1113
rizz,2025-09,1183
rizz,2025-10,1049
rizz,2025-11,1195
rizz,2025-12,968
rizz,2026-01,913
rizz,2026-02,981
rizz,2026-03,837
rizz,2026-04,1026
rizz,2026-05,979
rizz,2026-06,786
rizz,2026-07,846
rizz,2026-08,25
ong,2015-07,72
ong,2015-08,30
ong,2015-09,27
ong,2015-10,18
ong,2015-11,22
ong,2015-12,28
ong,2016-01,16
ong,2016-02,22
ong,2016-03,23
ong,2016-04,29
ong,2016-05,21
ong,2016-06,25
ong,2016-07,38
ong,2016-08,26
ong,2016-09,33
ong,2016-10,31
ong,2016-11,40
ong,2016-12,26
ong,2017-01,38
ong,2017-02,52
ong,2017-03,47
ong,2017-04,69
ong,2017-05,78
ong,2017-06,97
ong,2017-07,65
ong,2017-08,51
ong,2017-09,60
ong,2017-10,62
ong,2017-11,87
ong,2017-12,79
ong,2018-01,48
ong,2018-02,55
ong,2018-03,64
ong,2018-04,62
ong,2018-05,59
ong,2018-06,61
ong,2018-07,88
ong,2018-08,86
ong,2018-09,84
ong,2018-10,97
ong,2018-11,81
ong,2018-12,81
ong,2019-01,94
ong,2019-02,77
ong,2019-03,75
ong,2019-04,72
ong,2019-05,77
ong,2019-06,71
ong,2019-07,82
ong,2019-08,71
ong,2019-09,91
ong,2019-10,55
ong,2019-11,215
ong,2019-12,338
ong,2020-01,500
ong,2020-02,214
ong,2020-03,321
ong,2020-04,507
ong,2020-05,120
ong,2020-06,70
ong,2020-07,78
ong,2020-08,62
ong,2020-09,92
ong,2020-10,138
ong,2020-11,103
ong,2020-12,80
ong,2021-01,82
ong,2021-02,138
ong,2021-03,113
ong,2021-04,90
ong,2021-05,72
ong,2021-06,52
ong,2021-07,56
ong,2021-08,67
ong,2021-09,68
ong,2021-10,69
ong,2021-11,79
ong,2021-12,66
ong,2022-01,74
ong,2022-02,72
ong,2022-03,92
ong,2022-04,128
ong,2022-05,124
ong,2022-06,143
ong,2022-07,200
ong,2022-08,241
ong,2022-09,159
ong,2022-10,182
ong,2022-11,196
ong,2022-12,212
ong,2023-01,208
ong,2023-02,178
ong,2023-03,214
ong,2023-04,262
ong,2023-05,167
ong,2023-06,240
ong,2023-07,177
ong,2023-08,223
ong,2023-09,181
ong,2023-10,219
ong,2023-11,192
ong,2023-12,202
ong,2024-01,132
ong,2024-02,145
ong,2024-03,191
ong,2024-04,160
ong,2024-05,187
ong,2024-06,125
ong,2024-07,167
ong,2024-08,151
ong,2024-09,143
ong,2024-10,167
ong,2024-11,159
ong,2024-12,176
ong,2025-01,190
ong,2025-02,128
ong,2025-03,169
ong,2025-04,205
ong,2025-05,176
ong,2025-06,246
ong,2025-07,188
ong,2025-08,191
ong,2025-09,191
ong,2025-10,153
ong,2025-11,147
ong,2025-12,156
ong,2026-01,143
ong,2026-02,169
ong,2026-03,170
ong,2026-04,115
ong,2026-05,156
ong,2026-06,155
ong,2026-07,195
ong,2026-08,9
gyatt,2015-07,0
gyatt,2015-08,0
gyatt,2015-09,0
gyatt,2015-10,0
gyatt,2015-11,0
gyatt,2015-12,0
gyatt,2016-01,0
gyatt,2016-02,0
gyatt,2016-03,0
gyatt,2016-04,0
gyatt,2016-05,0
gyatt,2016-06,0
gyatt,2016-07,0
gyatt,2016-08,0
gyatt,2016-09,0
gyatt,2016-10,0
gyatt,2016-11,0
gyatt,2016-12,0
gyatt,2017-01,0
gyatt,2017-02,0
gyatt,2017-03,0
gyatt,2017-04,0
gyatt,2017-05,0
gyatt,2017-06,0
gyatt,2017-07,0
gyatt,2017-08,0
gyatt,2017-09,0
gyatt,2017-10,0
gyatt,2017-11,0
gyatt,2017-12,0
gyatt,2018-01,0
gyatt,2018-02,0
gyatt,2018-03,0
gyatt,2018-04,0
gyatt,2018-05,0
gyatt,2018-06,0
gyatt,2018-07,0
gyatt,2018-08,0
gyatt,2018-09,0
gyatt,2018-10,0
gyatt,2018-11,0
gyatt,2018-12,0
gyatt,2019-01,0
gyatt,2019-02,0
gyatt,2019-03,0
gyatt,2019-04,0
gyatt,2019-05,0
gyatt,2019-06,0
gyatt,2019-07,0
gyatt,2019-08,0
gyatt,2019-09,0
gyatt,2019-10,0
gyatt,2019-11,0
gyatt,2019-12,0
gyatt,2020-01,0
gyatt,2020-02,0
gyatt,2020-03,0
gyatt,2020-04,0
gyatt,2020-05,0
gyatt,2020-06,0
gyatt,2020-07,0
gyatt,2020-08,0
gyatt,2020-09,0
gyatt,2020-10,0
gyatt,2020-11,0
gyatt,2020-12,0
gyatt,2021-01,0
gyatt,2021-02,0
gyatt,2021-03,0
gyatt,2021-04,0
gyatt,2021-05,0
gyatt,2021-06,0
gyatt,2021-07,0
gyatt,2021-08,0
gyatt,2021-09,0
gyatt,2021-10,0
gyatt,2021-11,0
gyatt,2021-12,0
gyatt,2022-01,0
gyatt,2022-02,0
gyatt,2022-03,0
gyatt,2022-04,0
gyatt,2022-05,0
gyatt,2022-06,0
gyatt,2022-07,0
gyatt,2022-08,0
gyatt,2022-09,0
gyatt,2022-10,0
gyatt,2022-11,0
gyatt,2022-12,0
gyatt,2023-01,0
gyatt,2023-02,0
gyatt,2023-03,0
gyatt,2023-04,0
gyatt,2023-05,127
gyatt,2023-06,334
gyatt,2023-07,497
gyatt,2023-08,1478
gyatt,2023-09,5026
gyatt,2023-10,15198
gyatt,2023-11,22129
gyatt,2023-12,12681
gyatt,2024-01,5603
gyatt,2024-02,4095
gyatt,2024-03,4482
gyatt,2024-04,5085
gyatt,2024-05,6275
gyatt,2024-06,4116
gyatt,2024-07,3758
gyatt,2024-08,4125
gyatt,2024-09,3817
gyatt,2024-10,2630
gyatt,2024-11,2637
gyatt,2024-12,2567
gyatt,2025-01,2084
gyatt,2025-02,1537
gyatt,2025-03,1576
gyatt,2025-04,1439
gyatt,2025-05,1538
gyatt,2025-06,1203
gyatt,2025-07,1090
gyatt,2025-08,1242
gyatt,2025-09,967
gyatt,2025-10,959
gyatt,2025-11,989
gyatt,2025-12,856
gyatt,2026-01,763
gyatt,2026-02,789
gyatt,2026-03,853
gyatt,2026-04,670
gyatt,2026-05,684
gyatt,2026-06,597
gyatt,2026-07,710
gyatt,2026-08,17
delulu,2015-07,0
delulu,2015-08,0
delulu,2015-09,0
delulu,2015-10,0
delulu,2015-11,0
delulu,2015-12,0
delulu,2016-01,0
delulu,2016-02,0
delulu,2016-03,0
delulu,2016-04,0
delulu,2016-05,0
delulu,2016-06,0
delulu,2016-07,0
delulu,2016-08,0
delulu,2016-09,0
delulu,2016-10,0
delulu,2016-11,0
delulu,2016-12,0
delulu,2017-01,0
delulu,2017-02,0
delulu,2017-03,0
delulu,2017-04,0
delulu,2017-05,0
delulu,2017-06,0
delulu,2017-07,0
delulu,2017-08,0
delulu,2017-09,0
delulu,2017-10,0
delulu,2017-11,0
delulu,2017-12,0
delulu,2018-01,0
delulu,2018-02,0
delulu,2018-03,0
delulu,2018-04,0
delulu,2018-05,0
delulu,2018-06,0
delulu,2018-07,0
delulu,2018-08,0
delulu,2018-09,0
delulu,2018-10,0
delulu,2018-11,0
delulu,2018-12,0
delulu,2019-01,0
delulu,2019-02,0
delulu,2019-03,0
delulu,2019-04,0
delulu,2019-05,0
delulu,2019-06,0
delulu,2019-07,0
delulu,2019-08,0
delulu,2019-09,0
delulu,2019-10,0
delulu,2019-11,0
delulu,2019-12,0
delulu,2020-01,0
delulu,2020-02,0
delulu,2020-03,0
delulu,2020-04,0
delulu,2020-05,0
delulu,2020-06,0
delulu,2020-07,0
delulu,2020-08,0
delulu,2020-09,0
delulu,2020-10,0
delulu,2020-11,0
delulu,2020-12,0
delulu,2021-01,0
delulu,2021-02,0
delulu,2021-03,0
delulu,2021-04,0
delulu,2021-05,0
delulu,2021-06,0
delulu,2021-07,0
delulu,2021-08,0
delulu,2021-09,0
delulu,2021-10,0
delulu,2021-11,0
delulu,2021-12,0
delulu,2022-01,0
delulu,2022-02,0
delulu,2022-03,0
delulu,2022-04,0
delulu,2022-05,0
delulu,2022-06,0
delulu,2022-07,0
delulu,2022-08,0
delulu,2022-09,0
delulu,2022-10,0
delulu,2022-11,0
delulu,2022-12,0
delulu,2023-01,0
delulu,2023-02,0
delulu,2023-03,0
delulu,2023-04,0
delulu,2023-05,0
delulu,2023-06,0
delulu,2023-07,127
delulu,2023-08,127
delulu,2023-09,211
delulu,2023-10,246
delulu,2023-11,248
delulu,2023-12,310
delulu,2024-01,394
delulu,2024-02,259
delulu,2024-03,312
delulu,2024-04,334
delulu,2024-05,307
delulu,2024-06,292
delulu,2024-07,260
delulu,2024-08,239
delulu,2024-09,281
delulu,2024-10,258
delulu,2024-11,295
delulu,2024-12,295
delulu,2025-01,262
delulu,2025-02,211
delulu,2025-03,263
delulu,2025-04,195
delulu,2025-05,245
delulu,2025-06,211
delulu,2025-07,245
delulu,2025-08,576
delulu,2025-09,232
delulu,2025-10,220
delulu,2025-11,227
delulu,2025-12,208
delulu,2026-01,241
delulu,2026-02,196
delulu,2026-03,218
delulu,2026-04,166
delulu,2026-05,215
delulu,2026-06,236
delulu,2026-07,234
delulu,2026-08,4
skibidi,2015-07,0
skibidi,2015-08,0
skibidi,2015-09,0
skibidi,2015-10,0
skibidi,2015-11,0
skibidi,2015-12,0
skibidi,2016-01,0
skibidi,2016-02,0
skibidi,2016-03,0
skibidi,2016-04,0
skibidi,2016-05,0
skibidi,2016-06,0
skibidi,2016-07,0
skibidi,2016-08,0
skibidi,2016-09,0
skibidi,2016-10,0
skibidi,2016-11,0
skibidi,2016-12,0
skibidi,2017-01,0
skibidi,2017-02,0
skibidi,2017-03,0
skibidi,2017-04,0
skibidi,2017-05,0
skibidi,2017-06,0
skibidi,2017-07,0
skibidi,2017-08,0
skibidi,2017-09,0
skibidi,2017-10,0
skibidi,2017-11,0
skibidi,2017-12,0
skibidi,2018-01,0
skibidi,2018-02,0
skibidi,2018-03,0
skibidi,2018-04,0
skibidi,2018-05,0
skibidi,2018-06,0
skibidi,2018-07,0
skibidi,2018-08,0
skibidi,2018-09,0
skibidi,2018-10,0
skibidi,2018-11,0
skibidi,2018-12,0
skibidi,2019-01,0
skibidi,2019-02,0
skibidi,2019-03,0
skibidi,2019-04,0
skibidi,2019-05,0
skibidi,2019-06,0
skibidi,2019-07,0
skibidi,2019-08,0
skibidi,2019-09,0
skibidi,2019-10,0
skibidi,2019-11,0
skibidi,2019-12,0
skibidi,2020-01,0
skibidi,2020-02,0
skibidi,2020-03,0
skibidi,2020-04,0
skibidi,2020-05,0
skibidi,2020-06,0
skibidi,2020-07,0
skibidi,2020-08,0
skibidi,2020-09,0
skibidi,2020-10,0
skibidi,2020-11,0
skibidi,2020-12,0
skibidi,2021-01,0
skibidi,2021-02,0
skibidi,2021-03,0
skibidi,2021-04,0
skibidi,2021-05,0
skibidi,2021-06,0
skibidi,2021-07,0
skibidi,2021-08,0
skibidi,2021-09,0
skibidi,2021-10,0
skibidi,2021-11,0
skibidi,2021-12,0
skibidi,2022-01,0
skibidi,2022-02,0
skibidi,2022-03,0
skibidi,2022-04,0
skibidi,2022-05,0
skibidi,2022-06,0
skibidi,2022-07,0
skibidi,2022-08,0
skibidi,2022-09,0
skibidi,2022-10,0
skibidi,2022-11,0
skibidi,2022-12,0
skibidi,2023-01,0
skibidi,2023-02,0
skibidi,2023-03,0
skibidi,2023-04,0
skibidi,2023-05,0
skibidi,2023-06,0
skibidi,2023-07,0
skibidi,2023-08,0
skibidi,2023-09,0
skibidi,2023-10,25
skibidi,2023-11,0
skibidi,2023-12,0
skibidi,2024-01,0
skibidi,2024-02,1261
skibidi,2024-03,3417
skibidi,2024-04,13366
skibidi,2024-05,30148
skibidi,2024-06,22213
skibidi,2024-07,24086
skibidi,2024-08,16441
skibidi,2024-09,15317
skibidi,2024-10,15042
skibidi,2024-11,11400
skibidi,2024-12,11150
skibidi,2025-01,9319
skibidi,2025-02,5654
skibidi,2025-03,4256
skibidi,2025-04,3008
skibidi,2025-05,3275
skibidi,2025-06,2396
skibidi,2025-07,2138
skibidi,2025-08,4802
skibidi,2025-09,2609
skibidi,2025-10,2946
skibidi,2025-11,2465
skibidi,2025-12,1794
skibidi,2026-01,1288
skibidi,2026-02,1020
skibidi,2026-03,1132
skibidi,2026-04,1041
skibidi,2026-05,998
skibidi,2026-06,903
skibidi,2026-07,1011
skibidi,2026-08,22
looksmaxxing,2015-07,0
looksmaxxing,2015-08,0
looksmaxxing,2015-09,0
looksmaxxing,2015-10,0
looksmaxxing,2015-11,0
looksmaxxing,2015-12,0
looksmaxxing,2016-01,0
looksmaxxing,2016-02,0
looksmaxxing,2016-03,0
looksmaxxing,2016-04,0
looksmaxxing,2016-05,0
looksmaxxing,2016-06,0
looksmaxxing,2016-07,0
looksmaxxing,2016-08,0
looksmaxxing,2016-09,0
looksmaxxing,2016-10,0
looksmaxxing,2016-11,0
looksmaxxing,2016-12,0
looksmaxxing,2017-01,0
looksmaxxing,2017-02,0
looksmaxxing,2017-03,0
looksmaxxing,2017-04,0
looksmaxxing,2017-05,0
looksmaxxing,2017-06,0
looksmaxxing,2017-07,0
looksmaxxing,2017-08,0
looksmaxxing,2017-09,0
looksmaxxing,2017-10,0
looksmaxxing,2017-11,0
looksmaxxing,2017-12,0
looksmaxxing,2018-01,0
looksmaxxing,2018-02,0
looksmaxxing,2018-03,0
looksmaxxing,2018-04,0
looksmaxxing,2018-05,0
looksmaxxing,2018-06,0
looksmaxxing,2018-07,0
looksmaxxing,2018-08,0
looksmaxxing,2018-09,0
looksmaxxing,2018-10,0
looksmaxxing,2018-11,0
looksmaxxing,2018-12,0
looksmaxxing,2019-01,0
looksmaxxing,2019-02,0
looksmaxxing,2019-03,0
looksmaxxing,2019-04,0
looksmaxxing,2019-05,0
looksmaxxing,2019-06,0
looksmaxxing,2019-07,0
looksmaxxing,2019-08,0
looksmaxxing,2019-09,0
looksmaxxing,2019-10,0
looksmaxxing,2019-11,0
looksmaxxing,2019-12,0
looksmaxxing,2020-01,0
looksmaxxing,2020-02,0
looksmaxxing,2020-03,0
looksmaxxing,2020-04,0
looksmaxxing,2020-05,0
looksmaxxing,2020-06,0
looksmaxxing,2020-07,0
looksmaxxing,2020-08,1
looksmaxxing,2020-09,4
looksmaxxing,2020-10,3
looksmaxxing,2020-11,1
looksmaxxing,2020-12,3
looksmaxxing,2021-01,4
looksmaxxing,2021-02,1
looksmaxxing,2021-03,1
looksmaxxing,2021-04,3
looksmaxxing,2021-05,1
looksmaxxing,2021-06,2
looksmaxxing,2021-07,1
looksmaxxing,2021-08,5
looksmaxxing,2021-09,3
looksmaxxing,2021-10,3
looksmaxxing,2021-11,2
looksmaxxing,2021-12,2
looksmaxxing,2022-01,3
looksmaxxing,2022-02,2
looksmaxxing,2022-03,15
looksmaxxing,2022-04,50
looksmaxxing,2022-05,34
looksmaxxing,2022-06,8
looksmaxxing,2022-07,9
looksmaxxing,2022-08,14
looksmaxxing,2022-09,24
looksmaxxing,2022-10,45
looksmaxxing,2022-11,132
looksmaxxing,2022-12,62
looksmaxxing,2023-01,47
looksmaxxing,2023-02,32
looksmaxxing,2023-03,28
looksmaxxing,2023-04,40
looksmaxxing,2023-05,19
looksmaxxing,2023-06,21
looksmaxxing,2023-07,25
looksmaxxing,2023-08,93
looksmaxxing,2023-09,63
looksmaxxing,2023-10,72
looksmaxxing,2023-11,66
looksmaxxing,2023-12,75
looksmaxxing,2024-01,113
looksmaxxing,2024-02,59
looksmaxxing,2024-03,70
looksmaxxing,2024-04,43
looksmaxxing,2024-05,50
looksmaxxing,2024-06,55
looksmaxxing,2024-07,26
looksmaxxing,2024-08,53
looksmaxxing,2024-09,61
looksmaxxing,2024-10,194
looksmaxxing,2024-11,237
looksmaxxing,2024-12,228
looksmaxxing,2025-01,248
looksmaxxing,2025-02,177
looksmaxxing,2025-03,216
looksmaxxing,2025-04,206
looksmaxxing,2025-05,155
looksmaxxing,2025-06,154
looksmaxxing,2025-07,154
looksmaxxing,2025-08,149
looksmaxxing,2025-09,150
looksmaxxing,2025-10,151
looksmaxxing,2025-11,41
looksmaxxing,2025-12,35
looksmaxxing,2026-01,65
looksmaxxing,2026-02,74
looksmaxxing,2026-03,110
looksmaxxing,2026-04,84
looksmaxxing,2026-05,105
looksmaxxing,2026-06,52
looksmaxxing,2026-07,45
looksmaxxing,2026-08,0
mewing,2015-07,31
mewing,2015-08,16
mewing,2015-09,25
mewing,2015-10,25
mewing,2015-11,22
mewing,2015-12,26
mewing,2016-01,14
mewing,2016-02,22
mewing,2016-03,14
mewing,2016-04,19
mewing,2016-05,15
mewing,2016-06,34
mewing,2016-07,19
mewing,2016-08,14
mewing,2016-09,29
mewing,2016-10,21
mewing,2016-11,30
mewing,2016-12,30
mewing,2017-01,38
mewing,2017-02,16
mewing,2017-03,16
mewing,2017-04,21
mewing,2017-05,32
mewing,2017-06,49
mewing,2017-07,31
mewing,2017-08,34
mewing,2017-09,33
mewing,2017-10,25
mewing,2017-11,34
mewing,2017-12,31
mewing,2018-01,34
mewing,2018-02,16
mewing,2018-03,11
mewing,2018-04,39
mewing,2018-05,41
mewing,2018-06,58
mewing,2018-07,46
mewing,2018-08,37
mewing,2018-09,19
mewing,2018-10,29
mewing,2018-11,68
mewing,2018-12,285
mewing,2019-01,409
mewing,2019-02,248
mewing,2019-03,135
mewing,2019-04,110
mewing,2019-05,70
mewing,2019-06,46
mewing,2019-07,57
mewing,2019-08,25
mewing,2019-09,43
mewing,2019-10,31
mewing,2019-11,48
mewing,2019-12,33
mewing,2020-01,42
mewing,2020-02,39
mewing,2020-03,41
mewing,2020-04,39
mewing,2020-05,33
mewing,2020-06,24
mewing,2020-07,23
mewing,2020-08,37
mewing,2020-09,58
mewing,2020-10,78
mewing,2020-11,40
mewing,2020-12,35
mewing,2021-01,30
mewing,2021-02,26
mewing,2021-03,45
mewing,2021-04,45
mewing,2021-05,19
mewing,2021-06,25
mewing,2021-07,29
mewing,2021-08,25
mewing,2021-09,28
mewing,2021-10,18
mewing,2021-11,24
mewing,2021-12,32
mewing,2022-01,27
mewing,2022-02,35
mewing,2022-03,40
mewing,2022-04,48
mewing,2022-05,99
mewing,2022-06,72
mewing,2022-07,70
mewing,2022-08,131
mewing,2022-09,108
mewing,2022-10,75
mewing,2022-11,86
mewing,2022-12,32
mewing,2023-01,38
mewing,2023-02,56
mewing,2023-03,67
mewing,2023-04,35
mewing,2023-05,62
mewing,2023-06,72
mewing,2023-07,65
mewing,2023-08,83
mewing,2023-09,152
mewing,2023-10,51
mewing,2023-11,141
mewing,2023-12,168
mewing,2024-01,327
mewing,2024-02,418
mewing,2024-03,403
mewing,2024-04,496
mewing,2024-05,451
mewing,2024-06,380
mewing,2024-07,350
mewing,2024-08,395
mewing,2024-09,330
mewing,2024-10,236
mewing,2024-11,164
mewing,2024-12,170
mewing,2025-01,168
mewing,2025-02,146
mewing,2025-03,148
mewing,2025-04,134
mewing,2025-05,184
mewing,2025-06,182
mewing,2025-07,259
mewing,2025-08,184
mewing,2025-09,160
mewing,2025-10,150
mewing,2025-11,120
mewing,2025-12,138
mewing,2026-01,177
mewing,2026-02,102
mewing,2026-03,95
mewing,2026-04,104
mewing,2026-05,134
mewing,2026-06,108
mewing,2026-07,118
mewing,2026-08,3
pookie,2015-07,0
pookie,2015-08,0
pookie,2015-09,0
pookie,2015-10,0
pookie,2015-11,0
pookie,2015-12,0
pookie,2016-01,0
pookie,2016-02,0
pookie,2016-03,0
pookie,2016-04,0
pookie,2016-05,0
pookie,2016-06,0
pookie,2016-07,0
pookie,2016-08,0
pookie,2016-09,0
pookie,2016-10,0
pookie,2016-11,0
pookie,2016-12,0
pookie,2017-01,0
pookie,2017-02,0
pookie,2017-03,0
pookie,2017-04,0
pookie,2017-05,0
pookie,2017-06,0
pookie,2017-07,0
pookie,2017-08,0
pookie,2017-09,0
pookie,2017-10,0
pookie,2017-11,0
pookie,2017-12,0
pookie,2018-01,0
pookie,2018-02,0
pookie,2018-03,0
pookie,2018-04,0
pookie,2018-05,0
pookie,2018-06,0
pookie,2018-07,0
pookie,2018-08,0
pookie,2018-09,0
pookie,2018-10,0
pookie,2018-11,0
pookie,2018-12,0
pookie,2019-01,0
pookie,2019-02,0
pookie,2019-03,0
pookie,2019-04,0
pookie,2019-05,0
pookie,2019-06,0
pookie,2019-07,0
pookie,2019-08,0
pookie,2019-09,0
pookie,2019-10,0
pookie,2019-11,0
pookie,2019-12,0
pookie,2020-01,0
pookie,2020-02,0
pookie,2020-03,0
pookie,2020-04,0
pookie,2020-05,0
pookie,2020-06,0
pookie,2020-07,0
pookie,2020-08,4
pookie,2020-09,0
pookie,2020-10,0
pookie,2020-11,0
pookie,2020-12,0
pookie,2021-01,0
pookie,2021-02,0
pookie,2021-03,0
pookie,2021-04,0
pookie,2021-05,0
pookie,2021-06,0
pookie,2021-07,0
pookie,2021-08,0
pookie,2021-09,0
pookie,2021-10,0
pookie,2021-11,0
pookie,2021-12,0
pookie,2022-01,0
pookie,2022-02,0
pookie,2022-03,0
pookie,2022-04,0
pookie,2022-05,0
pookie,2022-06,0
pookie,2022-07,0
pookie,2022-08,0
pookie,2022-09,0
pookie,2022-10,0
pookie,2022-11,0
pookie,2022-12,0
pookie,2023-01,0
pookie,2023-02,0
pookie,2023-03,0
pookie,2023-04,0
pookie,2023-05,0
pookie,2023-06,0
pookie,2023-07,0
pookie,2023-08,0
pookie,2023-09,0
pookie,2023-10,0
pookie,2023-11,0
pookie,2023-12,0
pookie,2024-01,0
pookie,2024-02,1
pookie,2024-03,0
pookie,2024-04,0
pookie,2024-05,0
pookie,2024-06,0
pookie,2024-07,0
pookie,2024-08,0
pookie,2024-09,26
pookie,2024-10,328
pookie,2024-11,323
pookie,2024-12,354
pookie,2025-01,353
pookie,2025-02,388
pookie,2025-03,359
pookie,2025-04,297
pookie,2025-05,421
pookie,2025-06,542
pookie,2025-07,483
pookie,2025-08,629
pookie,2025-09,605
pookie,2025-10,428
pookie,2025-11,420
pookie,2025-12,380
pookie,2026-01,286
pookie,2026-02,880
pookie,2026-03,272
pookie,2026-04,321
pookie,2026-05,351
pookie,2026-06,255
pookie,2026-07,261
pookie,2026-08,8
big back,2015-07,0
big back,2015-08,0
big back,2015-09,0
big back,2015-10,0
big back,2015-11,0
big back,2015-12,0
big back,2016-01,0
big back,2016-02,0
big back,2016-03,0
big back,2016-04,0
big back,2016-05,0
big back,2016-06,0
big back,2016-07,0
big back,2016-08,0
big back,2016-09,0
big back,2016-10,0
big back,2016-11,0
big back,2016-12,0
big back,2017-01,0
big back,2017-02,0
big back,2017-03,0
big back,2017-04,0
big back,2017-05,0
big back,2017-06,0
big back,2017-07,0
big back,2017-08,0
big back,2017-09,0
big back,2017-10,0
big back,2017-11,0
big back,2017-12,0
big back,2018-01,0
big back,2018-02,0
big back,2018-03,0
big back,2018-04,0
big back,2018-05,0
big back,2018-06,0
big back,2018-07,0
big back,2018-08,0
big back,2018-09,0
big back,2018-10,0
big back,2018-11,0
big back,2018-12,0
big back,2019-01,0
big back,2019-02,0
big back,2019-03,0
big back,2019-04,0
big back,2019-05,0
big back,2019-06,0
big back,2019-07,0
big back,2019-08,0
big back,2019-09,0
big back,2019-10,0
big back,2019-11,0
big back,2019-12,0
big back,2020-01,0
big back,2020-02,0
big back,2020-03,0
big back,2020-04,0
big back,2020-05,0
big back,2020-06,0
big back,2020-07,0
big back,2020-08,0
big back,2020-09,0
big back,2020-10,0
big back,2020-11,0
big back,2020-12,0
big back,2021-01,0
big back,2021-02,0
big back,2021-03,0
big back,2021-04,0
big back,2021-05,0
big back,2021-06,0
big back,2021-07,0
big back,2021-08,0
big back,2021-09,0
big back,2021-10,0
big back,2021-11,0
big back,2021-12,0
big back,2022-01,0
big back,2022-02,0
big back,2022-03,0
big back,2022-04,0
big back,2022-05,0
big back,2022-06,0
big back,2022-07,0
big back,2022-08,0
big back,2022-09,0
big back,2022-10,0
big back,2022-11,0
big back,2022-12,0
big back,2023-01,0
big back,2023-02,0
big back,2023-03,0
big back,2023-04,0
big back,2023-05,0
big back,2023-06,0
big back,2023-07,0
big back,2023-08,0
big back,2023-09,0
big back,2023-10,0
big back,2023-11,0
big back,2023-12,0
big back,2024-01,0
big back,2024-02,0
big back,2024-03,0
big back,2024-04,0
big back,2024-05,0
big back,2024-06,0
big back,2024-07,0
big back,2024-08,0
big back,2024-09,5
big back,2024-10,0
big back,2024-11,0
big back,2024-12,80
big back,2025-01,126
big back,2025-02,93
big back,2025-03,157
big back,2025-04,240
big back,2025-05,303
big back,2025-06,243
big back,2025-07,194
big back,2025-08,315
big back,2025-09,320
big back,2025-10,332
big back,2025-11,419
big back,2025-12,501
big back,2026-01,490
big back,2026-02,432
big back,2026-03,377
big back,2026-04,286
big back,2026-05,274
big back,2026-06,178
big back,2026-07,178
big back,2026-08,9
yapping,2015-07,32
yapping,2015-08,27
yapping,2015-09,22
yapping,2015-10,23
yapping,2015-11,19
yapping,2015-12,27
yapping,2016-01,27
yapping,2016-02,18
yapping,2016-03,18
yapping,2016-04,15
yapping,2016-05,18
yapping,2016-06,28
yapping,2016-07,30
yapping,2016-08,12
yapping,2016-09,17
yapping,2016-10,39
yapping,2016-11,28
yapping,2016-12,25
yapping,2017-01,48
yapping,2017-02,41
yapping,2017-03,31
yapping,2017-04,21
yapping,2017-05,36
yapping,2017-06,26
yapping,2017-07,24
yapping,2017-08,23
yapping,2017-09,18
yapping,2017-10,26
yapping,2017-11,20
yapping,2017-12,21
yapping,2018-01,22
yapping,2018-02,15
yapping,2018-03,30
yapping,2018-04,42
yapping,2018-05,43
yapping,2018-06,44
yapping,2018-07,50
yapping,2018-08,56
yapping,2018-09,44
yapping,2018-10,49
yapping,2018-11,62
yapping,2018-12,48
yapping,2019-01,70
yapping,2019-02,46
yapping,2019-03,36
yapping,2019-04,30
yapping,2019-05,25
yapping,2019-06,25
yapping,2019-07,34
yapping,2019-08,27
yapping,2019-09,23
yapping,2019-10,37
yapping,2019-11,43
yapping,2019-12,46
yapping,2020-01,40
yapping,2020-02,29
yapping,2020-03,48
yapping,2020-04,26
yapping,2020-05,21
yapping,2020-06,24
yapping,2020-07,17
yapping,2020-08,24
yapping,2020-09,49
yapping,2020-10,23
yapping,2020-11,28
yapping,2020-12,18
yapping,2021-01,32
yapping,2021-02,19
yapping,2021-03,18
yapping,2021-04,23
yapping,2021-05,26
yapping,2021-06,15
yapping,2021-07,26
yapping,2021-08,15
yapping,2021-09,35
yapping,2021-10,25
yapping,2021-11,24
yapping,2021-12,21
yapping,2022-01,26
yapping,2022-02,56
yapping,2022-03,32
yapping,2022-04,23
yapping,2022-05,51
yapping,2022-06,38
yapping,2022-07,48
yapping,2022-08,29
yapping,2022-09,31
yapping,2022-10,46
yapping,2022-11,41
yapping,2022-12,32
yapping,2023-01,51
yapping,2023-02,77
yapping,2023-03,95
yapping,2023-04,53
yapping,2023-05,53
yapping,2023-06,59
yapping,2023-07,45
yapping,2023-08,76
yapping,2023-09,202
yapping,2023-10,229
yapping,2023-11,196
yapping,2023-12,252
yapping,2024-01,548
yapping,2024-02,526
yapping,2024-03,426
yapping,2024-04,374
yapping,2024-05,393
yapping,2024-06,290
yapping,2024-07,207
yapping,2024-08,232
yapping,2024-09,280
yapping,2024-10,209
yapping,2024-11,225
yapping,2024-12,223
yapping,2025-01,253
yapping,2025-02,225
yapping,2025-03,224
yapping,2025-04,185
yapping,2025-05,168
yapping,2025-06,159
yapping,2025-07,149
yapping,2025-08,181
yapping,2025-09,184
yapping,2025-10,165
yapping,2025-11,133
yapping,2025-12,170
yapping,2026-01,140
yapping,2026-02,103
yapping,2026-03,135
yapping,2026-04,133
yapping,2026-05,124
yapping,2026-06,132
yapping,2026-07,133
yapping,2026-08,5
brain rot,2015-07,0
brain rot,2015-08,0
brain rot,2015-09,0
brain rot,2015-10,0
brain rot,2015-11,0
brain rot,2015-12,0
brain rot,2016-01,0
brain rot,2016-02,0
brain rot,2016-03,0
brain rot,2016-04,0
brain rot,2016-05,0
brain rot,2016-06,0
brain rot,2016-07,0
brain rot,2016-08,0
brain rot,2016-09,0
brain rot,2016-10,0
brain rot,2016-11,0
brain rot,2016-12,0
brain rot,2017-01,0
brain rot,2017-02,0
brain rot,2017-03,0
brain rot,2017-04,0
brain rot,2017-05,0
brain rot,2017-06,0
brain rot,2017-07,0
brain rot,2017-08,0
brain rot,2017-09,0
brain rot,2017-10,0
brain rot,2017-11,0
brain rot,2017-12,0
brain rot,2018-01,0
brain rot,2018-02,0
brain rot,2018-03,0
brain rot,2018-04,0
brain rot,2018-05,0
brain rot,2018-06,0
brain rot,2018-07,0
brain rot,2018-08,0
brain rot,2018-09,0
brain rot,2018-10,0
brain rot,2018-11,0
brain rot,2018-12,0
brain rot,2019-01,0
brain rot,2019-02,0
brain rot,2019-03,0
brain rot,2019-04,0
brain rot,2019-05,0
brain rot,2019-06,0
brain rot,2019-07,0
brain rot,2019-08,0
brain rot,2019-09,0
brain rot,2019-10,0
brain rot,2019-11,0
brain rot,2019-12,0
brain rot,2020-01,0
brain rot,2020-02,0
brain rot,2020-03,0
brain rot,2020-04,0
brain rot,2020-05,0
brain rot,2020-06,0
brain rot,2020-07,0
brain rot,2020-08,0
brain rot,2020-09,0
brain rot,2020-10,0
brain rot,2020-11,0
brain rot,2020-12,0
brain rot,2021-01,0
brain rot,2021-02,0
brain rot,2021-03,0
brain rot,2021-04,0
brain rot,2021-05,0
brain rot,2021-06,0
brain rot,2021-07,0
brain rot,2021-08,0
brain rot,2021-09,0
brain rot,2021-10,0
brain rot,2021-11,36
brain rot,2021-12,21
brain rot,2022-01,25
brain rot,2022-02,233
brain rot,2022-03,1058
brain rot,2022-04,1321
brain rot,2022-05,1240
brain rot,2022-06,1237
brain rot,2022-07,1411
brain rot,2022-08,1611
brain rot,2022-09,1722
brain rot,2022-10,1495
brain rot,2022-11,1777
brain rot,2022-12,1371
brain rot,2023-01,1955
brain rot,2023-02,2089
brain rot,2023-03,2466
brain rot,2023-04,2421
brain rot,2023-05,2788
brain rot,2023-06,3205
brain rot,2023-07,4532
brain rot,2023-08,3580
brain rot,2023-09,3943
brain rot,2023-10,5075
brain rot,2023-11,6382
brain rot,2023-12,6215
brain rot,2024-01,10328
brain rot,2024-02,9734
brain rot,2024-03,5938
brain rot,2024-04,8121
brain rot,2024-05,8082
brain rot,2024-06,6594
brain rot,2024-07,20765
brain rot,2024-08,14880
brain rot,2024-09,4450
brain rot,2024-10,3196
brain rot,2024-11,2438
brain rot,2024-12,4263
brain rot,2025-01,2892
brain rot,2025-02,1571
brain rot,2025-03,1485
brain rot,2025-04,1847
brain rot,2025-05,2125
brain rot,2025-06,1123
brain rot,2025-07,933
brain rot,2025-08,1155
brain rot,2025-09,1206
brain rot,2025-10,1257
brain rot,2025-11,1213
brain rot,2025-12,1046
brain rot,2026-01,877
brain rot,2026-02,715
brain rot,2026-03,764
brain rot,2026-04,668
brain rot,2026-05,761
brain rot,2026-06,610
brain rot,2026-07,528
brain rot,2026-08,17
demure,2015-07,424
demure,2015-08,392
demure,2015-09,442
demure,2015-10,419
demure,2015-11,406
demure,2015-12,426
demure,2016-01,708
demure,2016-02,916
demure,2016-03,1068
demure,2016-04,613
demure,2016-05,547
demure,2016-06,437
demure,2016-07,554
demure,2016-08,626
demure,2016-09,1216
demure,2016-10,1446
demure,2016-11,1345
demure,2016-12,1483
demure,2017-01,1580
demure,2017-02,1452
demure,2017-03,1285
demure,2017-04,1110
demure,2017-05,1627
demure,2017-06,1098
demure,2017-07,930
demure,2017-08,811
demure,2017-09,1410
demure,2017-10,1034
demure,2017-11,804
demure,2017-12,832
demure,2018-01,732
demure,2018-02,862
demure,2018-03,976
demure,2018-04,783
demure,2018-05,921
demure,2018-06,889
demure,2018-07,812
demure,2018-08,822
demure,2018-09,785
demure,2018-10,884
demure,2018-11,949
demure,2018-12,828
demure,2019-01,922
demure,2019-02,707
demure,2019-03,795
demure,2019-04,900
demure,2019-05,837
demure,2019-06,774
demure,2019-07,753
demure,2019-08,815
demure,2019-09,759
demure,2019-10,1006
demure,2019-11,806
demure,2019-12,686
demure,2020-01,830
demure,2020-02,743
demure,2020-03,832
demure,2020-04,1077
demure,2020-05,752
demure,2020-06,788
demure,2020-07,718
demure,2020-08,852
demure,2020-09,645
demure,2020-10,470
demure,2020-11,445
demure,2020-12,480
demure,2021-01,557
demure,2021-02,545
demure,2021-03,521
demure,2021-04,427
demure,2021-05,335
demure,2021-06,433
demure,2021-07,355
demure,2021-08,377
demure,2021-09,329
demure,2021-10,462
demure,2021-11,346
demure,2021-12,468
demure,2022-01,427
demure,2022-02,444
demure,2022-03,486
demure,2022-04,610
demure,2022-05,949
demure,2022-06,573
demure,2022-07,801
demure,2022-08,998
demure,2022-09,770
demure,2022-10,908
demure,2022-11,803
demure,2022-12,638
demure,2023-01,761
demure,2023-02,988
demure,2023-03,913
demure,2023-04,800
demure,2023-05,747
demure,2023-06,588
demure,2023-07,642
demure,2023-08,658
demure,2023-09,737
demure,2023-10,739
demure,2023-11,646
demure,2023-12,519
demure,2024-01,608
demure,2024-02,562
demure,2024-03,595
demure,2024-04,497
demure,2024-05,509
demure,2024-06,529
demure,2024-07,573
demure,2024-08,10550
demure,2024-09,5934
demure,2024-10,2396
demure,2024-11,1928
demure,2024-12,1657
demure,2025-01,1226
demure,2025-02,899
demure,2025-03,925
demure,2025-04,777
demure,2025-05,856
demure,2025-06,765
demure,2025-07,735
demure,2025-08,805
demure,2025-09,846
demure,2025-10,746
demure,2025-11,751
demure,2025-12,776
demure,2026-01,682
demure,2026-02,577
demure,2026-03,684
demure,2026-04,574
demure,2026-05,688
demure,2026-06,629
demure,2026-07,1003
demure,2026-08,17
crash out,2015-07,12
crash out,2015-08,27
crash out,2015-09,18
crash out,2015-10,14
crash out,2015-11,19
crash out,2015-12,15
crash out,2016-01,7
crash out,2016-02,11
crash out,2016-03,12
crash out,2016-04,5
crash out,2016-05,5
crash out,2016-06,15
crash out,2016-07,18
crash out,2016-08,4
crash out,2016-09,15
crash out,2016-10,15
crash out,2016-11,10
crash out,2016-12,7
crash out,2017-01,16
crash out,2017-02,17
crash out,2017-03,21
crash out,2017-04,22
crash out,2017-05,22
crash out,2017-06,7
crash out,2017-07,15
crash out,2017-08,7
crash out,2017-09,10
crash out,2017-10,22
crash out,2017-11,17
crash out,2017-12,7
crash out,2018-01,6
crash out,2018-02,17
crash out,2018-03,22
crash out,2018-04,24
crash out,2018-05,16
crash out,2018-06,14
crash out,2018-07,9
crash out,2018-08,12
crash out,2018-09,7
crash out,2018-10,10
crash out,2018-11,6
crash out,2018-12,17
crash out,2019-01,17
crash out,2019-02,13
crash out,2019-03,13
crash out,2019-04,11
crash out,2019-05,3
crash out,2019-06,19
crash out,2019-07,11
crash out,2019-08,7
crash out,2019-09,8
crash out,2019-10,13
crash out,2019-11,15
crash out,2019-12,2
crash out,2020-01,11
crash out,2020-02,8
crash out,2020-03,14
crash out,2020-04,6
crash out,2020-05,7
crash out,2020-06,5
crash out,2020-07,11
crash out,2020-08,6
crash out,2020-09,3
crash out,2020-10,5
crash out,2020-11,1
crash out,2020-12,6
crash out,2021-01,13
crash out,2021-02,13
crash out,2021-03,7
crash out,2021-04,6
crash out,2021-05,9
crash out,2021-06,4
crash out,2021-07,8
crash out,2021-08,2
crash out,2021-09,12
crash out,2021-10,6
crash out,2021-11,5
crash out,2021-12,8
crash out,2022-01,5
crash out,2022-02,9
crash out,2022-03,8
crash out,2022-04,12
crash out,2022-05,12
crash out,2022-06,22
crash out,2022-07,14
crash out,2022-08,14
crash out,2022-09,15
crash out,2022-10,14
crash out,2022-11,18
crash out,2022-12,23
crash out,2023-01,23
crash out,2023-02,23
crash out,2023-03,43
crash out,2023-04,31
crash out,2023-05,22
crash out,2023-06,27
crash out,2023-07,51
crash out,2023-08,47
crash out,2023-09,52
crash out,2023-10,65
crash out,2023-11,66
crash out,2023-12,81
crash out,2024-01,78
crash out,2024-02,151
crash out,2024-03,327
crash out,2024-04,252
crash out,2024-05,197
crash out,2024-06,244
crash out,2024-07,361
crash out,2024-08,671
crash out,2024-09,1239
crash out,2024-10,2025
crash out,2024-11,1324
crash out,2024-12,1065
crash out,2025-01,1288
crash out,2025-02,1728
crash out,2025-03,1472
crash out,2025-04,1517
crash out,2025-05,1776
crash out,2025-06,2025
crash out,2025-07,1510
crash out,2025-08,1372
crash out,2025-09,1140
crash out,2025-10,1293
crash out,2025-11,1258
crash out,2025-12,1072
crash out,2026-01,1018
crash out,2026-02,964
crash out,2026-03,1142
crash out,2026-04,1226
crash out,2026-05,1118
crash out,2026-06,1116
crash out,2026-07,961
crash out,2026-08,29
glazing,2015-07,50
glazing,2015-08,42
glazing,2015-09,45
glazing,2015-10,38
glazing,2015-11,37
glazing,2015-12,42
glazing,2016-01,31
glazing,2016-02,27
glazing,2016-03,32
glazing,2016-04,20
glazing,2016-05,42
glazing,2016-06,27
glazing,2016-07,32
glazing,2016-08,23
glazing,2016-09,32
glazing,2016-10,53
glazing,2016-11,40
glazing,2016-12,34
glazing,2017-01,56
glazing,2017-02,44
glazing,2017-03,66
glazing,2017-04,72
glazing,2017-05,55
glazing,2017-06,41
glazing,2017-07,50
glazing,2017-08,52
glazing,2017-09,41
glazing,2017-10,72
glazing,2017-11,41
glazing,2017-12,53
glazing,2018-01,65
glazing,2018-02,39
glazing,2018-03,60
glazing,2018-04,60
glazing,2018-05,74
glazing,2018-06,78
glazing,2018-07,71
glazing,2018-08,99
glazing,2018-09,44
glazing,2018-10,62
glazing,2018-11,56
glazing,2018-12,58
glazing,2019-01,64
glazing,2019-02,79
glazing,2019-03,87
glazing,2019-04,53
glazing,2019-05,44
glazing,2019-06,73
glazing,2019-07,55
glazing,2019-08,53
glazing,2019-09,47
glazing,2019-10,105
glazing,2019-11,190
glazing,2019-12,141
glazing,2020-01,119
glazing,2020-02,129
glazing,2020-03,93
glazing,2020-04,59
glazing,2020-05,32
glazing,2020-06,31
glazing,2020-07,19
glazing,2020-08,29
glazing,2020-09,33
glazing,2020-10,33
glazing,2020-11,32
glazing,2020-12,26
glazing,2021-01,41
glazing,2021-02,49
glazing,2021-03,38
glazing,2021-04,25
glazing,2021-05,37
glazing,2021-06,22
glazing,2021-07,19
glazing,2021-08,17
glazing,2021-09,26
glazing,2021-10,16
glazing,2021-11,26
glazing,2021-12,29
glazing,2022-01,27
glazing,2022-02,19
glazing,2022-03,43
glazing,2022-04,26
glazing,2022-05,33
glazing,2022-06,52
glazing,2022-07,50
glazing,2022-08,48
glazing,2022-09,44
glazing,2022-10,147
glazing,2022-11,127
glazing,2022-12,88
glazing,2023-01,127
glazing,2023-02,115
glazing,2023-03,161
glazing,2023-04,76
glazing,2023-05,65
glazing,2023-06,84
glazing,2023-07,61
glazing,2023-08,68
glazing,2023-09,58
glazing,2023-10,98
glazing,2023-11,81
glazing,2023-12,71
glazing,2024-01,108
glazing,2024-02,101
glazing,2024-03,140
glazing,2024-04,174
glazing,2024-05,154
glazing,2024-06,143
glazing,2024-07,198
glazing,2024-08,246
glazing,2024-09,157
glazing,2024-10,179
glazing,2024-11,173
glazing,2024-12,174
glazing,2025-01,193
glazing,2025-02,185
glazing,2025-03,203
glazing,2025-04,253
glazing,2025-05,215
glazing,2025-06,195
glazing,2025-07,176
glazing,2025-08,193
glazing,2025-09,365
glazing,2025-10,254
glazing,2025-11,245
glazing,2025-12,187
glazing,2026-01,192
glazing,2026-02,175
glazing,2026-03,217
glazing,2026-04,170
glazing,2026-05,175
glazing,2026-06,182
glazing,2026-07,217
glazing,2026-08,8
unc,2015-07,61
unc,2015-08,42
unc,2015-09,50
unc,2015-10,44
unc,2015-11,46
unc,2015-12,63
unc,2016-01,34
unc,2016-02,30
unc,2016-03,54
unc,2016-04,49
unc,2016-05,49
unc,2016-06,61
unc,2016-07,29
unc,2016-08,45
unc,2016-09,34
unc,2016-10,69
unc,2016-11,43
unc,2016-12,55
unc,2017-01,88
unc,2017-02,71
unc,2017-03,84
unc,2017-04,68
unc,2017-05,84
unc,2017-06,73
unc,2017-07,68
unc,2017-08,65
unc,2017-09,89
unc,2017-10,80
unc,2017-11,89
unc,2017-12,81
unc,2018-01,86
unc,2018-02,102
unc,2018-03,112
unc,2018-04,97
unc,2018-05,77
unc,2018-06,95
unc,2018-07,70
unc,2018-08,75
unc,2018-09,67
unc,2018-10,83
unc,2018-11,93
unc,2018-12,98
unc,2019-01,110
unc,2019-02,156
unc,2019-03,127
unc,2019-04,75
unc,2019-05,75
unc,2019-06,80
unc,2019-07,67
unc,2019-08,103
unc,2019-09,118
unc,2019-10,97
unc,2019-11,74
unc,2019-12,116
unc,2020-01,122
unc,2020-02,133
unc,2020-03,125
unc,2020-04,137
unc,2020-05,78
unc,2020-06,65
unc,2020-07,61
unc,2020-08,89
unc,2020-09,75
unc,2020-10,107
unc,2020-11,93
unc,2020-12,88
unc,2021-01,97
unc,2021-02,130
unc,2021-03,103
unc,2021-04,83
unc,2021-05,75
unc,2021-06,70
unc,2021-07,81
unc,2021-08,81
unc,2021-09,46
unc,2021-10,87
unc,2021-11,92
unc,2021-12,67
unc,2022-01,67
unc,2022-02,79
unc,2022-03,75
unc,2022-04,83
unc,2022-05,95
unc,2022-06,104
unc,2022-07,63
unc,2022-08,76
unc,2022-09,109
unc,2022-10,131
unc,2022-11,200
unc,2022-12,268
unc,2023-01,511
unc,2023-02,419
unc,2023-03,493
unc,2023-04,458
unc,2023-05,363
unc,2023-06,549
unc,2023-07,379
unc,2023-08,619
unc,2023-09,540
unc,2023-10,407
unc,2023-11,506
unc,2023-12,574
unc,2024-01,876
unc,2024-02,1179
unc,2024-03,1512
unc,2024-04,1013
unc,2024-05,660
unc,2024-06,423
unc,2024-07,324
unc,2024-08,387
unc,2024-09,430
unc,2024-10,370
unc,2024-11,345
unc,2024-12,363
unc,2025-01,456
unc,2025-02,474
unc,2025-03,420
unc,2025-04,484
unc,2025-05,472
unc,2025-06,519
unc,2025-07,490
unc,2025-08,653
unc,2025-09,956
unc,2025-10,890
unc,2025-11,945
unc,2025-12,940
unc,2026-01,966
unc,2026-02,885
unc,2026-03,965
unc,2026-04,870
unc,2026-05,1011
unc,2026-06,1004
unc,2026-07,855
unc,2026-08,24
huzz,2015-07,9
huzz,2015-08,21
huzz,2015-09,12
huzz,2015-10,7
huzz,2015-11,8
huzz,2015-12,10
huzz,2016-01,4
huzz,2016-02,5
huzz,2016-03,8
huzz,2016-04,6
huzz,2016-05,0
huzz,2016-06,2
huzz,2016-07,5
huzz,2016-08,6
huzz,2016-09,8
huzz,2016-10,11
huzz,2016-11,18
huzz,2016-12,11
huzz,2017-01,8
huzz,2017-02,14
huzz,2017-03,7
huzz,2017-04,17
huzz,2017-05,15
huzz,2017-06,13
huzz,2017-07,24
huzz,2017-08,18
huzz,2017-09,20
huzz,2017-10,7
huzz,2017-11,21
huzz,2017-12,9
huzz,2018-01,13
huzz,2018-02,15
huzz,2018-03,18
huzz,2018-04,24
huzz,2018-05,15
huzz,2018-06,33
huzz,2018-07,25
huzz,2018-08,24
huzz,2018-09,29
huzz,2018-10,29
huzz,2018-11,32
huzz,2018-12,37
huzz,2019-01,39
huzz,2019-02,31
huzz,2019-03,45
huzz,2019-04,36
huzz,2019-05,35
huzz,2019-06,30
huzz,2019-07,39
huzz,2019-08,41
huzz,2019-09,38
huzz,2019-10,36
huzz,2019-11,42
huzz,2019-12,34
huzz,2020-01,28
huzz,2020-02,19
huzz,2020-03,28
huzz,2020-04,32
huzz,2020-05,16
huzz,2020-06,25
huzz,2020-07,11
huzz,2020-08,26
huzz,2020-09,31
huzz,2020-10,12
huzz,2020-11,14
huzz,2020-12,10
huzz,2021-01,11
huzz,2021-02,13
huzz,2021-03,14
huzz,2021-04,13
huzz,2021-05,8
huzz,2021-06,8
huzz,2021-07,6
huzz,2021-08,5
huzz,2021-09,10
huzz,2021-10,8
huzz,2021-11,8
huzz,2021-12,5
huzz,2022-01,12
huzz,2022-02,14
huzz,2022-03,13
huzz,2022-04,31
huzz,2022-05,15
huzz,2022-06,17
huzz,2022-07,20
huzz,2022-08,26
huzz,2022-09,17
huzz,2022-10,27
huzz,2022-11,32
huzz,2022-12,23
huzz,2023-01,39
huzz,2023-02,61
huzz,2023-03,113
huzz,2023-04,26
huzz,2023-05,48
huzz,2023-06,65
huzz,2023-07,129
huzz,2023-08,68
huzz,2023-09,77
huzz,2023-10,64
huzz,2023-11,58
huzz,2023-12,89
huzz,2024-01,120
huzz,2024-02,129
huzz,2024-03,169
huzz,2024-04,96
huzz,2024-05,77
huzz,2024-06,121
huzz,2024-07,69
huzz,2024-08,160
huzz,2024-09,307
huzz,2024-10,504
huzz,2024-11,1234
huzz,2024-12,3335
huzz,2025-01,5058
huzz,2025-02,5089
huzz,2025-03,3993
huzz,2025-04,3558
huzz,2025-05,3417
huzz,2025-06,2956
huzz,2025-07,2245
huzz,2025-08,1787
huzz,2025-09,1540
huzz,2025-10,1124
huzz,2025-11,978
huzz,2025-12,833
huzz,2026-01,735
huzz,2026-02,611
huzz,2026-03,673
huzz,2026-04,515
huzz,2026-05,604
huzz,2026-06,487
huzz,2026-07,521
huzz,2026-08,21
aura farming,2015-07,0
aura farming,2015-08,0
aura farming,2015-09,0
aura farming,2015-10,0
aura farming,2015-11,0
aura farming,2015-12,0
aura farming,2016-01,0
aura farming,2016-02,0
aura farming,2016-03,0
aura farming,2016-04,0
aura farming,2016-05,0
aura farming,2016-06,0
aura farming,2016-07,0
aura farming,2016-08,0
aura farming,2016-09,0
aura farming,2016-10,0
aura farming,2016-11,0
aura farming,2016-12,0
aura farming,2017-01,0
aura farming,2017-02,0
aura farming,2017-03,0
aura farming,2017-04,0
aura farming,2017-05,0
aura farming,2017-06,0
aura farming,2017-07,0
aura farming,2017-08,0
aura farming,2017-09,0
aura farming,2017-10,0
aura farming,2017-11,0
aura farming,2017-12,0
aura farming,2018-01,0
aura farming,2018-02,0
aura farming,2018-03,0
aura farming,2018-04,0
aura farming,2018-05,0
aura farming,2018-06,0
aura farming,2018-07,0
aura farming,2018-08,0
aura farming,2018-09,0
aura farming,2018-10,0
aura farming,2018-11,0
aura farming,2018-12,0
aura farming,2019-01,0
aura farming,2019-02,0
aura farming,2019-03,0
aura farming,2019-04,0
aura farming,2019-05,0
aura farming,2019-06,0
aura farming,2019-07,0
aura farming,2019-08,0
aura farming,2019-09,0
aura farming,2019-10,0
aura farming,2019-11,0
aura farming,2019-12,0
aura farming,2020-01,0
aura farming,2020-02,0
aura farming,2020-03,0
aura farming,2020-04,0
aura farming,2020-05,0
aura farming,2020-06,0
aura farming,2020-07,0
aura farming,2020-08,0
aura farming,2020-09,0
aura farming,2020-10,0
aura farming,2020-11,0
aura farming,2020-12,0
aura farming,2021-01,0
aura farming,2021-02,0
aura farming,2021-03,0
aura farming,2021-04,0
aura farming,2021-05,0
aura farming,2021-06,0
aura farming,2021-07,0
aura farming,2021-08,0
aura farming,2021-09,0
aura farming,2021-10,0
aura farming,2021-11,0
aura farming,2021-12,0
aura farming,2022-01,0
aura farming,2022-02,0
aura farming,2022-03,0
aura farming,2022-04,0
aura farming,2022-05,0
aura farming,2022-06,0
aura farming,2022-07,0
aura farming,2022-08,0
aura farming,2022-09,0
aura farming,2022-10,0
aura farming,2022-11,0
aura farming,2022-12,0
aura farming,2023-01,0
aura farming,2023-02,0
aura farming,2023-03,0
aura farming,2023-04,0
aura farming,2023-05,0
aura farming,2023-06,0
aura farming,2023-07,0
aura farming,2023-08,0
aura farming,2023-09,0
aura farming,2023-10,0
aura farming,2023-11,0
aura farming,2023-12,0
aura farming,2024-01,0
aura farming,2024-02,0
aura farming,2024-03,0
aura farming,2024-04,0
aura farming,2024-05,0
aura farming,2024-06,0
aura farming,2024-07,0
aura farming,2024-08,0
aura farming,2024-09,0
aura farming,2024-10,0
aura farming,2024-11,0
aura farming,2024-12,0
aura farming,2025-01,0
aura farming,2025-02,147
aura farming,2025-03,985
aura farming,2025-04,3472
aura farming,2025-05,4537
aura farming,2025-06,4838
aura farming,2025-07,9940
aura farming,2025-08,3347
aura farming,2025-09,2569
aura farming,2025-10,1825
aura farming,2025-11,1284
aura farming,2025-12,756
aura farming,2026-01,609
aura farming,2026-02,746
aura farming,2026-03,689
aura farming,2026-04,450
aura farming,2026-05,471
aura farming,2026-06,409
aura farming,2026-07,623
aura farming,2026-08,15
chopped,2015-07,79
chopped,2015-08,68
chopped,2015-09,54
chopped,2015-10,52
chopped,2015-11,47
chopped,2015-12,54
chopped,2016-01,51
chopped,2016-02,44
chopped,2016-03,31
chopped,2016-04,39
chopped,2016-05,47
chopped,2016-06,52
chopped,2016-07,73
chopped,2016-08,31
chopped,2016-09,42
chopped,2016-10,40
chopped,2016-11,147
chopped,2016-12,38
chopped,2017-01,77
chopped,2017-02,187
chopped,2017-03,65
chopped,2017-04,71
chopped,2017-05,73
chopped,2017-06,61
chopped,2017-07,65
chopped,2017-08,47
chopped,2017-09,59
chopped,2017-10,72
chopped,2017-11,81
chopped,2017-12,57
chopped,2018-01,76
chopped,2018-02,93
chopped,2018-03,59
chopped,2018-04,84
chopped,2018-05,79
chopped,2018-06,80
chopped,2018-07,123
chopped,2018-08,129
chopped,2018-09,59
chopped,2018-10,52
chopped,2018-11,75
chopped,2018-12,78
chopped,2019-01,111
chopped,2019-02,66
chopped,2019-03,127
chopped,2019-04,97
chopped,2019-05,83
chopped,2019-06,78
chopped,2019-07,68
chopped,2019-08,42
chopped,2019-09,50
chopped,2019-10,68
chopped,2019-11,71
chopped,2019-12,75
chopped,2020-01,101
chopped,2020-02,90
chopped,2020-03,58
chopped,2020-04,108
chopped,2020-05,88
chopped,2020-06,67
chopped,2020-07,60
chopped,2020-08,67
chopped,2020-09,68
chopped,2020-10,89
chopped,2020-11,66
chopped,2020-12,71
chopped,2021-01,52
chopped,2021-02,57
chopped,2021-03,57
chopped,2021-04,35
chopped,2021-05,41
chopped,2021-06,40
chopped,2021-07,33
chopped,2021-08,31
chopped,2021-09,39
chopped,2021-10,40
chopped,2021-11,37
chopped,2021-12,43
chopped,2022-01,42
chopped,2022-02,49
chopped,2022-03,72
chopped,2022-04,40
chopped,2022-05,42
chopped,2022-06,43
chopped,2022-07,43
chopped,2022-08,55
chopped,2022-09,98
chopped,2022-10,150
chopped,2022-11,198
chopped,2022-12,159
chopped,2023-01,307
chopped,2023-02,365
chopped,2023-03,298
chopped,2023-04,160
chopped,2023-05,234
chopped,2023-06,277
chopped,2023-07,207
chopped,2023-08,200
chopped,2023-09,166
chopped,2023-10,162
chopped,2023-11,358
chopped,2023-12,254
chopped,2024-01,336
chopped,2024-02,375
chopped,2024-03,452
chopped,2024-04,459
chopped,2024-05,354
chopped,2024-06,236
chopped,2024-07,289
chopped,2024-08,320
chopped,2024-09,395
chopped,2024-10,413
chopped,2024-11,526
chopped,2024-12,808
chopped,2025-01,1183
chopped,2025-02,1441
chopped,2025-03,1776
chopped,2025-04,1318
chopped,2025-05,861
chopped,2025-06,652
chopped,2025-07,667
chopped,2025-08,797
chopped,2025-09,687
chopped,2025-10,645
chopped,2025-11,731
chopped,2025-12,576
chopped,2026-01,683
chopped,2026-02,630
chopped,2026-03,813
chopped,2026-04,613
chopped,2026-05,553
chopped,2026-06,572
chopped,2026-07,573
chopped,2026-08,17
clanker,2015-07,14
clanker,2015-08,25
clanker,2015-09,25
clanker,2015-10,25
clanker,2015-11,21
clanker,2015-12,36
clanker,2016-01,27
clanker,2016-02,23
clanker,2016-03,26
clanker,2016-04,15
clanker,2016-05,44
clanker,2016-06,19
clanker,2016-07,9
clanker,2016-08,9
clanker,2016-09,24
clanker,2016-10,34
clanker,2016-11,14
clanker,2016-12,20
clanker,2017-01,33
clanker,2017-02,36
clanker,2017-03,40
clanker,2017-04,37
clanker,2017-05,28
clanker,2017-06,19
clanker,2017-07,24
clanker,2017-08,19
clanker,2017-09,19
clanker,2017-10,28
clanker,2017-11,15
clanker,2017-12,21
clanker,2018-01,21
clanker,2018-02,29
clanker,2018-03,38
clanker,2018-04,35
clanker,2018-05,38
clanker,2018-06,25
clanker,2018-07,26
clanker,2018-08,40
clanker,2018-09,39
clanker,2018-10,37
clanker,2018-11,30
clanker,2018-12,26
clanker,2019-01,39
clanker,2019-02,19
clanker,2019-03,46
clanker,2019-04,31
clanker,2019-05,36
clanker,2019-06,32
clanker,2019-07,16
clanker,2019-08,19
clanker,2019-09,31
clanker,2019-10,22
clanker,2019-11,19
clanker,2019-12,27
clanker,2020-01,49
clanker,2020-02,39
clanker,2020-03,30
clanker,2020-04,30
clanker,2020-05,30
clanker,2020-06,32
clanker,2020-07,42
clanker,2020-08,56
clanker,2020-09,52
clanker,2020-10,49
clanker,2020-11,58
clanker,2020-12,55
clanker,2021-01,156
clanker,2021-02,84
clanker,2021-03,86
clanker,2021-04,66
clanker,2021-05,70
clanker,2021-06,66
clanker,2021-07,66
clanker,2021-08,40
clanker,2021-09,35
clanker,2021-10,52
clanker,2021-11,48
clanker,2021-12,70
clanker,2022-01,65
clanker,2022-02,65
clanker,2022-03,89
clanker,2022-04,76
clanker,2022-05,71
clanker,2022-06,70
clanker,2022-07,110
clanker,2022-08,91
clanker,2022-09,66
clanker,2022-10,97
clanker,2022-11,125
clanker,2022-12,106
clanker,2023-01,157
clanker,2023-02,157
clanker,2023-03,176
clanker,2023-04,163
clanker,2023-05,337
clanker,2023-06,314
clanker,2023-07,258
clanker,2023-08,222
clanker,2023-09,165
clanker,2023-10,172
clanker,2023-11,163
clanker,2023-12,166
clanker,2024-01,244
clanker,2024-02,192
clanker,2024-03,226
clanker,2024-04,197
clanker,2024-05,121
clanker,2024-06,69
clanker,2024-07,101
clanker,2024-08,76
clanker,2024-09,122
clanker,2024-10,441
clanker,2024-11,249
clanker,2024-12,144
clanker,2025-01,148
clanker,2025-02,141
clanker,2025-03,193
clanker,2025-04,141
clanker,2025-05,168
clanker,2025-06,1396
clanker,2025-07,12848
clanker,2025-08,17963
clanker,2025-09,4850
clanker,2025-10,3168
clanker,2025-11,2770
clanker,2025-12,2442
clanker,2026-01,2053
clanker,2026-02,1654
clanker,2026-03,1639
clanker,2026-04,1482
clanker,2026-05,1850
clanker,2026-06,1558
clanker,2026-07,1158
clanker,2026-08,36
sigma,2015-07,200
sigma,2015-08,187
sigma,2015-09,265
sigma,2015-10,224
sigma,2015-11,237
sigma,2015-12,208
sigma,2016-01,226
sigma,2016-02,177
sigma,2016-03,245
sigma,2016-04,179
sigma,2016-05,190
sigma,2016-06,161
sigma,2016-07,198
sigma,2016-08,190
sigma,2016-09,215
sigma,2016-10,211
sigma,2016-11,380
sigma,2016-12,197
sigma,2017-01,229
sigma,2017-02,229
sigma,2017-03,257
sigma,2017-04,263
sigma,2017-05,260
sigma,2017-06,214
sigma,2017-07,232
sigma,2017-08,224
sigma,2017-09,294
sigma,2017-10,378
sigma,2017-11,374
sigma,2017-12,262
sigma,2018-01,298
sigma,2018-02,329
sigma,2018-03,367
sigma,2018-04,437
sigma,2018-05,410
sigma,2018-06,307
sigma,2018-07,340
sigma,2018-08,404
sigma,2018-09,407
sigma,2018-10,449
sigma,2018-11,420
sigma,2018-12,402
sigma,2019-01,555
sigma,2019-02,549
sigma,2019-03,469
sigma,2019-04,515
sigma,2019-05,448
sigma,2019-06,351
sigma,2019-07,392
sigma,2019-08,390
sigma,2019-09,339
sigma,2019-10,477
sigma,2019-11,766
sigma,2019-12,1010
sigma,2020-01,690
sigma,2020-02,1032
sigma,2020-03,1080
sigma,2020-04,1138
sigma,2020-05,889
sigma,2020-06,741
sigma,2020-07,590
sigma,2020-08,674
sigma,2020-09,866
sigma,2020-10,596
sigma,2020-11,513
sigma,2020-12,383
sigma,2021-01,341
sigma,2021-02,420
sigma,2021-03,420
sigma,2021-04,322
sigma,2021-05,294
sigma,2021-06,361
sigma,2021-07,373
sigma,2021-08,407
sigma,2021-09,433
sigma,2021-10,480
sigma,2021-11,531
sigma,2021-12,506
sigma,2022-01,519
sigma,2022-02,501
sigma,2022-03,518
sigma,2022-04,449
sigma,2022-05,561
sigma,2022-06,600
sigma,2022-07,725
sigma,2022-08,961
sigma,2022-09,1215
sigma,2022-10,1527
sigma,2022-11,2298
sigma,2022-12,2913
sigma,2023-01,3380
sigma,2023-02,2744
sigma,2023-03,2148
sigma,2023-04,1471
sigma,2023-05,1378
sigma,2023-06,1198
sigma,2023-07,1186
sigma,2023-08,1138
sigma,2023-09,1116
sigma,2023-10,1093
sigma,2023-11,926
sigma,2023-12,937
sigma,2024-01,1040
sigma,2024-02,1037
sigma,2024-03,992
sigma,2024-04,1162
sigma,2024-05,2826
sigma,2024-06,1396
sigma,2024-07,1201
sigma,2024-08,1148
sigma,2024-09,1294
sigma,2024-10,1348
sigma,2024-11,1255
sigma,2024-12,1376
sigma,2025-01,1353
sigma,2025-02,1139
sigma,2025-03,1289
sigma,2025-04,855
sigma,2025-05,982
sigma,2025-06,817
sigma,2025-07,601
sigma,2025-08,724
sigma,2025-09,792
sigma,2025-10,700
sigma,2025-11,652
sigma,2025-12,755
sigma,2026-01,626
sigma,2026-02,521
sigma,2026-03,609
sigma,2026-04,490
sigma,2026-05,541
sigma,2026-06,421
sigma,2026-07,414
sigma,2026-08,4
zesty,2015-07,84
zesty,2015-08,95
zesty,2015-09,75
zesty,2015-10,82
zesty,2015-11,83
zesty,2015-12,87
zesty,2016-01,88
zesty,2016-02,78
zesty,2016-03,96
zesty,2016-04,99
zesty,2016-05,86
zesty,2016-06,83
zesty,2016-07,64
zesty,2016-08,105
zesty,2016-09,113
zesty,2016-10,125
zesty,2016-11,102
zesty,2016-12,108
zesty,2017-01,117
zesty,2017-02,106
zesty,2017-03,137
zesty,2017-04,142
zesty,2017-05,148
zesty,2017-06,146
zesty,2017-07,117
zesty,2017-08,123
zesty,2017-09,114
zesty,2017-10,122
zesty,2017-11,154
zesty,2017-12,156
zesty,2018-01,146
zesty,2018-02,104
zesty,2018-03,162
zesty,2018-04,158
zesty,2018-05,170
zesty,2018-06,170
zesty,2018-07,157
zesty,2018-08,154
zesty,2018-09,133
zesty,2018-10,151
zesty,2018-11,165
zesty,2018-12,178
zesty,2019-01,217
zesty,2019-02,184
zesty,2019-03,198
zesty,2019-04,209
zesty,2019-05,265
zesty,2019-06,205
zesty,2019-07,191
zesty,2019-08,188
zesty,2019-09,190
zesty,2019-10,179
zesty,2019-11,201
zesty,2019-12,189
zesty,2020-01,244
zesty,2020-02,198
zesty,2020-03,235
zesty,2020-04,207
zesty,2020-05,179
zesty,2020-06,146
zesty,2020-07,154
zesty,2020-08,166
zesty,2020-09,175
zesty,2020-10,151
zesty,2020-11,128
zesty,2020-12,93
zesty,2021-01,127
zesty,2021-02,150
zesty,2021-03,137
zesty,2021-04,102
zesty,2021-05,92
zesty,2021-06,95
zesty,2021-07,117
zesty,2021-08,81
zesty,2021-09,53
zesty,2021-10,54
zesty,2021-11,65
zesty,2021-12,77
zesty,2022-01,99
zesty,2022-02,89
zesty,2022-03,109
zesty,2022-04,826
zesty,2022-05,155
zesty,2022-06,171
zesty,2022-07,186
zesty,2022-08,222
zesty,2022-09,232
zesty,2022-10,285
zesty,2022-11,477
zesty,2022-12,658
zesty,2023-01,1338
zesty,2023-02,2485
zesty,2023-03,4753
zesty,2023-04,4275
zesty,2023-05,4653
zesty,2023-06,5215
zesty,2023-07,3516
zesty,2023-08,2198
zesty,2023-09,3478
zesty,2023-10,4403
zesty,2023-11,3385
zesty,2023-12,2863
zesty,2024-01,2435
zesty,2024-02,2509
zesty,2024-03,2251
zesty,2024-04,2057
zesty,2024-05,1687
zesty,2024-06,1217
zesty,2024-07,1172
zesty,2024-08,1374
zesty,2024-09,1176
zesty,2024-10,1017
zesty,2024-11,872
zesty,2024-12,858
zesty,2025-01,845
zesty,2025-02,752
zesty,2025-03,787
zesty,2025-04,737
zesty,2025-05,877
zesty,2025-06,798
zesty,2025-07,674
zesty,2025-08,732
zesty,2025-09,739
zesty,2025-10,641
zesty,2025-11,623
zesty,2025-12,727
zesty,2026-01,727
zesty,2026-02,771
zesty,2026-03,779
zesty,2026-04,634
zesty,2026-05,699
zesty,2026-06,845
zesty,2026-07,766
zesty,2026-08,13
