term,title,defid,written_on,truncated
yeet,yeet,12339851,2018-04-22,False
yeet,yeet,12087363,2017-10-23,False
yeet,yeet,13856827,2019-04-29,False
yeet,yeet,11413971,2017-04-09,False
yeet,yeet,14578720,2019-12-26,False
yeet,yeet,13170345,2018-09-02,False
yeet,yeet,11814253,2017-07-23,False
yeet,yeet,13014665,2018-06-20,False
yeet,yeet,11489076,2017-04-27,False
yeet,yeet,7708803,2014-04-13,False
yeet,yeet,13029477,2018-06-27,False
yeet,yeet,14214656,2019-09-23,False
yeet,yeet,13047084,2018-07-05,False
yeet,yeet,8304089,2015-06-06,False
yeet,yeet,15306967,2020-09-11,False
yeet,yeet,14808375,2020-03-17,False
yeet,yeet,13273691,2018-10-16,False
yeet,yeet,2918111,2008-03-11,False
yeet,yeet,13681485,2019-03-05,False
yeet,yeet,13077438,2018-07-18,False
yeet,yeet,14646136,2020-01-22,False
yeet,yeet,8055742,2015-01-15,False
yeet,yeet,12537684,2018-02-09,False
yeet,yeet,10969246,2017-01-30,False
yeet,yeet,7704477,2014-04-11,False
yeet,yeet,13238609,2018-10-02,False
yeet,yeet,13307778,2018-10-28,False
yeet,yeet,14039372,2019-07-03,False
yeet,yeet,15829343,2021-03-16,False
yeet,yeet,13729049,2019-03-20,False
yeet,yeet,14397216,2019-11-05,False
yeet,yeet,13679292,2019-03-04,False
yeet,yeet,14939745,2020-04-28,False
yeet,yeet,12441388,2018-01-16,False
yeet,yeet,14947279,2020-04-30,False
yeet,yeet,14079714,2019-07-23,False
yeet,yeet,15476888,2020-11-12,False
yeet,yeet,12225451,2017-11-29,False
yeet,yeet,13658404,2019-02-26,False
yeet,yeet,13761665,2019-03-30,False
yeet,yeet,14968266,2020-05-07,False
yeet,yeet,13383487,2018-11-22,False
yeet,yeet,11964615,2017-09-16,False
yeet,yeet,1204756,2005-04-21,False
yeet,yeet,13259234,2018-10-10,False
yeet,yeet,9595003,2016-06-04,False
yeet,yeet,13716785,2019-03-16,False
yeet,yeet,9813163,2016-06-01,False
yeet,yeet,13458432,2018-12-17,False
yeet,yeet,13706673,2019-03-12,False
yeet,yeet,7913545,2014-09-29,False
yeet,yeet,13421854,2018-12-04,False
yeet,yeet,13467769,2018-12-21,False
yeet,yeet,13773776,2019-04-03,False
yeet,yeet,13859226,2019-04-30,False
yeet,yeet,14553468,2019-12-17,False
yeet,yeet,15127568,2020-06-23,False
yeet,yeet,15175979,2020-07-12,False
yeet,yeet,15467039,2020-11-09,False
yeet,yeet,15520240,2020-11-26,False
yeet,yeet,7778105,2014-06-04,False
yeet,yeet,13378859,2018-11-21,False
yeet,yeet,14508202,2019-12-04,False
yeet,yeet,8283012,2015-05-20,False
yeet,yeet,7778109,2014-06-04,False
yeet,yeet,13049591,2018-07-06,False
yeet,yeet,12668840,2018-03-11,False
yeet,yeet,13780590,2019-04-05,False
yeet,yeet,10592603,2016-12-04,False
yeet,yeet,11702562,2017-06-18,False
yeet,yeet,8286297,2015-05-23,False
yeet,yeet,13511051,2019-01-09,False
yeet,yeet,13872722,2019-05-04,False
yeet,yeet,6634482,2012-12-13,False
yeet,yeet,11840730,2017-08-01,False
yeet,yeet,14352312,2019-10-28,False
yeet,yeet,8016358,2014-12-21,False
yeet,yeet,11431258,2017-04-13,False
yeet,yeet,6029976,2011-08-23,False
yeet,yeet,4106170,2009-07-12,False
yeet,yeet,14453460,2019-11-19,False
yeet,yeet,10684029,2017-01-28,False
yeet,yeet,8608955,2015-12-08,False
yeet,yeet,14616762,2020-01-10,False
yeet,yeet,12512998,2018-02-03,False
yeet,yeet,13322919,2018-11-03,False
yeet,yeet,13378942,2018-11-21,False
yeet,yeet,13403731,2018-11-28,False
yeet,yeet,13485918,2018-12-30,False
yeet,yeet,13625693,2019-02-17,False
yeet,yeet,13694275,2019-03-08,False
yeet,yeet,13700886,2019-03-11,False
yeet,yeet,13761997,2019-03-30,False
yeet,yeet,13766022,2019-04-01,False
yeet,yeet,13803929,2019-04-13,False
yeet,yeet,13809435,2019-04-15,False
yeet,yeet,13839886,2019-04-24,False
yeet,yeet,13897230,2019-05-13,False
yeet,yeet,13947753,2019-05-30,False
yeet,yeet,14060152,2019-07-13,False
yeet,yeet,14129780,2019-08-16,False
yeet,yeet,14182392,2019-09-09,False
yeet,yeet,14236560,2019-10-02,False
yeet,yeet,14241784,2019-10-03,False
yeet,yeet,14370341,2019-11-01,False
yeet,yeet,14434508,2019-11-14,False
yeet,yeet,14502958,2019-12-03,False
yeet,yeet,14508449,2019-12-04,False
yeet,yeet,14597734,2020-01-03,False
yeet,yeet,14692603,2020-02-05,False
yeet,yeet,14781380,2020-03-07,False
yeet,yeet,14898187,2020-04-16,False
yeet,yeet,14916335,2020-04-20,False
yeet,yeet,14919845,2020-04-21,False
yeet,yeet,14962716,2020-05-05,False
yeet,yeet,15139669,2020-06-27,False
yeet,yeet,15173605,2020-07-11,False
yeet,yeet,15714837,2021-02-03,False
yeet,yeet,16212015,2021-07-27,False
yeet,yeet,17669691,2023-02-13,False
yeet,yeet,8082984,2015-02-01,False
yeet,yeet,10805384,2016-12-28,False
yeet,yeet,12213768,2017-11-26,False
yeet,yeet,12087828,2017-10-23,False
yeet,yeet,12176826,2017-11-17,False
yeet,yeet,13769777,2019-04-02,False
yeet,yeet,14063516,2019-07-15,False
yeet,yeet,14211458,2019-09-22,False
yeet,yeet,14959886,2020-05-04,False
yeet,yeet,12856471,2018-05-29,False
yeet,yeet,12973782,2018-06-12,False
yeet,yeet,13699016,2019-03-10,False
yeet,yeet,4360634,2009-11-11,False
yeet,yeet,11158497,2017-03-09,False
yeet,yeet,13856826,2019-04-29,False
yeet,yeet,12101560,2017-10-27,False
yeet,yeet,13588653,2019-02-05,False
yeet,yeet,13928908,2019-05-23,False
yeet,yeet,8212960,2015-04-11,False
yeet,yeet,13676671,2019-03-03,False
yeet,yeet,12997348,2018-06-16,False
yeet,yeet,8296635,2015-06-01,False
yeet,yeet,9928775,2016-06-25,False
yeet,yeet,7937849,2014-10-23,False
yeet,yeet,12139410,2017-11-07,False
yeet,yeet,13429638,2018-12-07,False
yeet,yeet,13435980,2018-12-09,False
yeet,yeet,13621856,2019-02-15,False
yeet,yeet,13954053,2019-06-01,False
yeet,yeet,14559575,2019-12-19,False
yeet,yeet,15189724,2020-07-18,False
yeet,yeet,15206418,2020-07-25,False
yeet,yeet,8893960,2016-03-19,False
yeet,yeet,12718003,2018-04-03,False
yeet,yeet,7910697,2014-09-26,False
yeet,yeet,8001633,2014-12-12,False
yeet,yeet,3163685,2008-06-19,False
yeet,yeet,12133727,2018-04-19,False
yeet,yeet,12216294,2017-12-06,False
yeet,yeet,12241640,2017-12-03,False
yeet,yeet,12380635,2018-04-24,False
yeet,yeet,12687090,2018-03-15,False
yeet,yeet,12863480,2018-04-24,False
yeet,yeet,12904003,2018-06-03,False
yeet,yeet,13061213,2018-07-11,False
yeet,yeet,13069568,2018-07-15,False
yeet,yeet,13073691,2018-07-17,False
yeet,yeet,13104356,2018-07-31,False
yeet,yeet,13105421,2018-07-31,False
yeet,yeet,13236296,2018-10-02,False
yeet,yeet,13250163,2018-10-07,False
yeet,yeet,13269829,2018-10-14,False
yeet,yeet,13288495,2018-10-21,False
yeet,yeet,13310068,2018-10-29,False
yeet,yeet,13314876,2018-10-31,False
yeet,yeet,13314877,2018-10-31,False
yeet,yeet,13317445,2018-11-01,False
yeet,yeet,13320830,2018-11-02,False
yeet,yeet,13329317,2018-11-05,False
yeet,yeet,13357448,2018-11-14,False
yeet,yeet,13383179,2018-11-22,False
yeet,yeet,13387967,2018-11-24,False
yeet,yeet,13400203,2018-11-27,False
yeet,yeet,13415862,2018-12-02,False
yeet,yeet,13447565,2018-12-13,False
yeet,yeet,13451362,2018-12-14,False
yeet,yeet,13462639,2018-12-19,False
yeet,yeet,13482397,2018-12-28,False
yeet,yeet,13500922,2019-01-05,False
yeet,yeet,13525415,2019-01-14,False
yeet,yeet,13533431,2019-01-17,False
yeet,yeet,13540375,2019-01-19,False
yeet,yeet,13544674,2019-01-21,False
yeet,yeet,13556438,2019-01-25,False
yeet,yeet,13626728,2019-02-17,False
yeet,yeet,13667706,2019-02-28,False
yeet,yeet,13708407,2019-03-13,False
yeet,yeet,13711743,2019-03-14,False
yeet,yeet,13722598,2019-03-18,False
yeet,yeet,13748062,2019-03-26,False
yeet,yeet,13754194,2019-03-27,False
yeet,yeet,13759131,2019-03-29,False
yeet,yeet,13762084,2019-03-30,False
yeet,yeet,13762223,2019-03-30,False
yeet,yeet,13776855,2019-04-04,False
yeet,yeet,13777461,2019-04-04,False
yeet,yeet,13781949,2019-04-06,False
yeet,yeet,13782406,2019-04-06,False
yeet,yeet,13802696,2019-04-12,False
yeet,yeet,13814778,2019-04-16,False
yeet,yeet,13895930,2019-05-12,False
yeet,yeet,13902258,2019-05-14,False
yeet,yeet,13910648,2019-05-17,False
yeet,yeet,13941431,2019-05-28,False
yeet,yeet,13969122,2019-06-06,False
yeet,yeet,13971768,2019-06-07,False
yeet,yeet,13973733,2019-06-08,False
yeet,yeet,13976720,2019-06-09,False
yeet,yeet,14007061,2019-06-20,False
yeet,yeet,14010449,2019-06-21,False
yeet,yeet,14011171,2019-06-21,False
yeet,yeet,14012892,2019-06-22,False
yeet,yeet,14015921,2019-06-23,False
yeet,yeet,14026512,2019-06-28,False
yeet,yeet,14047751,2019-07-07,False
yeet,yeet,14055817,2019-07-11,False
yeet,yeet,14056471,2019-07-12,False
yeet,yeet,14062770,2019-07-15,False
yeet,yeet,14078994,2019-07-22,False
yeet,yeet,14083485,2019-07-24,False
yeet,yeet,14085906,2019-07-26,False
yeet,yeet,14086804,2019-07-26,False
yeet,yeet,14099470,2019-08-01,False
yeet,yeet,14141278,2019-08-21,False
yeet,yeet,14144891,2019-08-23,False
yeet,yeet,14154656,2019-08-28,False
yeet,yeet,14162398,2019-08-31,False
yeet,yeet,14166212,2019-09-02,False
yeet,yeet,14204308,2019-09-18,False
yeet,yeet,14205902,2019-09-19,False
yeet,yeet,14206909,2019-09-19,False
yeet,yeet,14207380,2019-09-20,False
yeet,yeet,14216085,2019-09-24,False
yeet,yeet,14218673,2019-09-25,False
yeet,yeet,14226500,2019-09-28,False
yeet,yeet,14237986,2019-10-02,False
yeet,yeet,14272061,2019-10-14,False
yeet,yeet,14287259,2019-10-16,False
yeet,yeet,14304108,2019-10-19,False
yeet,yeet,14311259,2019-10-20,False
yeet,yeet,14312586,2019-10-20,False
yeet,yeet,14315042,2019-10-21,False
yeet,yeet,14317754,2019-10-21,False
yeet,yeet,14319859,2019-10-22,False
yeet,yeet,14339625,2019-10-26,False
yeet,yeet,14340337,2019-10-26,False
yeet,yeet,14343644,2019-10-27,False
yeet,yeet,14347217,2019-10-27,False
yeet,yeet,14349291,2019-10-28,False
yeet,yeet,14350125,2019-10-28,False
yeet,yeet,14358779,2019-10-29,False
yeet,yeet,14366850,2019-10-31,False
yeet,yeet,14372602,2019-11-01,False
yeet,yeet,14375148,2019-11-02,False
yeet,yeet,14377935,2019-11-02,False
yeet,yeet,14378804,2019-11-02,False
yeet,yeet,14379505,2019-11-02,False
yeet,yeet,14434544,2019-11-14,False
yeet,yeet,14437917,2019-11-15,False
yeet,yeet,14441724,2019-11-16,False
yeet,yeet,14444277,2019-11-16,False
yeet,yeet,14449548,2019-11-18,False
yeet,yeet,14445306,2019-11-17,False
yeet,yeet,14461700,2019-11-21,False
yeet,yeet,14470915,2019-11-23,False
yeet,yeet,14486557,2019-11-28,False
yeet,yeet,14513252,2019-12-05,False
yeet,yeet,14520034,2019-12-07,False
yeet,yeet,14523645,2019-12-08,False
yeet,yeet,14524292,2019-12-09,False
yeet,yeet,14526272,2019-12-09,False
yeet,yeet,14547694,2019-12-16,False
yeet,yeet,14550595,2019-12-16,False
yeet,yeet,14560121,2019-12-19,False
yeet,yeet,14574034,2019-12-24,False
yeet,yeet,14603687,2020-01-05,False
yeet,yeet,14607363,2020-01-07,False
yeet,yeet,14628779,2020-01-15,False
yeet,yeet,14682821,2020-02-02,False
yeet,yeet,14697860,2020-02-06,False
yeet,yeet,14713415,2020-02-11,False
yeet,yeet,14713647,2020-02-11,False
yeet,yeet,14715894,2020-02-12,False
yeet,yeet,14740256,2020-02-21,False
yeet,yeet,14741873,2020-02-22,False
yeet,yeet,14789537,2020-03-10,False
yeet,yeet,14796257,2020-03-12,False
yeet,yeet,14800476,2020-03-14,False
yeet,yeet,14830411,2020-03-25,False
yeet,yeet,14842735,2020-03-30,False
yeet,yeet,14843209,2020-03-30,False
yeet,yeet,14866326,2020-04-07,False
yeet,yeet,14872265,2020-04-09,False
yeet,yeet,14877631,2020-04-11,False
yeet,yeet,14902972,2020-04-17,False
yeet,yeet,14947534,2020-04-30,False
yeet,yeet,14969214,2020-05-07,False
yeet,yeet,14993314,2020-05-15,False
yeet,yeet,15009380,2020-05-21,False
yeet,yeet,15054682,2020-06-02,False
yeet,yeet,15062801,2020-06-04,False
yeet,yeet,15086764,2020-06-10,False
yeet,yeet,15125069,2020-06-22,False
yeet,yeet,15131637,2020-06-25,False
yeet,yeet,15146661,2020-06-30,False
yeet,yeet,15202238,2020-07-23,False
yeet,yeet,15211514,2020-07-28,False
yeet,yeet,15219762,2020-08-01,False
yeet,yeet,15224773,2020-08-03,False
yeet,yeet,15260957,2020-08-21,False
yeet,yeet,15273946,2020-08-27,False
yeet,yeet,15281990,2020-08-31,False
yeet,yeet,15344745,2020-09-27,False
yeet,yeet,15355487,2020-10-01,False
yeet,yeet,15369997,2020-10-07,False
yeet,yeet,15375779,2020-10-10,False
yeet,yeet,15384434,2020-10-13,False
yeet,yeet,15424203,2020-10-26,False
yeet,yeet,15429372,2020-10-28,False
yeet,yeet,15457216,2020-11-06,False
yeet,yeet,15505083,2020-11-21,False
yeet,yeet,15587820,2020-12-18,False
yeet,yeet,15595838,2020-12-21,False
yeet,yeet,15637901,2021-01-06,False
yeet,yeet,15641612,2021-01-07,False
yeet,yeet,15647513,2021-01-09,False
yeet,yeet,15653159,2021-01-11,False
yeet,yeet,15698524,2021-01-28,False
yeet,yeet,15770835,2021-02-24,False
yeet,yeet,15841565,2021-03-20,False
yeet,yeet,15886505,2021-04-05,False
yeet,yeet,16000687,2021-05-17,False
yeet,yeet,16036035,2021-05-27,False
yeet,yeet,16362281,2021-10-08,False
yeet,yeet,16907239,2022-01-13,False
yeet,yeet,17013995,2022-02-22,False
yeet,yeet,17055735,2022-03-09,False
yeet,yeet,17130799,2022-04-06,False
yeet,yeet,17309801,2022-06-16,False
yeet,yeet,17323183,2022-06-23,False
yeet,yeet,17421304,2022-08-22,False
yeet,yeet,17529568,2022-11-05,False
yeet,yeet,17706090,2023-03-10,False
yeet,yeet,13565373,2019-01-28,False
yeet,yeet,13948717,2019-05-30,False
yeet,yeet,14084489,2019-07-25,False
yeet,yeet,11967948,2017-09-17,False
yeet,yeet,10781258,2016-12-26,False
yeet,yeet,11038610,2017-02-13,False
yeet,yeet,12916596,2018-06-05,False
yeet,yeet,13282236,2018-10-19,False
yeet,yeet,7995028,2014-12-06,False
yeet,yeet,14298254,2019-10-18,False
yeet,yeet,12798839,2018-05-22,False
yeet,yeet,12821338,2018-05-24,False
yeet,yeet,12852084,2018-05-28,False
yeet,yeet,12965391,2018-06-11,False
yeet,yeet,13023338,2018-06-24,False
yeet,yeet,13061887,2018-07-12,False
yeet,yeet,13096179,2018-07-27,False
yeet,yeet,13235811,2018-10-01,False
yeet,yeet,13414295,2018-12-01,False
yeet,yeet,13423510,2018-12-05,False
yeet,yeet,13453462,2018-12-15,False
yeet,yeet,13521548,2019-01-12,False
yeet,yeet,13605204,2019-02-10,False
yeet,yeet,13978203,2019-06-09,False
yeet,yeet,14171663,2019-09-04,False
yeet,yeet,14475681,2019-11-25,False
yeet,yeet,14483190,2019-11-27,False
yeet,yeet,14548162,2019-12-16,False
yeet,yeet,14661173,2020-01-28,False
yeet,yeet,14963713,2020-05-05,False
yeet,yeet,15559207,2020-12-08,False
yeet,yeet,16179464,2021-07-13,False
yeet,yeet,11039488,2017-02-13,False
yeet,yeet,11152581,2017-03-08,False
yeet,yeet,11490946,2017-04-27,False
yeet,yeet,13227951,2018-09-28,False
yeet,yeet,10978411,2017-02-01,False
yeet,yeet,11138370,2017-03-05,False
yeet,yeet,8255454,2015-05-04,False
yeet,yeet,8112238,2015-02-18,False
yeet,yeet,12445347,2018-01-16,False
yeet,yeet,12958509,2018-06-11,False
yeet,yeet,12972812,2018-06-12,False
yeet,yeet,13054977,2018-07-09,False
yeet,yeet,15453325,2020-11-05,False
yeet,yeet,12158390,2017-11-15,False
yeet,yeet,8191166,2015-03-31,False
yeet,yeet,13225908,2018-09-27,False
yeet,yeet,13249206,2018-10-07,False
yeet,yeet,13314314,2018-10-30,False
yeet,yeet,13320569,2018-11-02,False
yeet,yeet,13732406,2019-03-21,False
yeet,yeet,13925386,2019-05-22,False
yeet,yeet,11839388,2017-08-04,False
yeet,yeet,11783799,2017-07-12,False
yeet,yeet,9242835,2016-09-15,False
yeet,yoit,16111613,2021-06-18,False
yeet,yoit,11921425,2017-08-31,False
yeet,yoit,10189303,2016-09-04,False
yeet,yoit,11908148,2017-08-29,False
yeet,yoit,13115398,2018-08-05,False
yeet,yoit,13321796,2018-11-02,False
yeet,yoit,3858780,2009-04-03,False
yeet,yoit,13298833,2018-10-25,False
yeet,yoit,13381104,2018-11-21,False
yeet,yoit,11060454,2017-02-18,False
yeet,yoit,10445668,2016-11-03,False
yeet,yoit,13793313,2019-04-10,False
yeet,yoit,12061804,2017-10-17,False
yeet,yoit,9678193,2016-05-15,False
yeet,yoit,12737296,2018-05-15,False
yeet,yoit,13350071,2018-11-12,False
yeet,yoit,13436466,2018-12-09,False
yeet,yoit,13965949,2019-06-05,False
yeet,yoit,13986020,2019-06-12,False
yeet,yoit,14530019,2019-12-10,False
yeet,yoit,14719956,2020-02-14,False
yeet,yoit,15293856,2020-09-05,False
yeet,yoit,16321487,2021-09-17,False
boujee,boujee,10548769,2016-11-25,False
boujee,boujee,1879559,2006-07-24,False
boujee,boujee,14450702,2019-11-18,False
boujee,boujee,11062317,2017-02-18,False
boujee,boujee,10821934,2016-12-31,False
boujee,boujee,11728551,2017-06-24,False
boujee,boujee,14226070,2019-09-28,False
boujee,boujee,15616172,2020-12-29,False
boujee,boujee,10968676,2017-01-30,False
boujee,boujee,11108710,2017-02-27,False
boujee,boujee,11108707,2017-02-27,False
boujee,boujee,17792620,2023-05-18,False
boujee,boujee,12155556,2017-11-10,False
boujee,boujee,14517289,2019-12-06,False
boujee,boujee,10936119,2017-01-23,False
boujee,boujee,11865291,2017-08-10,False
boujee,boujee,12991619,2018-06-15,False
boujee,boujee,11841647,2017-08-01,False
boujee,boujee,11098109,2017-02-25,False
boujee,boujee,11837882,2017-07-31,False
boujee,boujee,13125774,2018-08-10,False
boujee,boujee,14050942,2019-07-09,False
boujee,boujee,11012784,2017-02-08,False
boujee,boujee,10976157,2017-01-31,False
boujee,boujee,17120157,2022-04-02,False
boujee,boujee,11031645,2017-02-12,False
boujee,boujee,10885825,2017-01-12,False
boujee,boujee,13548716,2019-01-22,False
boujee,boujee,10907774,2017-01-17,False
boujee,boujee,13587611,2019-02-05,False
boujee,boujee,11430899,2017-04-13,False
boujee,boujee,10874352,2017-01-10,False
boujee,boujee,13909044,2019-05-16,False
boujee,boujee,11026093,2017-02-11,False
boujee,boujee,13764937,2019-03-31,False
boujee,boujee,12164183,2017-11-13,False
boujee,boujee,10540379,2016-11-23,False
boujee,boujee,11927151,2017-09-03,False
boujee,boujee,15838897,2021-03-19,False
boujee,boujee,12066869,2017-10-18,False
boujee,boujee,12344266,2017-12-28,False
boujee,boujee,12533430,2018-02-09,False
boujee,boujee,12813745,2018-05-23,False
boujee,boujee,13154034,2018-08-24,False
boujee,boujee,13742284,2019-03-24,False
boujee,boujee,13825418,2019-04-19,False
boujee,boujee,13836153,2019-04-23,False
boujee,boujee,13942900,2019-05-28,False
boujee,boujee,14046347,2019-07-07,False
boujee,boujee,14149920,2019-08-26,False
boujee,boujee,14254089,2019-10-08,False
boujee,boujee,14503341,2019-12-03,False
boujee,boujee,14796898,2020-03-12,False
boujee,boujee,15021902,2020-05-26,False
boujee,boujee,15210011,2020-07-27,False
boujee,boujee,15323537,2020-09-18,False
boujee,boujee,15324649,2020-09-18,False
boujee,boujee,15540129,2020-12-02,False
boujee,boujee,15740294,2021-02-13,False
boujee,boujee,15902221,2021-04-11,False
boujee,boujee,15903392,2021-04-11,False
boujee,boujee,16049372,2021-05-31,False
boujee,boujee,16261186,2021-08-21,False
boujee,boujee,16942939,2022-01-26,False
boujee,boujee,17464135,2022-09-20,False
boujee,boujee,17495133,2022-10-13,False
boujee,boujee,17726477,2023-03-25,False
boujee,boujee,17739578,2023-04-04,False
lowkey,lowkey,9589168,2016-06-05,False
lowkey,lowkey,12255940,2017-12-07,False
lowkey,lowkey,9590212,2016-06-05,False
lowkey,lowkey,9359104,2016-08-10,False
lowkey,lowkey,4742568,2010-02-26,False
lowkey,lowkey,13400475,2018-11-27,False
lowkey,lowkey,11512823,2017-05-02,False
lowkey,lowkey,14860545,2020-04-05,False
lowkey,lowkey,15225608,2020-08-04,False
lowkey,lowkey,15397686,2020-10-17,False
lowkey,lowkey,4722097,2010-02-20,False
lowkey,lowkey,4207120,2009-08-29,False
lowkey,lowkey,2721080,2007-12-29,False
lowkey,lowkey,17154309,2022-04-15,False
lowkey,lowkey,1096386,2005-03-02,False
lowkey,lowkey,9900661,2016-06-19,False
lowkey,lowkey,13812167,2019-04-15,False
lowkey,lowkey,15173356,2020-07-11,False
lowkey,lowkey,13766644,2019-04-01,False
lowkey,lowkey,117176,2003-05-05,False
lowkey,lowkey,13766660,2019-04-01,False
lowkey,lowkey,10909105,2017-01-17,False
lowkey,lowkey,11490324,2017-04-27,False
lowkey,lowkey,13104691,2018-07-31,False
lowkey,lowkey,15276161,2020-08-28,False
lowkey,lowkey,15414773,2020-10-23,False
lowkey,lowkey,15577780,2020-12-15,False
lowkey,lowkey,16352335,2021-10-04,False
lowkey,lowkey,16370626,2021-10-12,False
lowkey,lowkey,16915111,2022-01-16,False
lowkey,lowkey,18386529,2024-12-10,False
lowkey,lowkey,18387644,2024-12-12,False
highkey,highkey,13549116,2019-01-23,False
highkey,highkey,8669785,2015-12-28,False
highkey,highkey,6490604,2012-06-21,False
thicc,thicc,13009172,2018-06-18,False
thicc,thicc,12168301,2017-11-14,False
thicc,thicc,12801119,2018-05-22,False
thicc,thicc,13737183,2019-03-22,False
thicc,thicc,12055544,2017-10-16,False
thicc,thicc,13653982,2019-02-25,False
thicc,thicc,13047003,2018-07-05,False
thicc,thicc,13153319,2018-08-23,False
thicc,thicc,12716617,2018-04-05,False
thicc,thicc,13781854,2019-04-06,False
thicc,thicc,10511497,2016-11-17,False
thicc,thicc,13800146,2019-04-12,False
thicc,thicc,12489522,2018-01-29,False
thicc,thicc,12643144,2018-03-06,False
thicc,thicc,12632484,2018-05-09,False
thicc,thicc,8419240,2015-10-13,False
thicc,thicc,12608085,2018-05-08,False
thicc,thicc,14940581,2020-04-28,False
thicc,thicc,13679636,2019-03-04,False
thicc,thicc,15857947,2021-03-25,False
thicc,thicc,13153761,2018-08-24,False
thicc,thicc,13664128,2019-02-27,False
thicc,thicc,15195215,2020-07-21,False
thicc,thicc,13268155,2018-10-14,False
thicc,thicc,10768871,2016-12-23,False
thicc,thicc,14712075,2020-02-11,False
thicc,thicc,9720564,2016-05-15,False
thicc,thicc,13660563,2019-02-26,False
thicc,thicc,13694401,2019-03-08,False
thicc,thicc,17106779,2022-03-28,False
thicc,thicc,13115454,2018-08-05,False
thicc,thicc,10585133,2016-12-02,False
thicc,thicc,12652338,2018-03-08,False
thicc,thicc,12442043,2018-01-16,False
thicc,thicc,12021691,2017-10-05,False
thicc,thicc,13796223,2019-04-11,False
thicc,thicc,13900986,2019-05-14,False
thicc,thicc,12693559,2018-05-11,False
thicc,thicc,14353896,2019-10-28,False
thicc,thicc,14452106,2019-11-18,False
thicc,thicc,15895096,2021-04-08,False
thicc,thicc,13229612,2018-09-29,False
thicc,thicc,12589085,2018-05-07,False
thicc,thicc,13936262,2019-05-26,False
thicc,thicc,13241370,2018-10-03,False
thicc,thicc,13153317,2018-08-23,False
thicc,thicc,10884141,2017-01-12,False
thicc,thicc,13938585,2019-05-27,False
thicc,thicc,9041040,2016-04-20,False
thicc,thicc,10895590,2017-01-15,False
thicc,thicc,12258221,2017-12-08,False
thicc,thicc,16230994,2021-08-05,False
thicc,thicc,17674176,2023-02-16,False
thicc,thicc,10434589,2016-11-01,False
thicc,thicc,13006296,2018-06-17,False
thicc,thicc,13268313,2018-10-14,False
thicc,thicc,10434588,2016-11-01,False
thicc,thicc,10213216,2016-09-10,False
thicc,thicc,13026838,2018-06-26,False
thicc,thicc,13397659,2018-11-27,False
thicc,thicc,13593215,2019-02-06,False
thicc,thicc,13825068,2019-04-19,False
thicc,thicc,13845462,2019-04-25,False
thicc,thicc,13848019,2019-04-26,False
thicc,thicc,13913624,2019-05-18,False
thicc,thicc,15167334,2020-07-09,False
thicc,thicc,12053491,2017-10-14,False
thicc,thicc,11389602,2017-04-06,False
thicc,thicc,14170933,2019-09-04,False
thicc,thicc,11055064,2017-02-17,False
thicc,thicc,14054302,2019-07-11,False
thicc,thicc,14059897,2019-07-13,False
thicc,thicc,10553778,2016-11-27,False
thicc,thicc,12200681,2017-11-23,False
thicc,thicc,13455794,2018-12-16,False
thicc,thicc,11598469,2017-05-21,False
thicc,thicc,12770908,2018-05-18,False
thicc,thicc,14382947,2019-11-03,False
thicc,thicc,13024094,2018-06-24,False
thicc,thicc,13047045,2018-07-05,False
thicc,thicc,14031761,2019-06-30,False
thicc,thicc,10861242,2017-01-07,False
thicc,thicc,11882035,2018-04-18,False
thicc,thicc,10650755,2016-12-14,False
thicc,thicc,13466055,2018-12-20,False
thicc,thicc,12325246,2018-04-22,False
thicc,thicc,11608053,2017-05-24,False
thicc,thicc,11843248,2017-08-02,False
thicc,thicc,11057960,2017-02-17,False
thicc,thicc,12641331,2018-03-05,False
thicc,thicc,12876159,2018-05-31,False
thicc,thicc,13666032,2019-02-28,False
thicc,thicc,13768626,2019-04-01,False
thicc,thicc,13806804,2019-04-14,False
thicc,thicc,14280976,2019-10-15,False
thicc,thicc,14602720,2020-01-05,False
thicc,thicc,10880572,2017-01-11,False
thicc,thicc,11737052,2017-07-08,False
thicc,thicc,10503837,2016-11-16,False
thicc,thicc,10944370,2017-01-25,False
thicc,thicc,12200554,2017-11-27,False
thicc,thicc,13614928,2019-02-13,False
thicc,thicc,12046095,2017-10-15,False
thicc,thicc,12557490,2018-02-15,False
thicc,thicc,11789797,2017-07-14,False
thicc,thicc,13017415,2018-06-21,False
thicc,thicc,13363923,2018-11-16,False
thicc,thicc,13390570,2018-11-24,False
thicc,thicc,13397662,2018-11-27,False
thicc,thicc,13844425,2019-04-25,False
thicc,thicc,13947779,2019-05-30,False
thicc,thicc,11786533,2017-07-13,False
thicc,thicc,12475409,2018-01-24,False
thicc,thicc,12634500,2018-05-09,False
thicc,thicc,13008577,2018-06-18,False
thicc,thicc,13053703,2018-07-08,False
thicc,thicc,12483008,2018-01-26,False
thicc,thicc,12966890,2018-06-12,False
thicc,thicc,13707603,2019-03-13,False
thicc,thicc,12411757,2018-05-02,False
thicc,thicc,14023486,2019-06-26,False
thicc,thicc,11998290,2017-09-26,False
thicc,thicc,12146343,2017-11-09,False
thicc,thicc,11125118,2017-03-02,False
thicc,thicc,11854894,2017-08-06,False
thicc,thicc,11873519,2017-08-13,False
thicc,thicc,12017936,2017-10-03,False
thicc,thicc,12046642,2017-10-14,False
thicc,thicc,12145641,2017-11-08,False
thicc,thicc,12151622,2018-04-20,False
thicc,thicc,12169358,2017-11-14,False
thicc,thicc,12221936,2017-11-28,False
thicc,thicc,12276689,2017-12-13,False
thicc,thicc,12278742,2017-12-13,False
thicc,thicc,12278755,2017-12-13,False
thicc,thicc,12303494,2017-12-19,False
thicc,thicc,12440317,2018-01-15,False
thicc,thicc,12590105,2018-05-07,False
thicc,thicc,12609555,2018-05-08,False
thicc,thicc,12627574,2018-03-02,False
thicc,thicc,12629773,2018-03-03,False
thicc,thicc,12639697,2018-03-05,False
thicc,thicc,12642589,2018-05-09,False
thicc,thicc,12705308,2018-05-13,False
thicc,thicc,12706357,2018-05-13,False
thicc,thicc,12707339,2018-05-13,False
thicc,thicc,12707341,2018-05-13,False
thicc,thicc,12842567,2018-05-27,False
thicc,thicc,12849410,2018-05-28,False
thicc,thicc,12854326,2018-05-28,False
thicc,thicc,12900773,2018-06-03,False
thicc,thicc,12912501,2018-06-04,False
thicc,thicc,12914674,2018-06-05,False
thicc,thicc,12915900,2018-06-05,False
thicc,thicc,12990305,2018-06-11,False
thicc,thicc,13024722,2018-06-25,False
thicc,thicc,13028214,2018-06-26,False
thicc,thicc,13063551,2018-07-12,False
thicc,thicc,13092815,2018-07-25,False
thicc,thicc,13100881,2018-07-29,False
thicc,thicc,13136326,2018-08-15,False
thicc,thicc,13140391,2018-08-17,False
thicc,thicc,13158331,2018-08-26,False
thicc,thicc,13168815,2018-09-01,False
thicc,thicc,13183787,2018-09-09,False
thicc,thicc,13194325,2018-09-14,False
thicc,thicc,13214895,2018-09-23,False
thicc,thicc,13226096,2018-09-27,False
thicc,thicc,13229936,2018-09-29,False
thicc,thicc,13257803,2018-10-10,False
thicc,thicc,13258230,2018-10-10,False
thicc,thicc,13259069,2018-10-10,False
thicc,thicc,13268829,2018-10-14,False
thicc,thicc,13275622,2018-10-16,False
thicc,thicc,13275836,2018-10-16,False
thicc,thicc,13315399,2018-10-31,False
thicc,thicc,13322018,2018-11-02,False
thicc,thicc,13338403,2018-11-08,False
thicc,thicc,13379824,2018-11-21,False
thicc,thicc,13429045,2018-12-06,False
thicc,thicc,13429050,2018-12-06,False
thicc,thicc,13435759,2018-12-09,False
thicc,thicc,13480502,2018-12-27,False
thicc,thicc,13491340,2019-01-01,False
thicc,thicc,13497800,2019-01-04,False
thicc,thicc,13497805,2019-01-04,False
thicc,thicc,13529846,2019-01-15,False
thicc,thicc,13548199,2019-01-22,False
thicc,thicc,13556813,2019-01-25,False
thicc,thicc,13591519,2019-02-06,False
thicc,thicc,13615514,2019-02-13,False
thicc,thicc,13618880,2019-02-14,False
thicc,thicc,13662740,2019-02-27,False
thicc,thicc,13679623,2019-03-04,False
thicc,thicc,13686610,2019-03-06,False
thicc,thicc,13748996,2019-03-26,False
thicc,thicc,13758047,2019-03-29,False
thicc,thicc,13813344,2019-04-16,False
thicc,thicc,13820555,2019-04-18,False
thicc,thicc,13853797,2019-04-28,False
thicc,thicc,13883530,2019-05-08,False
thicc,thicc,13891624,2019-05-10,False
thicc,thicc,13897741,2019-05-13,False
thicc,thicc,13938589,2019-05-27,False
thicc,thicc,13948408,2019-05-30,False
thicc,thicc,13968708,2019-06-06,False
thicc,thicc,13981672,2019-06-10,False
thicc,thicc,13987589,2019-06-12,False
thicc,thicc,14020429,2019-06-25,False
thicc,thicc,14084838,2019-07-25,False
thicc,thicc,14098906,2019-08-01,False
thicc,thicc,14102659,2019-08-03,False
thicc,thicc,14103967,2019-08-04,False
thicc,thicc,14105574,2019-08-04,False
thicc,thicc,14105878,2019-08-05,False
thicc,thicc,14131192,2019-08-17,False
thicc,thicc,14177203,2019-09-06,False
thicc,thicc,14190984,2019-09-12,False
thicc,thicc,14219138,2019-09-25,False
thicc,thicc,14222530,2019-09-26,False
thicc,thicc,14233377,2019-09-30,False
thicc,thicc,14245237,2019-10-05,False
thicc,thicc,14252707,2019-10-07,False
thicc,thicc,14282162,2019-10-15,False
thicc,thicc,14282477,2019-10-15,False
thicc,thicc,14295757,2019-10-17,False
thicc,thicc,14301712,2019-10-18,False
thicc,thicc,14312308,2019-10-20,False
thicc,thicc,14313065,2019-10-20,False
thicc,thicc,14313411,2019-10-21,False
thicc,thicc,14319487,2019-10-22,False
thicc,thicc,14320354,2019-10-22,False
thicc,thicc,14324630,2019-10-22,False
thicc,thicc,14348628,2019-10-28,False
thicc,thicc,14411923,2019-11-09,False
thicc,thicc,14444617,2019-11-16,False
thicc,thicc,14465051,2019-11-22,False
thicc,thicc,14475815,2019-11-25,False
thicc,thicc,14500502,2019-12-02,False
thicc,thicc,14529979,2019-12-10,False
thicc,thicc,14532684,2019-12-11,False
thicc,thicc,14617271,2020-01-11,False
thicc,thicc,14636051,2020-01-18,False
thicc,thicc,14678217,2020-02-01,False
thicc,thicc,14720798,2020-02-14,False
thicc,thicc,14725385,2020-02-16,False
thicc,thicc,14784653,2020-03-08,False
thicc,thicc,14793655,2020-03-11,False
thicc,thicc,14946419,2020-04-30,False
thicc,thicc,14986484,2020-05-13,False
thicc,thicc,15003051,2020-05-19,False
thicc,thicc,15036365,2020-05-30,False
thicc,thicc,15096569,2020-06-13,False
thicc,thicc,15103294,2020-06-15,False
thicc,thicc,15117070,2020-06-19,False
thicc,thicc,15131788,2020-06-25,False
thicc,thicc,15178716,2020-07-13,False
thicc,thicc,15191161,2020-07-19,False
thicc,thicc,15217882,2020-07-31,False
thicc,thicc,15244514,2020-08-13,False
thicc,thicc,15260639,2020-08-20,False
thicc,thicc,15282009,2020-08-31,False
thicc,thicc,15310656,2020-09-12,False
thicc,thicc,15311113,2020-09-12,False
thicc,thicc,15361772,2020-10-04,False
thicc,thicc,15433162,2020-10-29,False
thicc,thicc,15440450,2020-11-01,False
thicc,thicc,15446999,2020-11-03,False
thicc,thicc,15598142,2020-12-22,False
thicc,thicc,15598317,2020-12-22,False
thicc,thicc,15656657,2021-01-13,False
thicc,thicc,15703066,2021-01-30,False
thicc,thicc,15771163,2021-02-24,False
thicc,thicc,15810332,2021-03-09,False
thicc,thicc,15838121,2021-03-18,False
thicc,thicc,15862119,2021-03-27,False
thicc,thicc,15882307,2021-04-04,False
thicc,thicc,16002767,2021-05-18,False
thicc,thicc,16082831,2021-06-08,False
thicc,thicc,16088004,2021-06-09,False
thicc,thicc,16279089,2021-08-30,False
thicc,thicc,16316989,2021-09-15,False
thicc,thicc,16495330,2021-11-21,False
thicc,thicc,16579686,2021-11-22,False
thicc,thicc,16896182,2022-01-08,False
thicc,thicc,16922744,2022-01-19,False
thicc,thicc,16977109,2022-02-08,False
thicc,thicc,16979925,2022-02-09,False
thicc,thicc,17175986,2022-04-23,False
thicc,thicc,17224520,2022-05-11,False
thicc,thicc,17243170,2022-05-17,False
thicc,thicc,17295391,2022-06-08,False
thicc,thicc,17464625,2022-09-20,False
thicc,thicc,17516016,2022-10-27,False
thicc,thicc,17556891,2022-11-22,False
thicc,thicc,17620647,2023-01-08,False
thicc,thicc,17627135,2023-01-13,False
thicc,thicc,17660208,2023-02-06,False
thicc,thicc,17713855,2023-03-15,False
thicc,thicc,18045533,2023-12-12,False
thicc,thicc,18468416,2025-04-11,False
thicc,thicc,18491921,2025-05-22,False
thicc,thicc,18491933,2025-05-22,False
thicc,thicc,18558528,2025-10-17,False
thicc,thic,11028058,2017-02-11,False
thicc,thic,12769181,2018-05-18,False
thicc,thic,14044421,2019-07-06,False
thicc,thic,12526481,2018-02-06,False
thicc,thic,12012002,2017-10-01,False
thicc,thic,2360614,2007-04-20,False
thicc,thic,13464876,2018-12-19,False
thicc,thic,14233363,2019-09-30,False
thicc,thic,14549480,2019-12-16,False
thicc,thic,14618152,2020-01-11,False
thicc,thic,15098998,2020-06-14,False
doggo,doggo,13241455,2018-10-03,False
doggo,doggo,9555078,2016-06-13,False
doggo,doggo,13943978,2019-05-28,False
doggo,doggo,9911910,2016-06-22,False
doggo,doggo,14947258,2020-04-30,False
doggo,doggo,9583124,2016-06-06,False
doggo,doggo,11646867,2017-06-04,False
doggo,doggo,10393955,2016-10-23,False
doggo,doggo,9539878,2016-06-17,False
doggo,doggo,12523755,2018-02-06,False
doggo,doggo,13870336,2019-05-03,False
doggo,doggo,14865472,2020-04-07,False
doggo,doggo,15054874,2020-06-02,False
doggo,doggo,16056733,2021-06-03,False
doggo,doggo,16854444,2021-12-21,False
doggo,doggo,12137060,2017-11-06,False
doggo,doggo,9343831,2016-08-16,False
doggo,doggo,13558463,2019-01-25,False
doggo,doggo,9153174,2016-10-14,False
doggo,doggo,15905954,2021-04-12,False
doggo,doggo,11533634,2017-05-07,False
doggo,doggo,13856996,2019-04-29,False
doggo,doggo,10918301,2017-01-20,False
doggo,doggo,12761108,2018-03-29,False
doggo,doggo,13669802,2019-03-01,False
doggo,doggo,12401120,2018-05-01,False
doggo,doggo,12104087,2017-10-28,False
doggo,doggo,12954931,2018-06-10,False
doggo,doggo,12970978,2018-06-12,False
doggo,doggo,13145331,2018-08-19,False
doggo,doggo,13178863,2018-09-06,False
doggo,doggo,13346648,2018-11-11,False
doggo,doggo,13496939,2019-01-03,False
doggo,doggo,13556285,2019-01-25,False
doggo,doggo,14156066,2019-08-28,False
doggo,doggo,14379961,2019-11-02,False
doggo,doggo,14611100,2020-01-08,False
doggo,doggo,15049871,2020-06-01,False
doggo,doggo,16048186,2021-05-31,False
doggo,doggo,14054955,2019-07-11,False
doggo,doggo,12139844,2017-11-07,False
doggo,doggo,12284499,2017-12-14,False
doggo,doggo,13089346,2018-07-24,False
doggo,doggo,13135829,2018-08-15,False
doggo,doggo,13253161,2018-10-08,False
doggo,doggo,13800695,2019-04-12,False
doggo,doggo,13894764,2019-05-12,False
doggo,doggo,15014433,2020-05-23,False
doggo,doggo,17106903,2022-03-28,False
doggo,doggo,10374480,2016-10-18,False
doggo,doggo,10623084,2016-12-10,False
doggo,doggo,11397526,2017-04-06,False
doggo,doggo,1892164,2006-07-31,False
doggo,doggo,11679785,2017-06-11,False
doggo,doggo,16112344,2021-06-18,False
doggo,doggo,12391649,2018-01-07,False
doggo,doggo,12864582,2018-05-29,False
doggo,doggo,12998009,2018-06-16,False
doggo,doggo,13568542,2019-01-29,False
doggo,doggo,11083616,2017-02-22,False
doggo,doggo,11970343,2017-09-18,False
doggo,doggo,12654766,2018-03-09,False
doggo,doggo,8574816,2015-11-28,False
doggo,doggo,12809431,2018-05-23,False
doggo,doggo,12855993,2018-05-28,False
doggo,doggo,12881107,2018-05-31,False
doggo,doggo,12954944,2018-06-10,False
doggo,doggo,13131212,2018-08-13,False
doggo,doggo,14444174,2019-11-16,False
doggo,doggo,14447619,2019-11-17,False
doggo,doggo,14501942,2019-12-02,False
doggo,doggo,14896756,2020-04-15,False
doggo,doggo,15936627,2021-04-23,False
doggo,doggo,988771,2005-01-09,False
doggo,doggo,11474541,2017-04-24,False
doggo,doggo,9504117,2016-06-27,False
doggo,doggo,12010474,2017-10-02,False
doggo,doggo,12653743,2018-05-10,False
doggo,doggo,14047498,2019-07-07,False
doggo,doggo,14571675,2019-12-23,False
doggo,doggo,899274,2004-11-14,False
doggo,doggo,10937536,2017-01-24,False
doggo,doggo,904148,2004-11-17,False
doggo,doggo,11471995,2017-04-23,False
doggo,doggo,12800314,2018-05-22,False
doggo,doggo,13674474,2019-03-03,False
doggo,doggo,13792773,2019-04-10,False
doggo,doggo,14025543,2019-06-27,False
doggo,doggo,14152387,2019-08-27,False
doggo,doggo,14767261,2020-03-02,False
doggo,doggo,14851786,2020-04-02,False
doggo,doggo,15014583,2020-05-23,False
doggo,doggo,15214405,2020-07-29,False
doggo,doggo,15278221,2020-08-29,False
doggo,doggo,15361058,2020-10-04,False
doggo,doggo,16129133,2021-06-24,False
doggo,doggo,16156147,2021-07-04,False
doggo,doggo,16214488,2021-07-28,False
doggo,doggo,16751711,2021-11-24,False
doggo,doggo,16814888,2021-12-05,False
doggo,doggo,16838330,2021-12-14,False
doggo,doggo,16872206,2021-12-29,False
doggo,doggo,17071885,2022-03-14,False
doggo,doggo,17240033,2022-05-16,False
doggo,doggo,17321400,2022-06-22,False
doggo,doggo,17356479,2022-07-11,False
doggo,doggo,17566236,2022-11-28,False
doggo,doggo,17859001,2023-07-15,False
doggo,doggo,18253940,2024-06-22,False
pupper,pupper,9911916,2016-06-22,False
pupper,pupper,11765971,2017-07-06,False
pupper,pupper,10431590,2016-11-01,False
pupper,pupper,1508229,2005-11-15,False
pupper,pupper,4028633,2009-06-08,False
pupper,pupper,1110049,2005-05-13,False
pupper,pupper,12967914,2018-06-12,False
pupper,pupper,12190729,2017-11-20,False
pupper,pupper,13701047,2019-03-11,False
pupper,pupper,12839851,2018-04-15,False
pupper,pupper,14542124,2019-12-14,False
pupper,pupper,4193351,2009-08-22,False
pupper,pupper,3190937,2008-07-01,False
pupper,pupper,2499515,2007-08-03,False
pupper,pupper,11782650,2017-07-11,False
pupper,pupper,12653819,2018-05-10,False
pupper,pupper,12993615,2018-06-15,False
pupper,pupper,13102487,2018-07-30,False
pupper,pupper,13165260,2018-08-30,False
pupper,pupper,14816201,2020-03-20,False
pupper,pupper,14991869,2020-05-14,False
pupper,pupper,15683179,2021-01-23,False
pupper,pupper,17510844,2022-10-24,False
pupper,pupper,17551448,2022-11-18,False
pupper,pupper,17826476,2023-06-15,False
big mood,big mood,10995487,2017-02-04,False
big mood,big mood,12978631,2018-06-13,False
big mood,big mood,12622793,2018-03-01,False
big mood,big mood,13636519,2019-02-20,False
big mood,big mood,12978640,2018-06-13,False
big mood,big mood,13067713,2018-07-14,False
big mood,big mood,12378876,2018-04-23,False
big mood,big mood,12178720,2017-11-17,False
big mood,big mood,12989501,2018-06-15,False
big mood,big mood,14628526,2020-01-15,False
big mood,big mood,14799481,2020-03-13,False
stan,stan,10879487,2017-01-11,False
stan,stan,13887512,2019-05-09,False
stan,stan,1615996,2006-02-12,False
stan,stan,13532334,2019-01-16,False
stan,stan,15826130,2021-03-15,False
stan,stan,14098313,2019-08-01,False
stan,stan,12849708,2018-05-28,False
stan,stan,1610445,2006-02-02,False
stan,stan,15131136,2020-06-24,False
stan,stan,2545818,2007-08-15,False
stan,stan,13010567,2018-06-19,False
stan,stan,2535171,2007-08-04,False
stan,stan,15436212,2020-10-30,False
stan,stan,13490323,2019-01-01,False
stan,stan,12203064,2017-11-24,False
stan,stan,13457259,2018-12-17,False
stan,stan,13527729,2019-01-15,False
stan,stan,1544661,2006-01-29,False
stan,stan,13612609,2019-02-12,False
stan,stan,13337126,2018-11-08,False
stan,stan,14173634,2019-09-05,False
stan,stan,13861807,2019-04-30,False
stan,stan,4232817,2009-09-12,False
stan,stan,4231958,2009-09-11,False
stan,stan,4660346,2010-02-07,False
stan,stan,14526342,2019-12-09,False
stan,stan,15535325,2020-12-01,False
stan,stan,16994627,2022-02-15,False
stan,stan,12872580,2018-05-30,False
stan,stan,14861082,2020-04-05,False
stan,stan,13443844,2018-12-12,False
stan,stan,13535286,2019-01-17,False
stan,stan,2311921,2008-12-15,False
stan,stan,12621307,2018-03-01,False
stan,stan,15434544,2020-10-30,False
stan,stan,16128956,2021-06-24,False
stan,stan,14096792,2019-07-31,False
stan,stan,14281294,2019-10-15,False
stan,stan,14659878,2020-01-27,False
stan,stan,2228375,2008-12-09,False
stan,stan,15560325,2020-12-09,False
stan,stan,8280832,2015-05-19,False
stan,stan,11957904,2017-09-13,False
stan,stan,12660677,2018-05-10,False
stan,stan,14611568,2020-01-08,False
stan,stan,13244324,2018-10-05,False
stan,stan,15696115,2021-01-27,False
stan,stan,14253262,2019-10-08,False
stan,stan,3040498,2008-04-27,False
stan,stan,12681272,2018-05-10,False
stan,stan,15700035,2021-01-29,False
stan,stan,7751245,2014-05-13,False
stan,stan,14095040,2019-07-30,False
stan,stan,13011053,2018-06-19,False
stan,stan,15897797,2021-04-09,False
stan,stan,16130274,2021-06-25,False
stan,stan,16131178,2021-06-25,False
stan,stan,17161203,2022-04-17,False
stan,stan,17666818,2023-02-11,False
stan,stan,1645786,2006-04-13,False
stan,stan,14974261,2020-05-09,False
stan,stan,13719079,2019-03-17,False
stan,stan,15723274,2021-02-06,False
stan,stan,12205406,2017-11-24,False
stan,stan,13124847,2018-08-10,False
stan,stan,13346945,2018-11-11,False
stan,stan,13874804,2019-05-05,False
stan,stan,13970444,2019-06-06,False
stan,stan,15842235,2021-03-20,False
stan,stan,15978962,2021-05-09,False
stan,stan,16091022,2021-06-10,False
stan,stan,13573586,2019-01-30,False
stan,stan,9148449,2016-05-10,False
stan,stan,2035430,2006-10-17,False
stan,stan,11959901,2017-09-14,False
stan,stan,12251338,2017-12-06,False
stan,stan,13606805,2019-02-11,False
stan,stan,14232682,2019-09-30,False
stan,stan,13188862,2018-09-11,False
stan,stan,8246856,2015-04-29,False
stan,stan,4873871,2010-04-10,False
stan,stan,13913314,2019-05-18,False
stan,stan,5133601,2010-08-02,False
stan,stan,14527650,2019-12-09,False
stan,stan,15754487,2021-02-18,False
stan,stan,6031243,2011-08-23,False
stan,stan,13296187,2018-10-24,False
stan,stan,6398123,2012-02-21,False
stan,stan,13905408,2019-05-15,False
stan,stan,15538826,2020-12-02,False
stan,stan,15554352,2020-12-07,False
stan,stan,15637129,2021-01-05,False
stan,stan,11986699,2017-09-25,False
stan,stan,14423442,2019-11-11,False
stan,stan,10411352,2016-10-26,False
stan,stan,14323310,2019-10-22,False
stan,stan,15554266,2020-12-07,False
stan,stan,7934788,2014-10-21,False
stan,stan,14163783,2019-09-01,False
stan,stan,13745914,2019-03-25,False
stan,stan,12661802,2018-03-09,False
stan,stan,12965921,2018-06-01,False
stan,stan,13498641,2019-01-04,False
stan,stan,13529282,2019-01-15,False
stan,stan,13781207,2019-04-06,False
stan,stan,14320490,2019-10-22,False
stan,stan,14339539,2019-10-26,False
stan,stan,14423478,2019-11-11,False
stan,stan,14464752,2019-11-22,False
stan,stan,14572169,2019-12-23,False
stan,stan,14582218,2019-12-28,False
stan,stan,14595519,2020-01-02,False
stan,stan,14986775,2020-05-13,False
stan,stan,15056559,2020-06-03,False
stan,stan,15263562,2020-08-22,False
stan,stan,15277531,2020-08-28,False
stan,stan,15335202,2020-09-23,False
stan,stan,15509743,2020-11-22,False
stan,stan,15529242,2020-11-29,False
stan,stan,15535313,2020-12-01,False
stan,stan,15555105,2020-12-07,False
stan,stan,15556222,2020-12-07,False
stan,stan,15659525,2021-01-14,False
stan,stan,15841661,2021-03-20,False
stan,stan,15887815,2021-04-05,False
stan,stan,15953572,2021-04-30,False
stan,stan,15953567,2021-04-30,False
stan,stan,15978660,2021-05-09,False
stan,stan,16055532,2021-06-02,False
stan,stan,16120277,2021-06-21,False
stan,stan,16160113,2021-07-06,False
stan,stan,16307431,2021-09-10,False
stan,stan,16325387,2021-09-19,False
stan,stan,16343047,2021-09-29,False
stan,stan,16409921,2021-11-03,False
stan,stan,16422047,2021-11-09,False
stan,stan,16503261,2021-11-21,False
stan,stan,16560012,2021-11-22,False
stan,stan,16683310,2021-11-23,False
stan,stan,16690290,2021-11-23,False
stan,stan,16719503,2021-11-24,False
stan,stan,16832015,2021-12-11,False
stan,stan,16896284,2022-01-08,False
stan,stan,16966685,2022-02-04,False
stan,stan,16966713,2022-02-04,False
stan,stan,16968436,2022-02-05,False
stan,stan,16979782,2022-02-09,False
stan,stan,16984290,2022-02-11,False
stan,stan,17013707,2022-02-22,False
stan,stan,17023322,2022-02-25,False
stan,stan,17030260,2022-02-28,False
stan,stan,17044672,2022-03-05,False
stan,stan,17052165,2022-03-07,False
stan,stan,17052204,2022-03-07,False
stan,stan,17055113,2022-03-08,False
stan,stan,17081173,2022-03-18,False
stan,stan,17091663,2022-03-22,False
stan,stan,17102304,2022-03-26,False
stan,stan,17106552,2022-03-28,False
stan,stan,17126458,2022-04-04,False
stan,stan,17143786,2022-04-11,False
stan,stan,17186330,2022-04-26,False
stan,stan,17219248,2022-05-09,False
stan,stan,17228738,2022-05-12,False
stan,stan,17277750,2022-06-01,False
stan,stan,17278558,2022-06-01,False
stan,stan,17329580,2022-06-26,False
stan,stan,17378967,2022-07-25,False
stan,stan,17411571,2022-08-15,False
stan,stan,17422091,2022-08-23,False
stan,stan,17439104,2022-09-03,False
stan,stan,17459655,2022-09-16,False
stan,stan,17562152,2022-11-26,False
stan,stan,17678717,2023-02-20,False
stan,stan,17728760,2023-03-27,False
stan,stan,17818827,2023-06-09,False
stan,stan,17836558,2023-06-24,False
stan,stan,17845627,2023-07-02,False
stan,stan,17890676,2023-08-16,False
stan,stan,18026219,2023-11-26,False
stan,stan,18154201,2024-03-05,False
stan,stan,18181160,2024-04-02,False
stan,stan,18292197,2024-08-12,False
stan,stan,18379196,2024-11-30,False
stan,stan,18394299,2024-12-21,False
stan,stan,18444237,2025-03-03,False
chonk,chonk,13646417,2019-02-22,False
chonk,chonk,14052964,2019-07-10,False
chonk,chonk,14241307,2019-10-03,False
chonk,chonk,13223730,2018-09-27,False
chonk,chonk,14046704,2019-07-07,False
chonk,chonk,15465533,2020-11-09,False
chonk,chonk,15997031,2021-05-16,False
chonk,chonk,14242518,2019-10-04,False
chonk,chonk,13809914,2019-04-15,False
chonk,chonk,15089153,2020-06-11,False
chonk,chonk,15352840,2020-10-01,False
chonk,chonk,16405426,2021-11-01,False
chonk,chonk,17668381,2023-02-12,False
chonk,chonk,14872345,2020-04-09,False
chonk,chonk,13861222,2019-04-30,False
chonk,chonk,13861190,2019-04-30,False
chonk,chonk,13889420,2019-05-10,False
chonk,chonk,14049396,2019-07-08,False
chonk,chonk,17747652,2023-04-11,False
chonk,chonk,275608,2003-10-04,False
chonk,chonk,3209635,2008-08-03,False
chonk,chonk,2392189,2007-05-12,False
chonk,chonk,4020539,2009-06-05,False
chonk,chonk,14216813,2019-09-24,False
chonk,chonk,14578061,2019-12-26,False
chonk,chonk,226110,2003-08-24,False
chonk,chonk,1327122,2005-06-27,False
chonk,chonk,216304,2003-08-16,False
chonk,chonk,2065901,2006-11-02,False
chonk,chonk,2426616,2007-06-07,False
chonk,chonk,11010108,2017-02-07,False
chonk,chonk,195834,2003-07-28,False
chonk,chonk,2130884,2006-12-07,False
chonk,chonk,2760852,2008-01-15,False
chonk,chonk,3412501,2009-02-22,False
chonk,chonk,365452,2003-11-25,False
chonk,chonk,5160206,2010-08-16,False
chonk,chonk,725639,2004-06-19,False
chonk,chonk,155050,2003-06-14,False
chonk,chonk,14004157,2019-06-19,False
chonk,chonk,14060951,2019-07-14,False
chonk,chonk,14271304,2019-10-13,False
chonk,chonk,15387848,2020-10-14,False
chonk,chonk,15701622,2021-01-29,False
chonk,chonk,17322288,2022-06-22,False
chonk,chonk,31318,2003-02-06,False
chonk,chonk,1336375,2005-07-06,False
chonk,chonk,266655,2003-09-26,False
chonk,chonk,937324,2004-12-08,False
chonk,chonk,2109717,2006-11-25,False
chonk,chonk,10831549,2017-01-02,False
chonk,chonk,13098298,2018-07-28,False
chonk,chonk,13597711,2019-02-08,False
chonk,chonk,13787037,2019-04-08,False
chonk,chonk,13830872,2019-04-21,False
chonk,chonk,13863089,2019-05-01,False
chonk,chonk,14010095,2019-06-21,False
chonk,chonk,14136657,2019-08-19,False
chonk,chonk,14735302,2020-02-19,False
chonk,chonk,14864439,2020-04-06,False
chonk,chonk,14865291,2020-04-07,False
chonk,chonk,14872391,2020-04-09,False
chonk,chonk,14968244,2020-05-07,False
chonk,chonk,15142011,2020-06-28,False
chonk,chonk,15281373,2020-08-31,False
chonk,chonk,15319538,2020-09-16,False
chonk,chonk,15716532,2021-02-04,False
chonk,chonk,15790961,2021-03-03,False
chonk,chonk,15832726,2021-03-17,False
chonk,chonk,15981487,2021-05-10,False
chonk,chonk,16048780,2021-05-31,False
chonk,chonk,16131485,2021-06-25,False
chonk,chonk,16148607,2021-07-02,False
chonk,chonk,16377341,2021-10-15,False
chonk,chonk,16424349,2021-11-10,False
chonk,chonk,17385677,2022-07-29,False
chonk,chonk,17425762,2022-08-25,False
chonk,chonk,17587905,2022-12-13,False
chonk,chonk,17773822,2023-05-02,False
chonk,chonk,18091770,2024-01-29,False
chonk,chonk,18224725,2024-05-20,False
chonk,chonk,18576331,2025-11-28,False
shook,shook,10368061,2016-10-17,False
shook,shook,26547,2003-01-28,False
shook,shook,10177710,2016-09-01,False
shook,shook,663485,2004-05-11,False
shook,shook,96269,2003-04-14,False
shook,shook,2382141,2007-05-01,False
shook,shook,10845066,2017-01-04,False
shook,shook,10549553,2016-11-26,False
shook,shook,2639570,2007-11-03,False
shook,shook,931761,2004-12-05,False
shook,shook,13013576,2018-06-20,False
shook,shook,12436828,2018-01-14,False
shook,shook,7704979,2014-04-12,False
shook,shook,13051085,2018-07-07,False
shook,shook,1152708,2005-03-30,False
shook,shook,11673872,2017-06-09,False
shook,shook,6054850,2011-09-04,False
shook,shook,5558081,2011-02-20,False
shook,shook,12587198,2018-02-21,False
shook,shook,12100871,2017-10-27,False
shook,shook,10818132,2016-12-30,False
shook,shook,11087045,2017-02-23,False
shook,shook,12304620,2017-12-18,False
shook,shook,10612628,2016-12-08,False
shook,shook,13011459,2018-06-19,False
shook,shook,11766644,2017-07-06,False
shook,shook,4132782,2009-07-24,False
shook,shook,1154518,2005-05-13,False
shook,shook,729809,2004-06-22,False
shook,shook,11147161,2017-03-07,False
shook,shook,12043983,2017-10-11,False
shook,shook,12776009,2018-05-19,False
shook,shook,13643131,2019-02-22,False
shook,shook,13764767,2019-03-31,False
shook,shook,291285,2003-10-14,False
shook,shook,1245721,2005-05-09,False
shook,shook,3241585,2008-08-19,False
shook,shook,3071612,2008-05-08,False
shook,shook,12383607,2018-01-05,False
shook,shook,545710,2004-03-07,False
shook,shook,2807282,2008-01-22,False
shook,shook,245570,2003-09-09,False
shook,shook,10844343,2017-01-03,False
shook,shook,10939743,2017-01-24,False
shook,shook,10972610,2017-01-31,False
shook,shook,11100982,2017-02-25,False
shook,shook,11844135,2017-08-03,False
shook,shook,12016502,2017-10-03,False
shook,shook,12043961,2017-10-12,False
shook,shook,12277677,2017-12-13,False
shook,shook,12301715,2017-12-18,False
shook,shook,12479938,2018-01-26,False
shook,shook,12647820,2018-03-06,False
shook,shook,12719641,2018-03-31,False
shook,shook,12773086,2018-05-18,False
shook,shook,13030730,2018-06-27,False
shook,shook,13117978,2018-08-06,False
shook,shook,13145818,2018-08-19,False
shook,shook,13161006,2018-08-28,False
shook,shook,13167968,2018-09-01,False
shook,shook,13230343,2018-09-29,False
shook,shook,13488437,2018-12-31,False
shook,shook,13571553,2019-01-30,False
shook,shook,13577768,2019-02-01,False
shook,shook,13615842,2019-02-13,False
shook,shook,13670811,2019-03-01,False
shook,shook,13834593,2019-04-22,False
shook,shook,13937333,2019-05-26,False
shook,shook,14596062,2020-01-02,False
shook,shook,15654145,2021-01-12,False
shook,shook,16230962,2021-08-05,False
shook,shook,17482221,2022-10-03,False
shook,shook,17547166,2022-11-16,False
shook,shook,17702057,2023-03-07,False
shook,shook,18254074,2024-06-22,False
shook,shook,18254076,2024-06-22,False
snatched,snatched,9164473,2016-10-10,False
snatched,snatched,6072193,2011-09-12,False
snatched,snatched,11468926,2017-04-22,False
snatched,snatched,14059385,2019-07-13,False
snatched,snatched,11456171,2017-04-19,False
snatched,snatched,3289985,2008-10-12,False
snatched,snatched,14559138,2019-12-19,False
snatched,snatched,13258071,2018-10-10,False
snatched,snatched,12971174,2018-06-12,False
snatched,snatched,13052268,2018-07-07,False
snatched,snatched,13301614,2018-10-26,False
snatched,snatched,3071711,2008-05-08,False
snatched,snatched,5148660,2010-08-10,False
snatched,snatched,324978,2003-10-31,False
snatched,snatched,12280100,2017-12-15,False
snatched,snatched,13743419,2019-03-24,False
snatched,snatched,15219271,2020-08-01,False
snatched,snatched,10349325,2016-10-12,False
snatched,snatched,13546447,2019-01-22,False
snatched,snatched,10440699,2016-11-02,False
snatched,snatched,9956626,2016-07-02,False
snatched,snatched,11901597,2017-08-24,False
snatched,snatched,7760550,2014-05-20,False
snatched,snatched,12936115,2018-05-21,False
snatched,snatched,15540186,2020-12-02,False
snatched,snatched,15877870,2021-04-02,False
snatched,snatched,16164398,2021-07-07,False
snatched,snatched,16226788,2021-08-03,False
snatched,snatched,16929625,2022-01-21,False
snatched,snatched,17382142,2022-07-26,False
snatched,snatched,17807649,2023-05-30,False
snatched,snatched,18169144,2024-03-20,False
snatched,snatched,18264915,2024-07-06,False
snatched,snatched,18565614,2025-11-03,False
savage,savage,9525809,2016-06-21,False
savage,savage,10650721,2016-12-14,False
savage,savage,1522293,2005-12-28,False
savage,savage,9264964,2016-09-08,False
savage,savage,10647699,2016-12-14,False
savage,savage,3530492,2008-12-09,False
savage,savage,852751,2004-10-09,False
savage,savage,685840,2004-05-24,False
savage,savage,758426,2004-07-15,False
savage,savage,14109951,2019-08-06,False
savage,savage,9834888,2016-06-05,False
savage,savage,813917,2004-09-01,False
savage,savage,11361683,2017-03-30,False
savage,savage,4334621,2009-11-01,False
savage,savage,8108434,2015-02-16,False
savage,savage,772505,2004-07-27,False
savage,savage,8281539,2015-05-19,False
savage,savage,777629,2004-07-31,False
savage,savage,3870966,2009-04-08,False
savage,savage,12920521,2018-06-05,False
savage,savage,8253063,2015-05-02,False
savage,savage,8691786,2016-01-04,False
savage,savage,14940990,2020-04-28,False
savage,savage,9333454,2016-08-18,False
savage,savage,11918989,2017-08-30,False
savage,savage,10914360,2017-01-18,False
savage,savage,13440521,2018-12-11,False
savage,savage,655723,2004-05-06,False
savage,savage,8690031,2016-01-03,False
savage,savage,6168738,2011-10-28,False
savage,savage,8088868,2015-02-05,False
savage,savage,8350061,2015-07-24,False
savage,savage,9591732,2016-06-04,False
savage,savage,9722011,2016-05-15,False
savage,savage,10505169,2016-11-16,False
savage,savage,10986219,2017-02-02,False
savage,savage,13953996,2019-06-01,False
savage,savage,14799377,2020-03-13,False
savage,savage,206510,2003-08-07,False
savage,savage,624785,2004-04-21,False
savage,savage,8253062,2015-05-02,False
savage,savage,10894391,2017-01-14,False
savage,savage,397979,2003-12-15,False
savage,savage,88363,2003-04-07,False
savage,savage,230220,2003-08-27,False
savage,savage,7139148,2013-09-08,False
savage,savage,3074698,2008-05-10,False
savage,savage,8205200,2015-04-07,False
savage,savage,8627279,2015-12-14,False
savage,savage,9262687,2016-09-09,False
savage,savage,668703,2004-05-13,False
savage,savage,171361,2003-07-02,False
savage,savage,199172,2003-07-30,False
savage,savage,8344123,2015-07-16,False
savage,savage,8053617,2015-01-14,False
savage,savage,356801,2003-11-18,False
savage,savage,9422880,2016-07-21,False
savage,savage,2227710,2007-02-03,False
savage,savage,151498,2003-06-10,False
savage,savage,8910899,2016-03-23,False
savage,savage,10607458,2016-12-07,False
savage,savage,12008240,2017-09-30,False
savage,savage,13738572,2019-03-22,False
savage,savage,553504,2004-03-11,False
savage,savage,511340,2004-02-16,False
savage,savage,3231499,2008-08-14,False
savage,savage,714741,2004-06-11,False
savage,savage,40552,2003-02-21,False
savage,savage,230493,2003-08-28,False
savage,savage,643971,2004-04-30,False
savage,savage,4823081,2010-03-22,False
savage,savage,11756390,2017-07-02,False
savage,savage,739527,2004-06-29,False
savage,savage,226214,2003-08-24,False
savage,savage,10589946,2016-12-04,False
savage,savage,835929,2004-09-24,False
savage,savage,1258296,2005-05-14,False
savage,savage,11305558,2017-03-21,False
savage,savage,542095,2004-03-05,False
savage,savage,1900833,2006-08-06,False
savage,savage,10630067,2016-12-11,False
savage,savage,1945714,2006-08-30,False
savage,savage,8350059,2015-07-24,False
savage,savage,11814783,2017-07-23,False
savage,savage,1534812,2005-12-28,False
savage,savage,4096625,2009-07-08,False
savage,savage,434217,2004-01-08,False
savage,savage,766043,2004-07-21,False
savage,savage,7713394,2014-04-14,False
savage,savage,8540225,2015-11-17,False
savage,savage,8895780,2016-03-20,False
savage,savage,9156726,2016-10-13,False
savage,savage,9331674,2016-08-19,False
savage,savage,9617557,2016-05-30,False
savage,savage,10510549,2016-11-17,False
savage,savage,11416635,2017-04-10,False
savage,savage,11478306,2017-04-24,False
savage,savage,11613629,2017-05-26,False
savage,savage,12093113,2018-04-19,False
savage,savage,12421869,2018-01-11,False
savage,savage,14334216,2019-10-24,False
savage,savage,14474854,2019-11-24,False
savage,savage,15019212,2020-05-25,False
savage,savage,198046,2003-07-30,False
savage,savage,226215,2003-08-24,False
savage,savage,8772721,2016-01-23,False
savage,savage,9661259,2016-05-21,False
savage,savage,757075,2004-07-13,False
savage,savage,3566936,2008-12-22,False
savage,savage,8808184,2016-02-04,False
savage,savage,9276378,2016-09-06,False
savage,savage,9560618,2016-06-12,False
savage,savage,10142974,2016-08-23,False
savage,savage,11634457,2017-05-31,False
savage,savage,12816268,2018-05-24,False
savage,savage,168154,2003-06-29,False
savage,savage,393936,2003-12-13,False
savage,savage,4249727,2009-09-21,False
savage,savage,3746527,2009-02-23,False
savage,savage,8047617,2015-01-10,False
savage,savage,8151865,2015-03-10,False
savage,savage,8274956,2015-05-15,False
savage,savage,8845247,2016-03-07,False
savage,savage,9206832,2016-09-23,False
savage,savage,10056666,2016-07-30,False
savage,savage,11168107,2017-03-11,False
savage,savage,11386892,2017-04-04,False
savage,savage,11422724,2017-04-11,False
savage,savage,686843,2004-05-24,False
savage,savage,1314465,2008-07-16,False
savage,savage,22644,2003-01-20,False
savage,savage,354706,2003-11-17,False
savage,savage,11097834,2017-02-25,False
savage,savage,761473,2004-07-17,False
savage,savage,2030643,2006-10-14,False
savage,savage,115365,2003-05-02,False
savage,savage,3676274,2009-02-01,False
savage,savage,508642,2004-02-15,False
savage,savage,6105179,2011-09-29,False
savage,savage,6754585,2012-09-16,False
savage,savage,8622417,2015-12-12,False
savage,savage,9143226,2016-05-09,False
savage,savage,4294049,2009-10-13,False
savage,savage,1740634,2006-05-16,False
savage,savage,1978660,2006-09-17,False
savage,savage,1752723,2006-05-22,False
savage,savage,2214145,2007-01-28,False
savage,savage,5202581,2010-09-06,False
savage,savage,8286304,2015-05-23,False
savage,savage,11297958,2017-03-20,False
savage,savage,4658934,2010-02-07,False
savage,savage,9280087,2016-09-05,False
savage,savage,9599895,2016-06-02,False
savage,savage,1764889,2006-05-26,False
savage,savage,5437535,2010-12-16,False
savage,savage,8332329,2015-07-04,False
savage,savage,8341129,2015-07-13,False
savage,savage,8363454,2015-08-10,False
savage,savage,8593136,2015-12-04,False
savage,savage,8665033,2015-12-26,False
savage,savage,8822448,2016-03-01,False
savage,savage,8921832,2016-03-25,False
savage,savage,9937452,2016-06-27,False
savage,savage,10919384,2017-01-20,False
savage,savage,11079504,2017-02-21,False
savage,savage,12304277,2017-12-19,False
savage,savage,12594250,2018-02-22,False
savage,savage,12698687,2018-03-19,False
savage,savage,13768956,2019-04-01,False
savage,savage,13768957,2019-04-01,False
savage,savage,13768952,2019-04-01,False
savage,savage,760789,2004-07-17,False
savage,savage,830439,2004-09-18,False
savage,savage,11643496,2017-06-02,False
savage,savage,621843,2004-04-19,False
savage,savage,6079871,2011-09-16,False
savage,savage,2614795,2007-10-18,False
savage,savage,539721,2004-03-04,False
savage,savage,744319,2004-07-02,False
savage,savage,1437668,2005-09-23,False
savage,savage,8920879,2016-03-25,False
savage,savage,10362703,2016-10-15,False
savage,savage,11143681,2017-03-06,False
savage,savage,5170681,2010-08-21,False
savage,savage,690744,2004-05-27,False
savage,savage,3028291,2008-04-22,False
savage,savage,13032404,2018-06-28,False
savage,savage,815287,2004-09-03,False
savage,savage,7918743,2014-10-08,False
savage,savage,490714,2004-02-05,False
savage,savage,1145676,2005-05-13,False
savage,savage,2453791,2007-06-28,False
savage,savage,8032377,2015-01-02,False
savage,savage,8032378,2015-01-02,False
savage,savage,8512347,2015-11-09,False
savage,savage,9393796,2016-07-30,False
savage,savage,9879351,2016-06-14,False
savage,savage,10801581,2016-12-28,False
savage,savage,11337162,2017-03-26,False
savage,savage,11478853,2017-04-25,False
savage,savage,11922191,2017-08-31,False
savage,savage,11928171,2017-09-03,False
savage,savage,12655298,2018-03-09,False
savage,savage,13097156,2018-07-27,False
savage,savage,345457,2003-11-11,False
savage,savage,486562,2004-02-03,False
savage,savage,461900,2004-01-21,False
savage,savage,5202121,2010-09-06,False
savage,savage,5432646,2010-12-14,False
savage,savage,8055968,2015-01-15,False
savage,savage,11077286,2017-02-21,False
savage,savage,9640751,2016-05-25,False
savage,savage,366926,2003-11-25,False
savage,savage,2676774,2007-11-29,False
savage,savage,490771,2004-02-05,False
savage,savage,11325690,2017-03-23,False
savage,savage,169166,2003-06-30,False
savage,savage,744304,2004-07-02,False
savage,savage,414814,2003-12-28,False
savage,savage,744326,2004-07-02,False
savage,savage,1839236,2006-07-01,False
savage,savage,744359,2004-07-02,False
savage,savage,341057,2003-11-09,False
savage,savage,744341,2004-07-02,False
savage,savage,3415767,2008-12-09,False
savage,savage,4329522,2009-10-29,False
savage,savage,6194478,2011-11-09,False
savage,savage,6458925,2012-05-07,False
savage,savage,7790726,2014-06-13,False
savage,savage,8158561,2015-03-13,False
savage,savage,8182992,2015-03-29,False
savage,savage,8191498,2015-03-31,False
savage,savage,8490294,2015-11-02,False
savage,savage,8803452,2016-02-02,False
savage,savage,9206840,2016-09-23,False
savage,savage,9231139,2016-09-19,False
savage,savage,9271845,2016-09-07,False
savage,savage,9325816,2016-08-21,False
savage,savage,9374361,2016-08-06,False
savage,savage,9374978,2016-08-05,False
savage,savage,9522996,2016-06-22,False
savage,savage,9556388,2016-06-13,False
savage,savage,9830846,2016-06-04,False
savage,savage,9916819,2016-06-22,False
savage,savage,9941834,2016-06-28,False
savage,savage,10152785,2016-08-26,False
savage,savage,10444938,2016-11-03,False
savage,savage,10493849,2016-11-14,False
savage,savage,10632653,2016-12-12,False
savage,savage,10638316,2016-12-12,False
savage,savage,10648156,2016-12-14,False
savage,savage,10776205,2016-12-25,False
savage,savage,10821343,2016-12-31,False
savage,savage,10853886,2017-01-05,False
savage,savage,10912462,2017-01-18,False
savage,savage,10916717,2017-01-19,False
savage,savage,10940769,2017-01-24,False
savage,savage,10953606,2017-01-27,False
savage,savage,10989291,2017-02-03,False
savage,savage,10993461,2017-02-04,False
savage,savage,10999895,2017-02-06,False
savage,savage,11059756,2017-02-18,False
savage,savage,11079521,2017-02-21,False
savage,savage,11092663,2017-02-24,False
savage,savage,11175985,2017-03-13,False
savage,savage,11181836,2018-06-18,False
savage,savage,11181984,2018-06-18,False
savage,savage,11269122,2017-03-16,False
savage,savage,11305796,2017-03-21,False
savage,savage,11312930,2017-03-22,False
savage,savage,11354331,2017-03-29,False
savage,savage,11361520,2017-03-30,False
savage,savage,11373946,2017-04-02,False
savage,savage,11428302,2017-04-12,False
savage,savage,11438889,2017-04-15,False
savage,savage,11468580,2017-04-22,False
savage,savage,11483706,2017-04-26,False
savage,savage,11548061,2017-05-19,False
savage,savage,11638965,2017-06-01,False
savage,savage,11793168,2018-04-18,False
savage,savage,11809970,2017-07-21,False
savage,savage,11843853,2017-08-02,False
savage,savage,11868907,2017-08-12,False
savage,savage,11921514,2017-08-31,False
savage,savage,11958909,2017-09-13,False
savage,savage,12001407,2017-09-28,False
savage,savage,12001760,2017-09-27,False
savage,savage,12005860,2017-09-29,False
savage,savage,12016973,2017-10-03,False
savage,savage,12047638,2017-10-13,False
savage,savage,12055974,2017-10-15,False
savage,savage,12056994,2017-10-15,False
savage,savage,12099161,2017-10-27,False
savage,savage,12235024,2017-12-01,False
savage,savage,12244542,2017-12-05,False
savage,savage,12261672,2017-12-09,False
savage,savage,12278383,2017-12-13,False
savage,savage,12282776,2017-12-15,False
savage,savage,12298196,2017-12-17,False
savage,savage,12364757,2018-01-01,False
savage,savage,12390291,2018-01-07,False
savage,savage,12415858,2018-01-10,False
savage,savage,12440103,2018-01-15,False
savage,savage,12487427,2018-01-28,False
savage,savage,12519378,2018-02-05,False
savage,savage,12560226,2018-02-15,False
savage,savage,12605374,2018-02-26,False
savage,savage,12649619,2018-03-07,False
savage,savage,12655173,2018-03-09,False
savage,savage,12691984,2018-05-11,False
savage,savage,12696338,2018-05-12,False
savage,savage,12777606,2018-04-01,False
savage,savage,12792327,2018-05-21,False
savage,savage,12811808,2018-05-23,False
savage,savage,12867977,2018-05-30,False
savage,savage,12947121,2018-06-09,False
savage,savage,12982898,2018-06-14,False
savage,savage,12984322,2018-06-14,False
savage,savage,12993479,2018-06-15,False
savage,savage,13005941,2018-06-17,False
savage,savage,13005950,2018-06-17,False
savage,savage,13042060,2018-07-03,False
savage,savage,13046401,2018-07-05,False
savage,savage,13174912,2018-09-04,False
savage,savage,13479914,2018-12-27,False
savage,savage,13499256,2019-01-04,False
savage,savage,13532187,2019-01-16,False
savage,savage,13546121,2019-01-22,False
savage,savage,13625049,2019-02-16,False
savage,savage,13687058,2019-03-06,False
savage,savage,13730697,2019-03-20,False
savage,savage,14104528,2019-08-04,False
savage,savage,14135972,2019-08-19,False
savage,savage,14508787,2019-12-04,False
savage,savage,14811464,2020-03-18,False
savage,savage,14849097,2020-04-01,False
savage,savage,14892513,2020-04-15,False
savage,savage,14915904,2020-04-20,False
savage,savage,14954339,2020-05-02,False
savage,savage,14969404,2020-05-07,False
savage,savage,15228000,2020-08-05,False
savage,savage,15274925,2020-08-27,False
savage,savage,15357928,2020-10-03,False
savage,savage,15439276,2020-10-31,False
savage,savage,15439277,2020-10-31,False
savage,savage,15602328,2020-12-23,False
savage,savage,15734823,2021-02-11,False
savage,savage,15750751,2021-02-17,False
savage,savage,15813473,2021-03-10,False
savage,savage,15887229,2021-04-05,False
savage,savage,15887401,2021-04-05,False
savage,savage,15898034,2021-04-09,False
savage,savage,16170453,2021-07-10,False
savage,savage,16323828,2021-09-19,False
savage,savage,16348901,2021-10-02,False
savage,savage,16427787,2021-11-12,False
savage,savage,16858788,2021-12-23,False
savage,savage,16910710,2022-01-14,False
savage,savage,17046951,2022-03-06,False
savage,savage,17074819,2022-03-15,False
savage,savage,17165253,2022-04-19,False
savage,savage,17340843,2022-07-02,False
savage,savage,17472460,2022-09-26,False
savage,savage,17755331,2023-04-17,False
savage,savage,17858591,2023-07-15,False
savage,savage,17858581,2023-07-15,False
savage,savage,17858593,2023-07-15,False
savage,savage,17921998,2023-09-17,False
savage,savage,18091058,2024-01-29,False
savage,savage,18091060,2024-01-29,False
savage,savage,18108697,2024-02-16,False
savage,savage,18223645,2024-05-19,False
savage,savage,18285742,2024-08-03,False
savage,savage,18720061,2026-07-17,False
extra,extra,245251,2003-09-09,False
extra,extra,16127979,2021-06-24,False
extra,extra,10957404,2017-01-28,False
extra,extra,11094191,2017-02-24,False
extra,extra,11862365,2017-08-09,False
extra,extra,11802509,2017-07-18,False
extra,extra,11145677,2017-03-06,False
extra,extra,2140645,2006-12-12,False
extra,extra,13903605,2019-05-15,False
extra,extra,3221269,2008-08-07,False
extra,extra,2025345,2006-10-12,False
extra,extra,11304612,2017-03-21,False
extra,extra,12095308,2017-10-29,False
extra,extra,13318789,2018-11-01,False
extra,extra,14248402,2019-10-06,False
extra,extra,10582078,2016-12-02,False
extra,extra,4043076,2009-06-14,False
extra,extra,11445144,2017-04-17,False
extra,extra,11312200,2017-03-22,False
extra,extra,14814326,2020-03-19,False
extra,extra,5899303,2011-06-20,False
extra,extra,3153819,2008-06-14,False
extra,extra,955507,2004-12-20,False
extra,extra,875529,2004-10-27,False
extra,extra,475905,2004-01-28,False
extra,extra,11802120,2017-07-18,False
extra,extra,12077382,2017-10-21,False
extra,extra,13143172,2018-08-18,False
extra,extra,15747388,2021-02-16,False
extra,extra,16959099,2022-02-01,False
extra,extra,17978160,2023-11-09,False
extra,extra,11884527,2017-08-17,False
extra,extra,12571156,2018-05-06,False
extra,extra,11336459,2017-03-26,False
extra,extra,14024667,2019-06-27,False
extra,extra,10503054,2016-11-16,False
extra,extra,10888767,2017-01-13,False
extra,extra,11678341,2017-06-11,False
extra,extra,14137786,2019-08-20,False
extra,extra,3886672,2009-04-14,False
extra,extra,9554838,2016-06-13,False
extra,extra,10620494,2016-12-10,False
extra,extra,2063235,2006-11-01,False
extra,extra,9250460,2016-09-12,False
extra,extra,8292463,2015-05-29,False
extra,extra,1664837,2006-04-18,False
extra,extra,1116566,2005-03-12,False
extra,extra,2218392,2008-12-12,False
extra,extra,2726666,2007-12-31,False
extra,extra,13138770,2018-08-16,False
extra,extra,11895405,2017-08-22,False
extra,extra,11383800,2017-04-04,False
extra,extra,11783842,2017-07-12,False
extra,extra,13364805,2018-11-16,False
extra,extra,11046233,2017-02-15,False
extra,extra,11085050,2017-02-22,False
extra,extra,11131870,2017-03-03,False
extra,extra,11165875,2017-03-10,False
extra,extra,11263813,2017-03-16,False
extra,extra,11298144,2017-03-20,False
extra,extra,11324288,2017-03-23,False
extra,extra,11387050,2017-04-05,False
extra,extra,11389069,2017-04-09,False
extra,extra,11446881,2017-04-17,False
extra,extra,11469294,2017-04-22,False
extra,extra,11689748,2017-06-16,False
extra,extra,11711053,2017-06-20,False
extra,extra,11818053,2017-07-24,False
extra,extra,11871924,2018-04-18,False
extra,extra,11938608,2017-09-06,False
extra,extra,11951110,2017-10-03,False
extra,extra,12001089,2017-09-27,False
extra,extra,12068450,2017-10-18,False
extra,extra,12119900,2017-11-02,False
extra,extra,12236904,2017-12-02,False
extra,extra,12367405,2018-01-02,False
extra,extra,12387163,2018-04-24,False
extra,extra,12391294,2018-01-07,False
extra,extra,12468392,2018-01-23,False
extra,extra,12506057,2018-05-04,False
extra,extra,12576886,2018-02-18,False
extra,extra,12727886,2018-05-14,False
extra,extra,12766237,2018-03-30,False
extra,extra,12823957,2018-05-25,False
extra,extra,12826486,2018-05-25,False
extra,extra,12904787,2018-06-04,False
extra,extra,13049396,2018-07-06,False
extra,extra,13070841,2018-07-16,False
extra,extra,13085071,2018-07-22,False
extra,extra,13138775,2018-08-16,False
extra,extra,13142325,2018-08-18,False
extra,extra,13170290,2018-09-02,False
extra,extra,13218524,2018-09-25,False
extra,extra,13447330,2018-12-13,False
extra,extra,13447660,2018-12-13,False
extra,extra,13457751,2018-12-17,False
extra,extra,13536952,2019-01-18,False
extra,extra,13596125,2019-02-07,False
extra,extra,13616053,2019-02-13,False
extra,extra,13726242,2019-03-19,False
extra,extra,13845972,2019-04-25,False
extra,extra,13922597,2019-05-21,False
extra,extra,13989817,2019-06-13,False
extra,extra,14076311,2019-07-21,False
extra,extra,14076584,2019-07-21,False
extra,extra,14144287,2019-08-23,False
extra,extra,14151239,2019-08-26,False
extra,extra,14329920,2019-10-23,False
extra,extra,14566281,2019-12-21,False
extra,extra,14721349,2020-02-14,False
extra,extra,15411570,2020-10-22,False
extra,extra,15441147,2020-11-01,False
extra,extra,15703395,2021-01-30,False
extra,extra,15715814,2021-02-03,False
extra,extra,15849775,2021-03-23,False
extra,extra,15893150,2021-04-07,False
extra,extra,15917893,2021-04-17,False
extra,extra,16270482,2021-08-26,False
extra,extra,16946432,2022-01-27,False
extra,extra,17158245,2022-04-16,False
extra,extra,17159810,2022-04-17,False
extra,extra,17371792,2022-07-20,False
extra,extra,17388139,2022-07-30,False
extra,extra,17464755,2022-09-20,False
extra,extra,18087837,2024-01-25,False
extra,extra,18527620,2025-08-06,False
lit,lit,7514041,2014-01-24,False
lit,lit,13045503,2018-07-04,False
lit,lit,8303941,2015-06-06,False
lit,lit,3719917,2009-02-13,False
lit,lit,17786522,2023-05-13,False
lit,lit,12967071,2018-06-12,False
lit,lit,807971,2004-08-27,False
lit,lit,10621138,2016-12-10,False
lit,lit,11672842,2017-06-10,False
lit,lit,7037,2002-10-21,False
lit,lit,8183128,2015-03-29,False
lit,lit,12513675,2018-02-03,False
lit,lit,1461815,2005-10-05,False
lit,lit,197402,2003-07-29,False
lit,lit,11861599,2017-08-09,False
lit,lit,7302512,2013-11-07,False
lit,lit,8634767,2015-12-16,False
lit,lit,7730184,2014-04-25,False
lit,lit,1479301,2005-10-29,False
lit,lit,10345230,2016-10-11,False
lit,lit,10927517,2017-01-21,False
lit,lit,12136176,2017-11-06,False
lit,lit,10582580,2016-12-02,False
lit,lit,8558608,2015-11-23,False
lit,lit,10586929,2016-12-03,False
lit,lit,11383198,2017-04-05,False
lit,lit,11147274,2017-03-07,False
lit,lit,756423,2004-07-13,False
lit,lit,1515814,2005-12-28,False
lit,lit,10258135,2016-09-19,False
lit,lit,9022571,2016-04-17,False
lit,lit,9466400,2016-07-08,False
lit,lit,10877763,2017-01-11,False
lit,lit,919017,2004-11-28,False
lit,lit,4696116,2010-02-14,False
lit,lit,9367204,2016-08-08,False
lit,lit,10909464,2017-01-17,False
lit,lit,10255502,2016-09-18,False
lit,lit,6982339,2013-03-12,False
lit,lit,9280082,2016-09-05,False
lit,lit,3847517,2009-03-30,False
lit,lit,10720636,2016-12-22,False
lit,lit,11065412,2017-02-19,False
lit,lit,11760896,2017-07-04,False
lit,lit,11841197,2017-08-01,False
lit,lit,11981554,2017-09-21,False
lit,lit,12333998,2018-04-22,False
lit,lit,12453455,2018-01-18,False
lit,lit,13446421,2018-12-13,False
lit,lit,14559373,2019-12-19,False
lit,lit,15450425,2020-11-04,False
lit,lit,17018238,2022-02-23,False
lit,lit,17704244,2023-03-09,False
lit,lit,9981305,2016-07-09,False
lit,lit,11045634,2017-02-15,False
lit,lit,11472764,2017-04-23,False
lit,lit,3247956,2008-08-22,False
lit,lit,11707515,2017-06-19,False
lit,lit,11638968,2017-06-01,False
lit,lit,12593475,2018-05-07,False
lit,lit,10278218,2016-09-24,False
lit,lit,10751708,2017-01-08,False
lit,lit,10849377,2017-01-04,False
lit,lit,13280989,2018-10-18,False
lit,lit,13385393,2018-11-23,False
lit,lit,13668637,2019-03-01,False
lit,lit,13766472,2019-04-01,False
lit,lit,14797044,2020-03-12,False
lit,lit,17175856,2022-04-22,False
lit,lit,1902333,2006-08-06,False
lit,lit,4400377,2009-11-29,False
lit,lit,8385060,2015-09-06,False
lit,lit,4200322,2009-08-25,False
lit,lit,9489159,2016-07-02,False
lit,lit,8403065,2015-09-26,False
lit,lit,1227699,2005-05-01,False
lit,lit,6251518,2011-12-02,False
lit,lit,10881976,2017-01-12,False
lit,lit,8339232,2015-07-11,False
lit,lit,9390109,2016-07-31,False
lit,lit,11665525,2017-06-07,False
lit,lit,11756381,2017-07-02,False
lit,lit,9808695,2016-05-31,False
lit,lit,998992,2005-01-14,False
lit,lit,9430156,2016-07-19,False
lit,lit,10893919,2017-01-15,False
lit,lit,11324119,2017-03-23,False
lit,lit,11790855,2017-07-16,False
lit,lit,11472821,2017-04-23,False
lit,lit,11700560,2017-06-18,False
lit,lit,258346,2003-09-19,False
lit,lit,9656387,2016-05-22,False
lit,lit,766603,2004-07-22,False
lit,lit,1532907,2005-12-28,False
lit,lit,8982514,2016-04-07,False
lit,lit,7889507,2014-09-02,False
lit,lit,549814,2004-03-09,False
lit,lit,14960486,2020-05-04,False
lit,lit,5817666,2011-06-09,False
lit,lit,9455033,2016-07-11,False
lit,lit,10561125,2016-11-28,False
lit,lit,10616801,2016-12-09,False
lit,lit,10652867,2016-12-15,False
lit,lit,10710930,2016-12-20,False
lit,lit,10861730,2017-01-07,False
lit,lit,10884244,2017-01-12,False
lit,lit,10909437,2017-01-17,False
lit,lit,10920715,2017-01-20,False
lit,lit,11053735,2017-02-16,False
lit,lit,11515959,2017-05-03,False
lit,lit,12141991,2017-11-08,False
lit,lit,13769789,2019-04-02,False
lit,lit,13782612,2019-04-06,False
lit,lit,3469858,2009-03-28,False
lit,lit,10579753,2016-12-01,False
lit,lit,7199977,2013-09-27,False
lit,lit,9056952,2016-04-23,False
lit,lit,807735,2004-08-27,False
lit,lit,2770728,2009-01-08,False
lit,lit,8255528,2015-05-04,False
lit,lit,10115491,2016-08-15,False
lit,lit,5021840,2010-06-10,False
lit,lit,3991807,2009-05-25,False
lit,lit,9184654,2016-10-05,False
lit,lit,9228404,2016-09-20,False
lit,lit,9282807,2016-09-05,False
lit,lit,9330004,2016-08-19,False
lit,lit,9400031,2016-07-28,False
lit,lit,10188673,2016-09-04,False
lit,lit,10313562,2016-10-03,False
lit,lit,10374851,2016-10-18,False
lit,lit,10809922,2016-12-29,False
lit,lit,10926506,2017-01-22,False
lit,lit,12264354,2017-12-09,False
lit,lit,13539604,2019-01-19,False
lit,lit,14031270,2019-06-30,False
lit,lit,666263,2004-05-12,False
lit,lit,1268380,2005-05-22,False
lit,lit,9229457,2016-09-19,False
lit,lit,9346733,2016-08-15,False
lit,lit,10025122,2016-07-21,False
lit,lit,10202295,2016-09-07,False
lit,lit,10511936,2016-11-17,False
lit,lit,12539119,2018-05-05,False
lit,lit,10974669,2017-01-31,False
lit,lit,180930,2003-07-13,False
lit,lit,9948518,2016-06-30,False
lit,lit,3345330,2008-10-30,False
lit,lit,9576119,2016-06-08,False
lit,lit,8662235,2015-12-25,False
lit,lit,8876881,2016-03-15,False
lit,lit,8649234,2015-12-21,False
lit,lit,8675477,2015-12-29,False
lit,lit,8976482,2016-04-06,False
lit,lit,9069813,2016-04-25,False
lit,lit,9147924,2016-05-10,False
lit,lit,9181316,2016-10-05,False
lit,lit,9264405,2016-09-09,False
lit,lit,9333376,2016-08-18,False
lit,lit,9557966,2016-06-12,False
lit,lit,9736432,2016-05-18,False
lit,lit,9932353,2016-06-26,False
lit,lit,10001857,2016-07-14,False
lit,lit,10015028,2016-07-18,False
lit,lit,10342926,2016-10-11,False
lit,lit,10349283,2016-10-12,False
lit,lit,10500326,2016-11-15,False
lit,lit,10520415,2016-11-20,False
lit,lit,10521353,2016-11-20,False
lit,lit,10556457,2016-11-27,False
lit,lit,10904470,2017-01-17,False
lit,lit,10924721,2017-01-21,False
lit,lit,10935753,2017-01-23,False
lit,lit,10937434,2017-01-24,False
lit,lit,10944645,2017-01-25,False
lit,lit,10952296,2017-01-27,False
lit,lit,10977009,2017-02-01,False
lit,lit,10993666,2017-02-04,False
lit,lit,10996840,2017-02-05,False
lit,lit,11004908,2017-02-06,False
lit,lit,11015267,2017-02-08,False
lit,lit,11028545,2017-02-11,False
lit,lit,11057808,2017-02-17,False
lit,lit,11060414,2017-02-18,False
lit,lit,11065393,2017-02-19,False
lit,lit,11088180,2017-02-23,False
lit,lit,11104183,2017-02-26,False
lit,lit,11113987,2017-02-28,False
lit,lit,11115744,2017-02-28,False
lit,lit,11139580,2017-03-05,False
lit,lit,11175480,2018-06-17,False
lit,lit,11274639,2017-03-16,False
lit,lit,11281245,2017-03-17,False
lit,lit,11312350,2017-03-22,False
lit,lit,11353152,2017-03-29,False
lit,lit,11364040,2017-03-31,False
lit,lit,11391718,2017-04-06,False
lit,lit,11464502,2017-04-21,False
lit,lit,11527234,2017-05-07,False
lit,lit,11629702,2017-05-30,False
lit,lit,11646112,2017-06-04,False
lit,lit,11674085,2017-06-10,False
lit,lit,11676240,2017-06-11,False
lit,lit,11734164,2017-06-26,False
lit,lit,11760136,2017-07-04,False
lit,lit,11785117,2017-07-15,False
lit,lit,11795449,2017-07-30,False
lit,lit,11830893,2017-07-28,False
lit,lit,11854661,2017-08-06,False
lit,lit,11859597,2017-08-08,False
lit,lit,11875313,2017-08-14,False
lit,lit,11981531,2017-09-21,False
lit,lit,11981519,2017-09-21,False
lit,lit,12060776,2017-10-17,False
lit,lit,12147701,2017-11-09,False
lit,lit,12177787,2017-11-16,False
lit,lit,12188214,2017-11-19,False
lit,lit,12237682,2017-12-02,False
lit,lit,12286327,2017-12-15,False
lit,lit,12308743,2018-04-21,False
lit,lit,12336737,2018-04-22,False
lit,lit,12350956,2017-12-29,False
lit,lit,12351039,2017-12-29,False
lit,lit,12356711,2017-12-31,False
lit,lit,12361882,2018-01-01,False
lit,lit,12380538,2018-04-24,False
lit,lit,12408542,2018-01-09,False
lit,lit,12421300,2018-01-11,False
lit,lit,12519093,2018-02-05,False
lit,lit,12526278,2018-02-06,False
lit,lit,12527517,2018-05-05,False
lit,lit,12558822,2018-02-14,False
lit,lit,12629136,2018-05-09,False
lit,lit,12632468,2018-05-09,False
lit,lit,12818025,2018-05-24,False
lit,lit,12856406,2018-05-29,False
lit,lit,12858418,2018-04-22,False
lit,lit,12868576,2018-05-30,False
lit,lit,12891419,2018-06-02,False
lit,lit,12897005,2018-05-06,False
lit,lit,12907155,2018-06-04,False
lit,lit,12909251,2018-06-04,False
lit,lit,12925793,2018-06-06,False
lit,lit,12925858,2018-06-06,False
lit,lit,12948366,2018-06-09,False
lit,lit,12960296,2018-06-11,False
lit,lit,13004275,2018-06-16,False
lit,lit,13011423,2018-06-19,False
lit,lit,13015323,2018-06-20,False
lit,lit,13037365,2018-06-30,False
lit,lit,13050842,2018-07-07,False
lit,lit,13095646,2018-07-27,False
lit,lit,13101523,2018-07-29,False
lit,lit,13163102,2018-08-29,False
lit,lit,13294672,2018-10-23,False
lit,lit,13359400,2018-11-14,False
lit,lit,13434057,2018-12-08,False
lit,lit,13468805,2018-12-21,False
lit,lit,13472888,2018-12-23,False
lit,lit,13480218,2018-12-27,False
lit,lit,13607144,2019-02-11,False
lit,lit,13757554,2019-03-28,False
lit,lit,13768170,2019-04-01,False
lit,lit,13861405,2019-04-30,False
lit,lit,13882379,2019-05-07,False
lit,lit,13890310,2019-05-10,False
lit,lit,13926279,2019-05-22,False
lit,lit,13935888,2019-05-26,False
lit,lit,13942089,2019-05-28,False
lit,lit,13943527,2019-05-28,False
lit,lit,13947997,2019-05-30,False
lit,lit,13949452,2019-05-30,False
lit,lit,14042325,2019-07-05,False
lit,lit,14042571,2019-07-05,False
lit,lit,14070623,2019-07-18,False
lit,lit,14158596,2019-08-29,False
lit,lit,14242378,2019-10-04,False
lit,lit,14372533,2019-11-01,False
lit,lit,14563403,2019-12-20,False
lit,lit,14571514,2019-12-23,False
lit,lit,14866124,2020-04-07,False
lit,lit,14908202,2020-04-18,False
lit,lit,15018804,2020-05-25,False
lit,lit,15189444,2020-07-18,False
lit,lit,15298563,2020-09-07,False
lit,lit,15414360,2020-10-23,False
lit,lit,15439342,2020-11-01,False
lit,lit,15523498,2020-11-27,False
lit,lit,15525400,2020-11-28,False
lit,lit,15525403,2020-11-28,False
lit,lit,15602880,2020-12-23,False
lit,lit,15618887,2020-12-30,False
lit,lit,15637126,2021-01-05,False
lit,lit,15807090,2021-03-08,False
lit,lit,15851176,2021-03-23,False
lit,lit,15869235,2021-03-29,False
lit,lit,15922339,2021-04-18,False
lit,lit,16115013,2021-06-19,False
lit,lit,16245252,2021-08-14,False
lit,lit,16262781,2021-08-22,False
lit,lit,16504581,2021-11-21,False
lit,lit,16863194,2021-12-25,False
lit,lit,17034140,2022-03-01,False
lit,lit,17097404,2022-03-24,False
lit,lit,17122564,2022-04-03,False
lit,lit,17175855,2022-04-22,False
lit,lit,17413875,2022-08-17,False
lit,lit,17492478,2022-10-11,False
lit,lit,17569242,2022-11-30,False
lit,lit,17635477,2023-01-19,False
lit,lit,17704215,2023-03-09,False
lit,lit,17804464,2023-05-28,False
lit,lit,17809123,2023-05-31,False
lit,lit,17852792,2023-07-09,False
lit,lit,17881604,2023-08-07,False
lit,lit,17977901,2023-11-09,False
lit,lit,18058608,2023-12-25,False
lit,lit,18163027,2024-03-14,False
lit,lit,18257707,2024-06-27,False
lit,lit,18391657,2024-12-17,False
lit,lit,18399382,2024-12-30,False
lit,lit,18421333,2025-01-31,False
lit,lit,18475918,2025-04-25,False
lit,lit,18507778,2025-06-23,False
lit,lit,18557327,2025-10-14,False
woke,woke,17622356,2023-01-09,False
woke,woke,13728474,2019-03-19,False
woke,woke,10726283,2016-12-21,False
woke,woke,16098919,2021-06-13,False
woke,woke,11690545,2017-06-14,False
woke,woke,8421192,2015-10-15,False
woke,woke,11443071,2017-04-16,False
woke,woke,17266971,2022-05-27,False
woke,woke,12390236,2018-01-07,False
woke,woke,17742321,2023-04-06,False
woke,woke,17626674,2023-01-13,False
woke,woke,11963381,2017-09-15,False
woke,woke,10041694,2016-07-26,False
woke,woke,17671949,2023-02-15,False
woke,woke,17675744,2023-02-17,False
woke,woke,17715010,2023-03-16,False
woke,woke,17883765,2023-08-09,False
woke,woke,10947013,2017-01-26,False
woke,woke,17429838,2022-08-28,False
woke,woke,15534932,2020-12-01,False
woke,woke,13658413,2019-02-26,False
woke,woke,17249353,2022-05-20,False
woke,woke,12672244,2018-03-12,False
woke,woke,15958183,2021-05-01,False
woke,woke,12923996,2018-06-06,False
woke,woke,15596831,2020-12-21,False
woke,woke,17490090,2022-10-09,False
woke,woke,13667195,2019-02-28,False
woke,woke,8283309,2015-05-20,False
woke,woke,15213863,2020-07-29,False
woke,woke,14276557,2019-10-15,False
woke,woke,17727781,2023-03-26,False
woke,woke,13042691,2018-07-03,False
woke,woke,17180392,2022-04-24,False
woke,woke,11522724,2017-05-04,False
woke,woke,12278341,2017-12-13,False
woke,woke,10567730,2016-11-30,False
woke,woke,10491821,2016-11-13,False
woke,woke,14065151,2019-07-16,False
woke,woke,12886104,2018-06-01,False
woke,woke,9410398,2016-07-25,False
woke,woke,15281637,2020-08-31,False
woke,woke,17244367,2022-05-18,False
woke,woke,17948199,2023-10-11,False
woke,woke,16114329,2021-06-19,False
woke,woke,17573396,2022-12-03,False
woke,woke,13920963,2019-05-21,False
woke,woke,15206167,2020-07-25,False
woke,woke,17288759,2022-06-06,False
woke,woke,12709151,2018-05-13,False
woke,woke,13425937,2018-12-05,False
woke,woke,11472648,2017-04-23,False
woke,woke,12327314,2017-12-26,False
woke,woke,17613937,2023-01-03,False
woke,woke,10603824,2016-12-06,False
woke,woke,10937489,2017-01-24,False
woke,woke,15815993,2021-03-11,False
woke,woke,17621993,2023-01-09,False
woke,woke,9288044,2016-09-04,False
woke,woke,17476384,2022-09-29,False
woke,woke,17867139,2023-07-24,False
woke,woke,12980863,2018-06-13,False
woke,woke,13813141,2019-04-16,False
woke,woke,17575223,2022-12-04,False
woke,woke,17767890,2023-04-27,False
woke,woke,17902277,2023-08-28,False
woke,woke,17903610,2023-08-30,False
woke,woke,12582734,2018-02-22,False
woke,woke,11173469,2017-03-12,False
woke,woke,17714546,2023-03-16,False
woke,woke,11014402,2017-02-08,False
woke,woke,5190431,2010-08-31,False
woke,woke,17733511,2023-03-30,False
woke,woke,17736077,2023-04-01,False
woke,woke,10592894,2016-12-04,False
woke,woke,16960205,2022-02-02,False
woke,woke,16209033,2021-07-26,False
woke,woke,10773208,2016-12-25,False
woke,woke,17218410,2022-05-08,False
woke,woke,17184252,2022-04-26,False
woke,woke,12222359,2017-11-28,False
woke,woke,15623334,2020-12-31,False
woke,woke,15327562,2020-09-20,False
woke,woke,16932118,2022-01-22,False
woke,woke,11823197,2017-07-26,False
woke,woke,17443479,2022-09-06,False
woke,woke,11114412,2017-02-28,False
woke,woke,17792444,2023-05-17,False
woke,woke,1571611,2005-12-31,False
woke,woke,15666434,2021-01-16,False
woke,woke,12925246,2018-06-06,False
woke,woke,15281912,2020-08-31,False
woke,woke,15459952,2020-11-07,False
woke,woke,15254949,2020-08-18,False
woke,woke,15994831,2021-05-15,False
woke,woke,17478674,2022-10-01,False
woke,woke,15659893,2021-01-14,False
woke,woke,16274928,2021-08-28,False
woke,woke,13278392,2018-10-17,False
woke,woke,17702384,2023-03-08,False
woke,woke,13001870,2018-06-17,False
woke,woke,13539154,2019-01-19,False
woke,woke,17524667,2022-11-02,False
woke,woke,14687982,2020-02-04,False
woke,woke,13697288,2019-03-09,False
woke,woke,11608873,2017-05-24,False
woke,woke,16239556,2021-08-10,False
woke,woke,17716662,2023-03-17,False
woke,woke,17695417,2023-03-03,False
woke,woke,17309175,2022-06-15,False
woke,woke,17602741,2022-12-24,False
woke,woke,10648718,2016-12-14,False
woke,woke,11757918,2017-07-03,False
woke,woke,15439392,2020-11-01,False
woke,woke,15217397,2020-07-31,False
woke,woke,13010207,2018-06-18,False
woke,woke,10420744,2016-10-28,False
woke,woke,12393326,2018-01-07,False
woke,woke,10938610,2017-01-24,False
woke,woke,13669499,2019-03-01,False
woke,woke,16383687,2021-10-18,False
woke,woke,17149782,2022-04-13,False
woke,woke,14061213,2019-07-14,False
woke,woke,14675784,2020-01-31,False
woke,woke,14935627,2020-04-26,False
woke,woke,14696290,2020-02-06,False
woke,woke,12549532,2018-02-12,False
woke,woke,11666120,2017-06-07,False
woke,woke,12259701,2017-12-08,False
woke,woke,13688051,2019-03-07,False
woke,woke,12549505,2018-02-12,False
woke,woke,13671939,2019-03-02,False
woke,woke,16415039,2021-11-06,False
woke,woke,17723709,2023-03-23,False
woke,woke,12223546,2017-11-28,False
woke,woke,13914558,2019-05-18,False
woke,woke,11532502,2017-05-07,False
woke,woke,13359397,2018-11-14,False
woke,woke,10823351,2017-01-01,False
woke,woke,15368266,2020-10-07,False
woke,woke,14716237,2020-02-13,False
woke,woke,12549509,2018-02-12,False
woke,woke,12549499,2018-02-12,False
woke,woke,13545075,2019-01-21,False
woke,woke,17150097,2022-04-13,False
woke,woke,13968596,2019-06-06,False
woke,woke,16102564,2021-06-14,False
woke,woke,11919537,2017-08-30,False
woke,woke,11967558,2017-09-17,False
woke,woke,12381967,2018-01-05,False
woke,woke,12582357,2018-02-19,False
woke,woke,12740088,2018-05-15,False
woke,woke,13010151,2018-06-18,False
woke,woke,13426917,2018-12-06,False
woke,woke,13528639,2019-01-15,False
woke,woke,13780345,2019-04-05,False
woke,woke,14198291,2019-09-16,False
woke,woke,14584734,2019-12-29,False
woke,woke,14851395,2020-04-02,False
woke,woke,15073316,2020-06-07,False
woke,woke,15114483,2020-06-18,False
woke,woke,15367732,2020-10-07,False
woke,woke,15368630,2020-10-07,False
woke,woke,15519728,2020-11-26,False
woke,woke,15567829,2020-12-11,False
woke,woke,15863048,2021-03-27,False
woke,woke,15865297,2021-03-28,False
woke,woke,15917496,2021-04-17,False
woke,woke,15938531,2021-04-24,False
woke,woke,15980978,2021-05-10,False
woke,woke,15998558,2021-05-16,False
woke,woke,16028055,2021-05-24,False
woke,woke,16056965,2021-06-03,False
woke,woke,16068332,2021-06-06,False
woke,woke,16256260,2021-08-19,False
woke,woke,16399981,2021-10-30,False
woke,woke,16421763,2021-11-09,False
woke,woke,16651930,2021-11-23,False
woke,woke,16762614,2021-11-25,False
woke,woke,16789793,2021-11-28,False
woke,woke,16814816,2021-12-05,False
woke,woke,16827641,2021-12-09,False
woke,woke,16865200,2021-12-26,False
woke,woke,16887338,2022-01-04,False
woke,woke,16922466,2022-01-19,False
woke,woke,16925056,2022-01-19,False
woke,woke,16944315,2022-01-26,False
woke,woke,16984852,2022-02-11,False
woke,woke,16991453,2022-02-14,False
woke,woke,17002539,2022-02-17,False
woke,woke,17012235,2022-02-21,False
woke,woke,17044828,2022-03-05,False
woke,woke,17079254,2022-03-17,False
woke,woke,17101084,2022-03-25,False
woke,woke,17103292,2022-03-26,False
woke,woke,17108715,2022-03-28,False
woke,woke,17131865,2022-04-06,False
woke,woke,17135075,2022-04-07,False
woke,woke,17171914,2022-04-21,False
woke,woke,17182849,2022-04-25,False
woke,woke,17210905,2022-05-05,False
woke,woke,17256972,2022-05-23,False
woke,woke,17333817,2022-06-28,False
woke,woke,17347675,2022-07-06,False
woke,woke,17351686,2022-07-09,False
woke,woke,17353782,2022-07-10,False
woke,woke,17354665,2022-07-10,False
woke,woke,17362771,2022-07-15,False
woke,woke,17365817,2022-07-17,False
woke,woke,17372995,2022-07-21,False
woke,woke,17378229,2022-07-24,False
woke,woke,17378829,2022-07-25,False
woke,woke,17393431,2022-08-03,False
woke,woke,17419644,2022-08-21,False
woke,woke,17426678,2022-08-26,False
woke,woke,17426791,2022-08-26,False
woke,woke,17428145,2022-08-27,False
woke,woke,17448662,2022-09-09,False
woke,woke,17453699,2022-09-12,False
woke,woke,17464500,2022-09-20,False
woke,woke,17466077,2022-09-21,False
woke,woke,17470384,2022-09-25,False
woke,woke,17472122,2022-09-26,False
woke,woke,17472128,2022-09-26,False
woke,woke,17495408,2022-10-13,False
woke,woke,17497220,2022-10-14,False
woke,woke,17506093,2022-10-20,False
woke,woke,17515559,2022-10-26,False
woke,woke,17517002,2022-10-27,False
woke,woke,17543180,2022-11-13,False
woke,woke,17552927,2022-11-19,False
woke,woke,17554945,2022-11-21,False
woke,woke,17559849,2022-11-24,False
woke,woke,17578679,2022-12-07,False
woke,woke,17579500,2022-12-07,False
woke,woke,17581511,2022-12-08,False
woke,woke,17586463,2022-12-12,False
woke,woke,17587287,2022-12-13,False
woke,woke,17596084,2022-12-19,False
woke,woke,17607563,2022-12-29,False
woke,woke,17613771,2023-01-03,False
woke,woke,17613773,2023-01-03,False
woke,woke,17613775,2023-01-03,False
woke,woke,17618428,2023-01-06,False
woke,woke,17624528,2023-01-11,False
woke,woke,17627366,2023-01-13,False
woke,woke,17636724,2023-01-20,False
woke,woke,17636740,2023-01-20,False
woke,woke,17643772,2023-01-25,False
woke,woke,17644698,2023-01-26,False
woke,woke,17648532,2023-01-29,False
woke,woke,17666832,2023-02-11,False
woke,woke,17671494,2023-02-14,False
woke,woke,17677444,2023-02-19,False
woke,woke,17678870,2023-02-20,False
woke,woke,17681949,2023-02-22,False
woke,woke,17683663,2023-02-23,False
woke,woke,17686607,2023-02-25,False
woke,woke,17690204,2023-02-28,False
woke,woke,17701402,2023-03-07,False
woke,woke,17703787,2023-03-08,False
woke,woke,17704937,2023-03-09,False
woke,woke,17708795,2023-03-12,False
woke,woke,17710823,2023-03-13,False
woke,woke,17711412,2023-03-14,False
woke,woke,17714506,2023-03-16,False
woke,woke,17715717,2023-03-17,False
woke,woke,17716391,2023-03-17,False
woke,woke,17717283,2023-03-18,False
woke,woke,17718614,2023-03-19,False
woke,woke,17718911,2023-03-19,False
woke,woke,17719610,2023-03-20,False
woke,woke,17721967,2023-03-21,False
woke,woke,17721977,2023-03-21,False
woke,woke,17723121,2023-03-22,False
woke,woke,17729325,2023-03-27,False
woke,woke,17730631,2023-03-28,False
woke,woke,17730658,2023-03-28,False
woke,woke,17731049,2023-03-28,False
woke,woke,17732605,2023-03-30,False
woke,woke,17733712,2023-03-30,False
woke,woke,17734058,2023-03-31,False
woke,woke,17736586,2023-04-02,False
woke,woke,17742042,2023-04-06,False
woke,woke,17748156,2023-04-11,False
woke,woke,17750230,2023-04-13,False
woke,woke,17753045,2023-04-15,False
woke,woke,17754104,2023-04-16,False
woke,woke,17763296,2023-04-23,False
woke,woke,17766357,2023-04-26,False
woke,woke,17770436,2023-04-29,False
woke,woke,17774514,2023-05-03,False
woke,woke,17794081,2023-05-19,False
woke,woke,17799929,2023-05-24,False
woke,woke,17806408,2023-05-29,False
woke,woke,17811025,2023-06-02,False
woke,woke,17811705,2023-06-03,False
woke,woke,17817866,2023-06-08,False
woke,woke,17827714,2023-06-17,False
woke,woke,17829451,2023-06-18,False
woke,woke,17832097,2023-06-20,False
woke,woke,17835996,2023-06-23,False
woke,woke,17871166,2023-07-28,False
woke,woke,17877914,2023-08-03,False
woke,woke,17890289,2023-08-16,False
woke,woke,17940922,2023-10-04,False
woke,woke,17944426,2023-10-08,False
woke,woke,17953619,2023-10-16,False
woke,woke,17953770,2023-10-16,False
woke,woke,17994814,2023-11-20,False
woke,woke,18008138,2023-11-21,False
woke,woke,18022690,2023-11-24,False
woke,woke,18028261,2023-11-27,False
woke,woke,18029826,2023-11-28,False
woke,woke,18034407,2023-12-02,False
woke,woke,18038543,2023-12-05,False
woke,woke,18040306,2023-12-07,False
woke,woke,18042722,2023-12-09,False
woke,woke,18053261,2023-12-19,False
woke,woke,18060146,2023-12-27,False
woke,woke,18060570,2023-12-28,False
woke,woke,18064829,2024-01-01,False
woke,woke,18067046,2024-01-03,False
woke,woke,18079102,2024-01-16,False
woke,woke,18083926,2024-01-21,False
woke,woke,18084470,2024-01-22,False
woke,woke,18087263,2024-01-24,False
woke,woke,18091744,2024-01-29,False
woke,woke,18093239,2024-01-31,False
woke,woke,18121520,2024-02-25,False
woke,woke,18169946,2024-03-21,False
woke,woke,18171904,2024-03-23,False
woke,woke,18178668,2024-03-29,False
woke,woke,18181303,2024-04-02,False
woke,woke,18181362,2024-04-02,False
woke,woke,18185081,2024-04-06,False
woke,woke,18200496,2024-04-23,False
woke,woke,18212259,2024-05-04,False
woke,woke,18217541,2024-05-10,False
woke,woke,18218404,2024-05-11,False
woke,woke,18219075,2024-05-12,False
woke,woke,18229621,2024-05-25,False
woke,woke,18229936,2024-05-25,False
woke,woke,18231413,2024-05-27,False
woke,woke,18238529,2024-06-04,False
woke,woke,18240550,2024-06-06,False
woke,woke,18257824,2024-06-27,False
woke,woke,18259583,2024-06-29,False
woke,woke,18266074,2024-07-08,False
woke,woke,18266072,2024-07-08,False
woke,woke,18266073,2024-07-08,False
woke,woke,18268339,2024-07-11,False
woke,woke,18270123,2024-07-13,False
woke,woke,18280427,2024-07-27,False
woke,woke,18280431,2024-07-27,False
woke,woke,18290519,2024-08-10,False
woke,woke,18291738,2024-08-12,False
woke,woke,18342814,2024-10-17,False
woke,woke,18385580,2024-12-09,False
woke,woke,18390815,2024-12-16,False
woke,woke,18394738,2024-12-22,False
woke,woke,18431121,2025-02-14,False
woke,woke,18439998,2025-02-26,False
woke,woke,18446139,2025-03-06,False
woke,woke,18446141,2025-03-06,False
woke,woke,18452243,2025-03-16,False
woke,woke,18453860,2025-03-18,False
woke,woke,18467832,2025-04-10,False
woke,woke,18500833,2025-06-08,False
woke,woke,18504394,2025-06-16,False
woke,woke,18519214,2025-07-19,False
woke,woke,18520344,2025-07-22,False
woke,woke,18530085,2025-08-12,False
woke,woke,18538781,2025-08-31,False
woke,woke,18540800,2025-09-05,False
woke,woke,18543139,2025-09-10,False
woke,woke,18553689,2025-10-06,False
woke,woke,18561677,2025-10-25,False
woke,woke,18577934,2025-12-02,False
woke,woke,18581327,2025-12-11,False
woke,woke,18583598,2025-12-17,False
woke,woke,18610124,2026-02-16,False
woke,woke,18613049,2026-02-22,False
woke,woke,18621721,2026-03-13,False
woke,woke,18621847,2026-03-13,False
woke,woke,18641235,2026-05-01,False
woke,woke,18741797,2026-09-20,False
NPC,NPC,17560210,2022-11-24,False
NPC,NPC,13042309,2018-07-03,False
NPC,NPC,14769519,2020-03-03,False
NPC,NPC,17277645,2022-05-31,False
NPC,NPC,13258297,2018-10-10,False
NPC,NPC,22944,2003-01-20,False
NPC,NPC,1325619,2005-06-27,False
NPC,NPC,17505584,2022-10-20,False
NPC,NPC,13633056,2019-02-19,False
NPC,NPC,17599374,2022-12-21,False
NPC,NPC,16995260,2022-02-15,False
NPC,NPC,4520568,2010-01-22,False
NPC,NPC,17767286,2023-04-27,False
NPC,NPC,13276197,2018-10-17,False
NPC,NPC,17646089,2023-01-27,False
NPC,NPC,17583240,2022-12-10,False
NPC,NPC,17349469,2022-07-07,False
NPC,NPC,17471769,2022-09-26,False
NPC,NPC,17538313,2022-11-10,False
NPC,NPC,17609955,2022-12-30,False
NPC,NPC,2515770,2008-12-31,False
NPC,NPC,17564922,2022-11-28,False
NPC,NPC,13814858,2019-04-16,False
NPC,NPC,14121756,2019-08-12,False
NPC,NPC,17595680,2022-12-19,False
NPC,NPC,17544181,2022-11-14,False
NPC,NPC,16941609,2022-01-25,False
NPC,NPC,17342992,2022-07-04,False
NPC,NPC,13328600,2018-11-05,False
NPC,NPC,15200205,2020-07-23,False
NPC,NPC,13771999,2019-04-02,False
NPC,NPC,17282666,2022-06-03,False
NPC,NPC,17163713,2022-04-18,False
NPC,NPC,17456257,2022-09-14,False
NPC,NPC,14770225,2020-03-03,False
NPC,NPC,615632,2004-04-16,False
NPC,NPC,15388153,2020-10-14,False
NPC,NPC,16878330,2022-01-01,False
NPC,NPC,17815729,2023-06-06,False
NPC,NPC,17531009,2022-11-06,False
NPC,NPC,16879306,2022-01-01,False
NPC,NPC,16341862,2021-09-28,False
NPC,NPC,16766698,2021-11-25,False
NPC,NPC,16948967,2022-01-28,False
NPC,NPC,16989488,2022-02-13,False
NPC,NPC,17201076,2022-05-02,False
NPC,NPC,17215277,2022-05-07,False
NPC,NPC,17222045,2022-05-10,False
NPC,NPC,17230440,2022-05-13,False
NPC,NPC,17240477,2022-05-16,False
NPC,NPC,17240512,2022-05-16,False
NPC,NPC,17248439,2022-05-19,False
NPC,NPC,17249197,2022-05-20,False
NPC,NPC,17256915,2022-05-23,False
NPC,NPC,17261842,2022-05-25,False
NPC,NPC,17263704,2022-05-25,False
NPC,NPC,17276357,2022-05-31,False
NPC,NPC,17282660,2022-06-03,False
NPC,NPC,17290083,2022-06-06,False
NPC,NPC,17307408,2022-06-14,False
NPC,NPC,17309159,2022-06-15,False
NPC,NPC,17321029,2022-06-22,False
NPC,NPC,17328405,2022-06-25,False
NPC,NPC,17351472,2022-07-08,False
NPC,NPC,17372229,2022-07-20,False
NPC,NPC,17384625,2022-07-28,False
NPC,NPC,17389298,2022-07-31,False
NPC,NPC,17398108,2022-08-06,False
NPC,NPC,17412869,2022-08-16,False
NPC,NPC,17419345,2022-08-21,False
NPC,NPC,17425655,2022-08-25,False
NPC,NPC,17438842,2022-09-03,False
NPC,NPC,17456462,2022-09-14,False
NPC,NPC,17462015,2022-09-18,False
NPC,NPC,17462570,2022-09-19,False
NPC,NPC,17465967,2022-09-21,False
NPC,NPC,17473969,2022-09-27,False
NPC,NPC,17485526,2022-10-06,False
NPC,NPC,17499619,2022-10-16,False
NPC,NPC,17504312,2022-10-19,False
NPC,NPC,17526916,2022-11-03,False
NPC,NPC,17531016,2022-11-06,False
NPC,NPC,17534748,2022-11-08,False
NPC,NPC,17543622,2022-11-14,False
NPC,NPC,17549549,2022-11-17,False
NPC,NPC,17557498,2022-11-22,False
NPC,NPC,17559370,2022-11-24,False
NPC,NPC,17583688,2022-12-10,False
NPC,NPC,17587482,2022-12-13,False
NPC,NPC,17589578,2022-12-14,False
NPC,NPC,17590824,2022-12-15,False
NPC,NPC,17614305,2023-01-03,False
NPC,NPC,17617095,2023-01-05,False
NPC,NPC,17641742,2023-01-24,False
NPC,NPC,17650883,2023-01-31,False
NPC,NPC,17671930,2023-02-15,False
NPC,NPC,17692853,2023-03-02,False
NPC,NPC,17706281,2023-03-10,False
NPC,NPC,17707833,2023-03-11,False
NPC,NPC,17712680,2023-03-15,False
NPC,NPC,17714474,2023-03-16,False
NPC,NPC,17732139,2023-03-29,False
NPC,NPC,17801212,2023-05-25,False
NPC,NPC,17814783,2023-06-05,False
NPC,NPC,17814785,2023-06-05,False
NPC,NPC,17821437,2023-06-11,False
NPC,NPC,17832063,2023-06-20,False
NPC,NPC,17846332,2023-07-03,False
NPC,NPC,17866864,2023-07-23,False
NPC,NPC,17878324,2023-08-03,False
NPC,NPC,17931461,2023-09-26,False
NPC,NPC,17974879,2023-11-06,False
NPC,NPC,18034691,2023-12-02,False
NPC,NPC,18208333,2024-04-30,False
NPC,NPC,18225565,2024-05-21,False
NPC,NPC,18234200,2024-05-30,False
NPC,NPC,18241283,2024-06-07,False
NPC,NPC,18383147,2024-12-06,False
NPC,NPC,18386006,2024-12-10,False
NPC,NPC,18538104,2025-08-30,False
NPC,NPC,18607880,2026-02-12,False
NPC,NPC,18652092,2026-05-31,False
OK boomer,OK boomer,14202224,2019-09-17,False
OK boomer,OK boomer,14411821,2019-11-08,False
OK boomer,OK boomer,14397422,2019-11-05,False
OK boomer,OK boomer,14447520,2019-11-17,False
OK boomer,OK boomer,14387635,2019-11-04,False
OK boomer,OK boomer,14391321,2019-11-04,False
OK boomer,OK boomer,14791337,2020-03-10,False
OK boomer,OK boomer,14370912,2019-11-01,False
OK boomer,OK boomer,14927092,2020-04-23,False
OK boomer,OK boomer,14932709,2020-04-25,False
OK boomer,OK boomer,14306448,2019-10-19,False
OK boomer,OK boomer,14502454,2019-12-02,False
OK boomer,OK boomer,14281896,2019-10-15,False
OK boomer,OK boomer,14419424,2019-11-10,False
OK boomer,OK boomer,14390226,2019-11-04,False
OK boomer,OK boomer,15605810,2020-12-24,False
OK boomer,OK boomer,14429883,2019-11-13,False
OK boomer,OK boomer,14580339,2019-12-27,False
OK boomer,OK boomer,14395548,2019-11-05,False
OK boomer,OK boomer,14474562,2019-11-24,False
OK boomer,OK boomer,14454987,2019-11-19,False
OK boomer,OK boomer,14577001,2019-12-26,False
OK boomer,OK boomer,14409912,2019-11-08,False
OK boomer,OK boomer,14382882,2019-11-03,False
OK boomer,OK boomer,14921789,2020-04-22,False
OK boomer,OK boomer,14447141,2019-11-17,False
OK boomer,OK boomer,14499968,2019-12-02,False
OK boomer,OK boomer,14700983,2020-02-07,False
OK boomer,OK boomer,14365374,2019-10-30,False
OK boomer,OK boomer,14410775,2019-11-08,False
OK boomer,OK boomer,14506002,2019-12-03,False
OK boomer,OK boomer,14409079,2019-11-08,False
OK boomer,OK boomer,14671644,2020-01-30,False
OK boomer,OK boomer,14547632,2019-12-16,False
OK boomer,OK boomer,14631917,2020-01-16,False
OK boomer,OK boomer,14395096,2019-11-05,False
OK boomer,OK boomer,14529280,2019-12-10,False
OK boomer,OK boomer,14387408,2019-11-04,False
OK boomer,OK boomer,14577217,2019-12-26,False
OK boomer,OK boomer,14610970,2020-01-08,False
OK boomer,OK boomer,14464844,2019-11-22,False
OK boomer,OK boomer,14403518,2019-11-07,False
OK boomer,OK boomer,14436439,2019-11-14,False
OK boomer,OK boomer,14611645,2020-01-08,False
OK boomer,OK boomer,14433813,2019-11-14,False
OK boomer,OK boomer,14794877,2020-03-11,False
OK boomer,OK boomer,14465008,2019-11-22,False
OK boomer,OK boomer,14498466,2019-12-01,False
OK boomer,OK boomer,14416988,2019-11-10,False
OK boomer,OK boomer,14419035,2019-11-10,False
OK boomer,OK boomer,14415441,2019-11-09,False
OK boomer,OK boomer,14524128,2019-12-08,False
OK boomer,OK boomer,14422989,2019-11-11,False
OK boomer,OK boomer,14453806,2019-11-19,False
OK boomer,OK boomer,14474021,2019-11-24,False
OK boomer,OK boomer,14534963,2019-12-11,False
OK boomer,OK boomer,14807805,2020-03-16,False
OK boomer,OK boomer,14579652,2019-12-27,False
OK boomer,OK boomer,14675653,2020-01-31,False
OK boomer,OK boomer,14678394,2020-02-01,False
OK boomer,OK boomer,14779533,2020-03-06,False
OK boomer,OK boomer,15157948,2020-07-05,False
OK boomer,OK boomer,14395174,2019-11-05,False
OK boomer,OK boomer,14449116,2019-11-18,False
OK boomer,OK boomer,14505335,2019-12-03,False
OK boomer,OK boomer,14539496,2019-12-13,False
OK boomer,OK boomer,14395568,2019-11-05,False
OK boomer,OK boomer,14404544,2019-11-07,False
OK boomer,OK boomer,14430746,2019-11-13,False
OK boomer,OK boomer,14474407,2019-11-24,False
OK boomer,OK boomer,14496103,2019-12-01,False
OK boomer,OK boomer,14421432,2019-11-11,False
OK boomer,OK boomer,14550747,2019-12-16,False
OK boomer,OK boomer,14629591,2020-01-15,False
OK boomer,OK boomer,14376272,2019-11-02,False
OK boomer,OK boomer,14402619,2019-11-06,False
OK boomer,OK boomer,14490400,2019-11-29,False
OK boomer,OK boomer,14491429,2019-11-29,False
OK boomer,OK boomer,14396736,2019-11-05,False
OK boomer,OK boomer,14451052,2019-11-18,False
OK boomer,OK boomer,14451070,2019-11-18,False
OK boomer,OK boomer,14474618,2019-11-24,False
OK boomer,OK boomer,14506475,2019-12-03,False
OK boomer,OK boomer,14569796,2019-12-23,False
OK boomer,OK boomer,14414162,2019-11-09,False
OK boomer,OK boomer,14429762,2019-11-13,False
OK boomer,OK boomer,14469988,2019-11-23,False
OK boomer,OK boomer,14473677,2019-11-24,False
OK boomer,OK boomer,14479622,2019-11-26,False
OK boomer,OK boomer,14481245,2019-11-26,False
OK boomer,OK boomer,14509528,2019-12-04,False
OK boomer,OK boomer,14526884,2019-12-09,False
OK boomer,OK boomer,14516441,2019-12-06,False
OK boomer,OK boomer,14552231,2019-12-17,False
OK boomer,OK boomer,14409268,2019-11-08,False
OK boomer,OK boomer,14407377,2019-11-07,False
OK boomer,OK boomer,14407517,2019-11-07,False
OK boomer,OK boomer,14415975,2019-11-10,False
OK boomer,OK boomer,14418803,2019-11-10,False
OK boomer,OK boomer,14421037,2019-11-11,False
OK boomer,OK boomer,14421395,2019-11-11,False
OK boomer,OK boomer,14422834,2019-11-11,False
OK boomer,OK boomer,14423363,2019-11-11,False
OK boomer,OK boomer,14425286,2019-11-12,False
OK boomer,OK boomer,14425775,2019-11-12,False
OK boomer,OK boomer,14430115,2019-11-13,False
OK boomer,OK boomer,14430344,2019-11-13,False
OK boomer,OK boomer,14433337,2019-11-13,False
OK boomer,OK boomer,14433675,2019-11-14,False
OK boomer,OK boomer,14439718,2019-11-15,False
OK boomer,OK boomer,14440687,2019-11-15,False
OK boomer,OK boomer,14452491,2019-11-19,False
OK boomer,OK boomer,14467073,2019-11-22,False
OK boomer,OK boomer,14469119,2019-11-23,False
OK boomer,OK boomer,14473111,2019-11-24,False
OK boomer,OK boomer,14508636,2019-12-04,False
OK boomer,OK boomer,14509187,2019-12-04,False
OK boomer,OK boomer,14512304,2019-12-05,False
OK boomer,OK boomer,14518224,2019-12-07,False
OK boomer,OK boomer,14525678,2019-12-09,False
OK boomer,OK boomer,14527492,2019-12-09,False
OK boomer,OK boomer,14527728,2019-12-09,False
OK boomer,OK boomer,14533554,2019-12-11,False
OK boomer,OK boomer,14541179,2019-12-13,False
OK boomer,OK boomer,14556220,2019-12-18,False
OK boomer,OK boomer,14562379,2019-12-20,False
OK boomer,OK boomer,14566164,2019-12-21,False
OK boomer,OK boomer,14568503,2019-12-22,False
OK boomer,OK boomer,14572958,2019-12-24,False
OK boomer,OK boomer,14585400,2019-12-29,False
OK boomer,OK boomer,14614334,2020-01-09,False
OK boomer,OK boomer,14648091,2020-01-23,False
OK boomer,OK boomer,14725776,2020-02-16,False
OK boomer,OK boomer,14748174,2020-02-24,False
OK boomer,OK boomer,14754427,2020-02-26,False
OK boomer,OK boomer,14777925,2020-03-05,False
OK boomer,OK boomer,14827450,2020-03-24,False
OK boomer,OK boomer,15051072,2020-06-02,False
OK boomer,OK boomer,15502552,2020-11-20,False
OK boomer,OK boomer,15537469,2020-12-02,False
OK boomer,OK boomer,15670287,2021-01-18,False
OK boomer,OK boomer,15868322,2021-03-29,False
OK boomer,OK boomer,15949191,2021-04-28,False
OK boomer,OK boomer,16064494,2021-06-05,False
OK boomer,OK boomer,16222877,2021-08-01,False
OK boomer,OK boomer,16838025,2021-12-13,False
OK boomer,OK boomer,16979674,2022-02-09,False
OK boomer,OK boomer,17443280,2022-09-05,False
OK boomer,OK boomer,18651597,2026-05-29,False
OK boomer,"OK, boomer",14545090,2019-12-15,False
OK boomer,"OK, boomer",14809985,2020-03-17,False
OK boomer,"OK, boomer",14553191,2019-12-17,False
OK boomer,"OK, boomer",14408917,2019-11-08,False
OK boomer,"OK, boomer",14397227,2019-11-05,False
OK boomer,"OK, boomer",14624509,2020-01-13,False
and I oop,and I oop,13936383,2019-05-26,False
and I oop,and I oop,14647188,2020-01-22,False
and I oop,and I oop,13977413,2019-06-09,False
and I oop,and I oop,14800086,2020-03-13,False
and I oop,and I oop,14156980,2019-08-28,False
and I oop,and I oop,14000511,2019-06-17,False
and I oop,and I oop,14244154,2019-10-04,False
and I oop,and I oop,14204110,2019-09-18,False
and I oop,and I oop,14206247,2019-09-19,False
and I oop,and I oop,14131881,2019-08-17,False
and I oop,and I oop,14233393,2019-09-30,False
and I oop,and I oop,13987616,2019-06-12,False
and I oop,and I oop,14277599,2019-10-15,False
and I oop,and I oop,14334211,2019-10-24,False
and I oop,and I oop,16004656,2021-05-18,False
and I oop,and I oop,14079998,2019-07-23,False
and I oop,and I oop,14139367,2019-08-21,False
and I oop,and I oop,14180043,2019-09-08,False
and I oop,and I oop,14180310,2019-09-08,False
and I oop,and I oop,14180577,2019-09-08,False
and I oop,and I oop,14229738,2019-09-29,False
and I oop,and I oop,14172915,2019-09-05,False
and I oop,and I oop,14248489,2019-10-06,False
and I oop,and I oop,13939434,2019-05-27,False
and I oop,and I oop,14153179,2019-08-27,False
and I oop,and I oop,14153757,2019-08-27,False
and I oop,and I oop,14167325,2019-09-02,False
and I oop,and I oop,14186217,2019-09-10,False
and I oop,and I oop,14189806,2019-09-12,False
and I oop,and I oop,14193787,2019-09-14,False
and I oop,and I oop,14235365,2019-10-01,False
and I oop,and I oop,14346411,2019-10-27,False
and I oop,and I oop,14381129,2019-11-03,False
and I oop,and I oop,14387920,2019-11-04,False
and I oop,and I oop,14443693,2019-11-16,False
and I oop,and I oop,14449961,2019-11-18,False
and I oop,and I oop,14485414,2019-11-27,False
and I oop,and I oop,14563492,2019-12-20,False
and I oop,and I oop,14213754,2019-09-23,False
and I oop,and I oop,14346889,2019-10-27,False
and I oop,and I oop,14364116,2019-10-30,False
and I oop,and I oop,14229736,2019-09-29,False
and I oop,and I oop,13978083,2019-06-09,False
and I oop,and I oop,13939422,2019-05-27,False
and I oop,and I oop,14185960,2019-09-10,False
and I oop,and I oop,14190712,2019-09-12,False
and I oop,and I oop,14222083,2019-09-26,False
and I oop,and I oop,14442805,2019-11-16,False
and I oop,and I oop,14269855,2019-10-13,False
and I oop,and I oop,14136292,2019-08-19,False
and I oop,and I oop,14141264,2019-08-21,False
and I oop,and I oop,14146953,2019-08-24,False
and I oop,and I oop,14150758,2019-08-26,False
and I oop,and I oop,14152640,2019-08-27,False
and I oop,and I oop,14190524,2019-09-12,False
and I oop,and I oop,14201732,2019-09-17,False
and I oop,and I oop,14229058,2019-09-29,False
and I oop,and I oop,14246477,2019-10-05,False
and I oop,and I oop,14247860,2019-10-06,False
and I oop,and I oop,14276541,2019-10-15,False
and I oop,and I oop,14301700,2019-10-18,False
and I oop,and I oop,14354520,2019-10-29,False
and I oop,and I oop,14360565,2019-10-30,False
and I oop,and I oop,14378130,2019-11-02,False
and I oop,and I oop,14380788,2019-11-03,False
and I oop,and I oop,14416710,2019-11-10,False
and I oop,and I oop,14417399,2019-11-10,False
and I oop,and I oop,14425451,2019-11-12,False
and I oop,and I oop,14425464,2019-11-12,False
and I oop,and I oop,14433637,2019-11-14,False
and I oop,and I oop,14464681,2019-11-22,False
and I oop,and I oop,14474388,2019-11-24,False
and I oop,and I oop,14505663,2019-12-03,False
and I oop,and I oop,14506519,2019-12-03,False
and I oop,and I oop,14519118,2019-12-07,False
and I oop,and I oop,14543471,2019-12-14,False
and I oop,and I oop,14560301,2019-12-19,False
and I oop,and I oop,14590936,2019-12-31,False
and I oop,and I oop,14601199,2020-01-04,False
and I oop,and I oop,14739446,2020-02-21,False
and I oop,and I oop,14750760,2020-02-25,False
and I oop,and I oop,14752101,2020-02-25,False
and I oop,and I oop,14763477,2020-03-01,False
and I oop,and I oop,14799656,2020-03-13,False
and I oop,and I oop,14803863,2020-03-15,False
and I oop,and I oop,14817057,2020-03-20,False
and I oop,and I oop,14908091,2020-04-18,False
and I oop,and I oop,15249764,2020-08-15,False
and I oop,and I oop,17083468,2022-03-19,False
and I oop,and I oop,17793427,2023-05-18,False
and I oop,and I oop,18039123,2023-12-06,False
sksksk,sksksk,14015730,2019-06-23,False
sksksk,sksksk,13451988,2018-12-15,False
sksksk,sksksk,14093550,2019-07-30,False
sksksk,sksksk,13414312,2018-12-01,False
sksksk,sksksk,13088705,2018-07-24,False
sksksk,sksksk,13874436,2019-05-05,False
sksksk,sksksk,13305008,2018-10-27,False
sksksk,sksksk,14132034,2019-08-17,False
sksksk,sksksk,14158696,2019-08-29,False
sksksk,sksksk,14084884,2019-07-25,False
sksksk,sksksk,14133474,2019-08-18,False
sksksk,sksksk,14159411,2019-08-30,False
sksksk,sksksk,13716395,2019-03-16,False
sksksk,sksksk,14196243,2019-09-15,False
sksksk,sksksk,13215730,2018-09-23,False
sksksk,sksksk,14139732,2019-08-21,False
sksksk,sksksk,14227960,2019-09-28,False
sksksk,sksksk,14336456,2019-10-25,False
sksksk,sksksk,14338603,2019-10-25,False
sksksk,sksksk,14420893,2019-11-11,False
sksksk,sksksk,14156834,2019-08-28,False
sksksk,sksksk,13673282,2019-03-02,False
sksksk,sksksk,14144731,2019-08-23,False
sksksk,sksksk,14157275,2019-08-29,False
sksksk,sksksk,14170940,2019-09-04,False
sksksk,sksksk,13885672,2019-05-08,False
sksksk,sksksk,13574710,2019-01-31,False
sksksk,sksksk,14135882,2019-08-19,False
sksksk,sksksk,14014751,2019-06-23,False
sksksk,sksksk,5538165,2011-01-24,False
sksksk,sksksk,14133130,2019-08-18,False
sksksk,sksksk,13634905,2019-02-19,False
sksksk,sksksk,2573068,2007-09-07,False
sksksk,sksksk,13031179,2018-06-27,False
sksksk,sksksk,14151670,2019-08-26,False
sksksk,sksksk,14166056,2019-09-02,False
sksksk,sksksk,14172906,2019-09-05,False
sksksk,sksksk,14173660,2019-09-05,False
sksksk,sksksk,14174227,2019-09-05,False
sksksk,sksksk,14177406,2019-09-07,False
sksksk,sksksk,14178494,2019-09-07,False
sksksk,sksksk,14188078,2019-09-11,False
sksksk,sksksk,14190011,2019-09-12,False
sksksk,sksksk,14194824,2019-09-14,False
sksksk,sksksk,14194880,2019-09-14,False
sksksk,sksksk,14204420,2019-09-18,False
sksksk,sksksk,14260999,2019-10-10,False
sksksk,sksksk,14481546,2019-11-26,False
sksksk,sksksk,14484281,2019-11-27,False
sksksk,sksksk,14525927,2019-12-09,False
sksksk,sksksk,14659636,2020-01-27,False
sksksk,sksksk,13895787,2019-05-12,False
sksksk,sksksk,14060492,2019-07-14,False
sksksk,sksksk,14119338,2019-08-11,False
sksksk,sksksk,14138285,2019-08-20,False
sksksk,sksksk,14143714,2019-08-23,False
sksksk,sksksk,14172262,2019-09-04,False
sksksk,sksksk,14066047,2019-07-16,False
sksksk,sksksk,14183273,2019-09-09,False
sksksk,sksksk,14201743,2019-09-17,False
sksksk,sksksk,14293902,2019-10-17,False
sksksk,sksksk,13574700,2019-01-31,False
sksksk,sksksk,14159414,2019-08-30,False
sksksk,sksksk,14222258,2019-09-26,False
sksksk,sksksk,13310058,2018-10-29,False
sksksk,sksksk,13492311,2019-01-02,False
sksksk,sksksk,13819587,2019-04-18,False
sksksk,sksksk,13967423,2019-06-05,False
sksksk,sksksk,14143615,2019-08-22,False
sksksk,sksksk,14147238,2019-08-24,False
sksksk,sksksk,14151736,2019-08-26,False
sksksk,sksksk,14157108,2019-08-29,False
sksksk,sksksk,14159845,2019-08-30,False
sksksk,sksksk,14160206,2019-08-30,False
sksksk,sksksk,14171073,2019-09-04,False
sksksk,sksksk,14199853,2019-09-16,False
sksksk,sksksk,14207142,2019-09-19,False
sksksk,sksksk,14214424,2019-09-23,False
sksksk,sksksk,14220154,2019-09-25,False
sksksk,sksksk,14225001,2019-09-27,False
sksksk,sksksk,14240669,2019-10-03,False
sksksk,sksksk,14281232,2019-10-15,False
sksksk,sksksk,14292460,2019-10-17,False
sksksk,sksksk,14302006,2019-10-18,False
sksksk,sksksk,14306626,2019-10-19,False
sksksk,sksksk,14309068,2019-10-20,False
sksksk,sksksk,14329651,2019-10-23,False
sksksk,sksksk,14342517,2019-10-26,False
sksksk,sksksk,14354546,2019-10-29,False
sksksk,sksksk,14357502,2019-10-29,False
sksksk,sksksk,14361784,2019-10-30,False
sksksk,sksksk,14369147,2019-10-31,False
sksksk,sksksk,14424219,2019-11-12,False
sksksk,sksksk,14426721,2019-11-12,False
sksksk,sksksk,14446179,2019-11-17,False
sksksk,sksksk,14474399,2019-11-24,False
sksksk,sksksk,14505061,2019-12-03,False
sksksk,sksksk,14533569,2019-12-11,False
sksksk,sksksk,14547916,2019-12-16,False
sksksk,sksksk,14551690,2019-12-17,False
sksksk,sksksk,14558076,2019-12-18,False
sksksk,sksksk,14559908,2019-12-19,False
sksksk,sksksk,14571810,2019-12-23,False
sksksk,sksksk,14645719,2020-01-22,False
sksksk,sksksk,14795853,2020-03-12,False
sksksk,sksksk,14917368,2020-04-21,False
sksksk,sksksk,15761594,2021-02-21,False
sksksk,sksksk,17591718,2022-12-15,False
sksksk,sksksksk,13882757,2019-05-08,False
sksksk,sksksksk,14150781,2019-08-26,False
sksksk,sksksksk,14122174,2019-08-12,False
sksksk,sksksksk,14139358,2019-08-21,False
sksksk,sksksksk,11897759,2017-08-24,False
sksksk,sksksksk,14107737,2019-08-05,False
sksksk,sksksksk,13915629,2019-05-19,False
sksksk,sksksksk,14147306,2019-08-24,False
sksksk,sksksksk,13591064,2019-02-06,False
sksksk,sksksksk,13104829,2018-07-31,False
sksksk,sksksksk,14150135,2019-08-26,False
sksksk,sksksksk,14145545,2019-08-23,False
sksksk,sksksksk,14152320,2019-08-27,False
sksksk,sksksksk,13425790,2018-12-05,False
sksksk,sksksksk,13833748,2019-04-22,False
sksksk,sksksksk,13907320,2019-05-16,False
sksksk,sksksksk,13490752,2019-01-01,False
sksksk,sksksksk,14207251,2019-09-20,False
sksksk,sksksksk,13745976,2019-03-25,False
sksksk,sksksksk,14130959,2019-08-17,False
sksksk,sksksksk,13726527,2019-03-19,False
sksksk,sksksksk,14152316,2019-08-27,False
sksksk,sksksksk,13804215,2019-04-13,False
sksksk,sksksksk,14407769,2019-11-08,False
sksksk,sksksksk,14183531,2019-09-09,False
sksksk,sksksksk,13969283,2019-06-06,False
sksksk,sksksksk,14153695,2019-08-27,False
sksksk,sksksksk,14157608,2019-08-29,False
sksksk,sksksksk,14063453,2019-07-15,False
sksksk,sksksksk,14217885,2019-09-24,False
sksksk,sksksksk,14271617,2019-10-13,False
sksksk,sksksksk,14339244,2019-10-26,False
sksksk,sksksksk,14145226,2019-08-23,False
sksksk,sksksksk,14176822,2019-09-06,False
sksksk,sksksksk,14195911,2019-09-15,False
sksksk,sksksksk,14337829,2019-10-25,False
sksksk,sksksksk,14146973,2019-08-24,False
sksksk,sksksksk,13609120,2019-02-11,False
sksksk,sksksksk,14194641,2019-09-14,False
sksksk,sksksksk,14214395,2019-09-23,False
sksksk,sksksksk,14344588,2019-10-27,False
sksksk,sksksksk,14500550,2019-12-02,False
sksksk,sksksksk,14543980,2019-12-14,False
sksksk,sksksksk,14008603,2019-06-20,False
sksksk,sksksksk,14142239,2019-08-22,False
sksksk,sksksksk,14169236,2019-09-03,False
sksksk,sksksksk,14204167,2019-09-18,False
sksksk,sksksksk,14258705,2019-10-09,False
sksksk,sksksksk,14263258,2019-10-11,False
sksksk,sksksksk,14283125,2019-10-16,False
sksksk,sksksksk,14285005,2019-10-16,False
sksksk,sksksksk,14383643,2019-11-03,False
sksksk,sksksksk,14562235,2019-12-20,False
sksksk,sksksksk,14602996,2020-01-05,False
sksksk,sksksksk,15190027,2020-07-18,False
sksksk,sksksksk,16457416,2021-11-20,False
sksksk,sksksksk,16996943,2022-02-15,False
VSCO girl,VSCO girl,14034051,2019-07-01,False
VSCO girl,VSCO girl,14032164,2019-06-30,False
VSCO girl,VSCO girl,14000621,2019-06-17,False
VSCO girl,VSCO girl,14155111,2019-08-28,False
VSCO girl,VSCO girl,14099010,2019-08-01,False
VSCO girl,VSCO girl,14131779,2019-08-17,False
VSCO girl,VSCO girl,14353150,2019-10-28,False
VSCO girl,VSCO girl,14083173,2019-07-24,False
VSCO girl,VSCO girl,14066049,2019-07-16,False
VSCO girl,VSCO girl,14046063,2019-07-07,False
VSCO girl,VSCO girl,14164254,2019-09-01,False
VSCO girl,VSCO girl,14361531,2019-10-30,False
VSCO girl,VSCO girl,14818238,2020-03-21,False
VSCO girl,VSCO girl,13992938,2019-06-14,False
VSCO girl,VSCO girl,14184029,2019-09-09,False
VSCO girl,VSCO girl,13992126,2019-06-14,False
VSCO girl,VSCO girl,14324240,2019-10-22,False
VSCO girl,VSCO girl,14173857,2019-09-05,False
VSCO girl,VSCO girl,14199112,2019-09-16,False
VSCO girl,VSCO girl,14135716,2019-08-19,False
VSCO girl,VSCO girl,14147272,2019-08-24,False
VSCO girl,VSCO girl,14228116,2019-09-28,False
VSCO girl,VSCO girl,14096616,2019-07-31,False
VSCO girl,VSCO girl,14010222,2019-06-21,False
VSCO girl,VSCO girl,14128481,2019-08-15,False
VSCO girl,VSCO girl,14147261,2019-08-24,False
VSCO girl,VSCO girl,14163580,2019-09-01,False
VSCO girl,VSCO girl,14272607,2019-10-14,False
VSCO girl,VSCO girl,14146626,2019-08-24,False
VSCO girl,VSCO girl,14161284,2019-08-30,False
VSCO girl,VSCO girl,14154499,2019-08-28,False
VSCO girl,VSCO girl,14142130,2019-08-22,False
VSCO girl,VSCO girl,14153720,2019-08-27,False
VSCO girl,VSCO girl,14220596,2019-09-25,False
VSCO girl,VSCO girl,14242226,2019-10-04,False
VSCO girl,VSCO girl,14348320,2019-10-27,False
VSCO girl,VSCO girl,14420914,2019-11-11,False
VSCO girl,VSCO girl,14659483,2020-01-27,False
VSCO girl,VSCO girl,14105379,2019-08-04,False
VSCO girl,VSCO girl,14122186,2019-08-12,False
VSCO girl,VSCO girl,14191121,2019-09-12,False
VSCO girl,VSCO girl,14473244,2019-11-24,False
VSCO girl,VSCO girl,14173463,2019-09-05,False
VSCO girl,VSCO girl,14132750,2019-08-18,False
VSCO girl,VSCO girl,14150613,2019-08-26,False
VSCO girl,VSCO girl,14152748,2019-08-27,False
VSCO girl,VSCO girl,14153405,2019-08-27,False
VSCO girl,VSCO girl,14155220,2019-08-28,False
VSCO girl,VSCO girl,14164350,2019-09-01,False
VSCO girl,VSCO girl,14164399,2019-09-01,False
VSCO girl,VSCO girl,14168878,2019-09-03,False
VSCO girl,VSCO girl,14190401,2019-09-12,False
VSCO girl,VSCO girl,14199470,2019-09-16,False
VSCO girl,VSCO girl,14210338,2019-09-21,False
VSCO girl,VSCO girl,14211264,2019-09-22,False
VSCO girl,VSCO girl,14224528,2019-09-27,False
VSCO girl,VSCO girl,14231168,2019-09-30,False
VSCO girl,VSCO girl,14232536,2019-09-30,False
VSCO girl,VSCO girl,14237452,2019-10-02,False
VSCO girl,VSCO girl,14240876,2019-10-03,False
VSCO girl,VSCO girl,14251000,2019-10-07,False
VSCO girl,VSCO girl,14312557,2019-10-20,False
VSCO girl,VSCO girl,14325305,2019-10-23,False
VSCO girl,VSCO girl,14352038,2019-10-28,False
VSCO girl,VSCO girl,14385472,2019-11-03,False
VSCO girl,VSCO girl,14416328,2019-11-10,False
VSCO girl,VSCO girl,14493842,2019-11-30,False
VSCO girl,VSCO girl,14708774,2020-02-10,False
VSCO girl,VSCO girl,14784708,2020-03-08,False
VSCO girl,VSCO girl,14918147,2020-04-21,False
VSCO girl,VSCO girl,14097448,2019-07-31,False
VSCO girl,VSCO girl,14114209,2019-08-08,False
VSCO girl,VSCO girl,14118302,2019-08-10,False
VSCO girl,VSCO girl,14355969,2019-10-29,False
VSCO girl,VSCO girl,14092531,2019-07-29,False
VSCO girl,VSCO girl,14128853,2019-08-16,False
VSCO girl,VSCO girl,14082220,2019-07-24,False
VSCO girl,VSCO girl,14150561,2019-08-26,False
VSCO girl,VSCO girl,14172359,2019-09-04,False
VSCO girl,VSCO girl,14181405,2019-09-08,False
VSCO girl,VSCO girl,14071667,2019-07-19,False
VSCO girl,VSCO girl,14076832,2019-07-21,False
VSCO girl,VSCO girl,14124750,2019-08-14,False
VSCO girl,VSCO girl,14080312,2019-07-23,False
VSCO girl,VSCO girl,14113652,2019-08-08,False
VSCO girl,VSCO girl,14125617,2019-08-14,False
VSCO girl,VSCO girl,14296427,2019-10-17,False
VSCO girl,VSCO girl,14104394,2019-08-04,False
VSCO girl,VSCO girl,14199169,2019-09-16,False
VSCO girl,VSCO girl,14122112,2019-08-12,False
VSCO girl,VSCO girl,14152420,2019-08-27,False
VSCO girl,VSCO girl,14077193,2019-07-21,False
VSCO girl,VSCO girl,14165480,2019-09-01,False
VSCO girl,VSCO girl,14038599,2019-07-03,False
VSCO girl,VSCO girl,14107074,2019-08-05,False
VSCO girl,VSCO girl,14133287,2019-08-18,False
VSCO girl,VSCO girl,14133288,2019-08-18,False
VSCO girl,VSCO girl,14145208,2019-08-23,False
VSCO girl,VSCO girl,14145299,2019-08-23,False
VSCO girl,VSCO girl,14146520,2019-08-24,False
VSCO girl,VSCO girl,14147371,2019-08-24,False
VSCO girl,VSCO girl,14152877,2019-08-27,False
VSCO girl,VSCO girl,14166805,2019-09-02,False
VSCO girl,VSCO girl,14167288,2019-09-02,False
VSCO girl,VSCO girl,14168752,2019-09-03,False
VSCO girl,VSCO girl,14169089,2019-09-03,False
VSCO girl,VSCO girl,14177642,2019-09-07,False
VSCO girl,VSCO girl,14178981,2019-09-07,False
VSCO girl,VSCO girl,14182399,2019-09-09,False
VSCO girl,VSCO girl,14196831,2019-09-15,False
VSCO girl,VSCO girl,14202035,2019-09-17,False
VSCO girl,VSCO girl,14205359,2019-09-19,False
VSCO girl,VSCO girl,14206139,2019-09-19,False
VSCO girl,VSCO girl,14208894,2019-09-20,False
VSCO girl,VSCO girl,14210317,2019-09-21,False
VSCO girl,VSCO girl,14211489,2019-09-22,False
VSCO girl,VSCO girl,14227399,2019-09-28,False
VSCO girl,VSCO girl,14242281,2019-10-04,False
VSCO girl,VSCO girl,14251482,2019-10-07,False
VSCO girl,VSCO girl,14263089,2019-10-11,False
VSCO girl,VSCO girl,14264642,2019-10-11,False
VSCO girl,VSCO girl,14272594,2019-10-14,False
VSCO girl,VSCO girl,14280861,2019-10-15,False
VSCO girl,VSCO girl,14290109,2019-10-16,False
VSCO girl,VSCO girl,14294819,2019-10-17,False
VSCO girl,VSCO girl,14297324,2019-10-17,False
VSCO girl,VSCO girl,14311213,2019-10-20,False
VSCO girl,VSCO girl,14313110,2019-10-20,False
VSCO girl,VSCO girl,14333631,2019-10-24,False
VSCO girl,VSCO girl,14335718,2019-10-25,False
VSCO girl,VSCO girl,14336595,2019-10-25,False
VSCO girl,VSCO girl,14338143,2019-10-25,False
VSCO girl,VSCO girl,14358210,2019-10-29,False
VSCO girl,VSCO girl,14374605,2019-11-02,False
VSCO girl,VSCO girl,14405671,2019-11-07,False
VSCO girl,VSCO girl,14442456,2019-11-16,False
VSCO girl,VSCO girl,14587251,2019-12-30,False
VSCO girl,VSCO girl,14595994,2020-01-02,False
VSCO girl,VSCO girl,14938341,2020-04-27,False
VSCO girl,VSCO girl,14235085,2019-10-01,False
VSCO girl,VSCO girl,14103074,2019-08-03,False
VSCO girl,VSCO girl,14121841,2019-08-12,False
VSCO girl,VSCO girl,14137168,2019-08-20,False
VSCO girl,VSCO girl,14091612,2019-07-29,False
VSCO girl,VSCO girl,14138580,2019-08-20,False
VSCO girl,VSCO girl,14154570,2019-08-28,False
VSCO girl,VSCO girl,14159550,2019-08-30,False
VSCO girl,VSCO girl,14165093,2019-09-01,False
VSCO girl,VSCO girl,14165950,2019-09-02,False
VSCO girl,VSCO girl,14174144,2019-09-05,False
VSCO girl,VSCO girl,14177720,2019-09-07,False
VSCO girl,VSCO girl,14177919,2019-09-07,False
VSCO girl,VSCO girl,14198762,2019-09-16,False
VSCO girl,VSCO girl,14227441,2019-09-28,False
VSCO girl,VSCO girl,14234700,2019-10-01,False
VSCO girl,VSCO girl,14280459,2019-10-15,False
VSCO girl,VSCO girl,14487623,2019-11-28,False
VSCO girl,VSCO girl,14061068,2019-07-14,False
VSCO girl,VSCO girl,14095366,2019-07-30,False
VSCO girl,VSCO girl,14113506,2019-08-08,False
VSCO girl,VSCO girl,14115512,2019-08-09,False
VSCO girl,VSCO girl,14293374,2019-10-17,False
VSCO girl,VSCO girl,14133184,2019-08-18,False
VSCO girl,VSCO girl,14097453,2019-07-31,False
VSCO girl,VSCO girl,14123323,2019-08-13,False
VSCO girl,VSCO girl,14127263,2019-08-15,False
VSCO girl,VSCO girl,14127976,2019-08-15,False
VSCO girl,VSCO girl,14128537,2019-08-15,False
VSCO girl,VSCO girl,14131770,2019-08-17,False
VSCO girl,VSCO girl,14140328,2019-08-21,False
VSCO girl,VSCO girl,14146390,2019-08-24,False
VSCO girl,VSCO girl,14146442,2019-08-24,False
VSCO girl,VSCO girl,14159242,2019-08-29,False
VSCO girl,VSCO girl,14167199,2019-09-02,False
VSCO girl,VSCO girl,14171460,2019-09-04,False
VSCO girl,VSCO girl,14174697,2019-09-05,False
VSCO girl,VSCO girl,14177228,2019-09-07,False
VSCO girl,VSCO girl,14179148,2019-09-07,False
VSCO girl,VSCO girl,14183077,2019-09-09,False
VSCO girl,VSCO girl,14192541,2019-09-13,False
VSCO girl,VSCO girl,14212237,2019-09-22,False
VSCO girl,VSCO girl,14224311,2019-09-27,False
VSCO girl,VSCO girl,14230436,2019-09-29,False
VSCO girl,VSCO girl,14240875,2019-10-03,False
VSCO girl,VSCO girl,14267252,2019-10-12,False
VSCO girl,VSCO girl,14281097,2019-10-15,False
VSCO girl,VSCO girl,14424072,2019-11-11,False
VSCO girl,VSCO girl,14470842,2019-11-23,False
VSCO girl,VSCO girl,14817271,2020-03-20,False
VSCO girl,VSCO girl,14126000,2019-08-14,False
VSCO girl,VSCO girl,14169032,2019-09-03,False
VSCO girl,VSCO girl,14166698,2019-09-02,False
VSCO girl,VSCO girl,14090049,2019-07-28,False
VSCO girl,VSCO girl,14095019,2019-07-30,False
VSCO girl,VSCO girl,14098378,2019-08-01,False
VSCO girl,VSCO girl,14118860,2019-08-11,False
VSCO girl,VSCO girl,14122132,2019-08-12,False
VSCO girl,VSCO girl,14127487,2019-08-15,False
VSCO girl,VSCO girl,14135896,2019-08-19,False
VSCO girl,VSCO girl,14139381,2019-08-21,False
VSCO girl,VSCO girl,14143560,2019-08-22,False
VSCO girl,VSCO girl,14146518,2019-08-24,False
VSCO girl,VSCO girl,14146834,2019-08-24,False
VSCO girl,VSCO girl,14151253,2019-08-26,False
VSCO girl,VSCO girl,14153081,2019-08-27,False
VSCO girl,VSCO girl,14153258,2019-08-27,False
VSCO girl,VSCO girl,14153391,2019-08-27,False
VSCO girl,VSCO girl,14154075,2019-08-27,False
VSCO girl,VSCO girl,14154417,2019-08-28,False
VSCO girl,VSCO girl,14156041,2019-08-28,False
VSCO girl,VSCO girl,14159140,2019-08-29,False
VSCO girl,VSCO girl,14161977,2019-08-31,False
VSCO girl,VSCO girl,14162889,2019-08-31,False
VSCO girl,VSCO girl,14163849,2019-09-01,False
VSCO girl,VSCO girl,14165069,2019-09-01,False
VSCO girl,VSCO girl,14170526,2019-09-04,False
VSCO girl,VSCO girl,14172217,2019-09-04,False
VSCO girl,VSCO girl,14172875,2019-09-05,False
VSCO girl,VSCO girl,14176655,2019-09-06,False
VSCO girl,VSCO girl,14178718,2019-09-07,False
VSCO girl,VSCO girl,14179279,2019-09-07,False
VSCO girl,VSCO girl,14180982,2019-09-08,False
VSCO girl,VSCO girl,14181061,2019-09-08,False
VSCO girl,VSCO girl,14181293,2019-09-08,False
VSCO girl,VSCO girl,14183623,2019-09-09,False
VSCO girl,VSCO girl,14184582,2019-09-09,False
VSCO girl,VSCO girl,14184587,2019-09-09,False
VSCO girl,VSCO girl,14184583,2019-09-09,False
VSCO girl,VSCO girl,14188669,2019-09-11,False
VSCO girl,VSCO girl,14189277,2019-09-11,False
VSCO girl,VSCO girl,14190449,2019-09-12,False
VSCO girl,VSCO girl,14190539,2019-09-12,False
VSCO girl,VSCO girl,14194875,2019-09-14,False
VSCO girl,VSCO girl,14195283,2019-09-14,False
VSCO girl,VSCO girl,14196253,2019-09-15,False
VSCO girl,VSCO girl,14197493,2019-09-15,False
VSCO girl,VSCO girl,14198298,2019-09-16,False
VSCO girl,VSCO girl,14199016,2019-09-16,False
VSCO girl,VSCO girl,14199371,2019-09-16,False
VSCO girl,VSCO girl,14199584,2019-09-16,False
VSCO girl,VSCO girl,14201116,2019-09-17,False
VSCO girl,VSCO girl,14202771,2019-09-18,False
VSCO girl,VSCO girl,14202803,2019-09-18,False
VSCO girl,VSCO girl,14202914,2019-09-18,False
VSCO girl,VSCO girl,14203779,2019-09-18,False
VSCO girl,VSCO girl,14205784,2019-09-19,False
VSCO girl,VSCO girl,14205910,2019-09-19,False
VSCO girl,VSCO girl,14207839,2019-09-20,False
VSCO girl,VSCO girl,14208536,2019-09-20,False
VSCO girl,VSCO girl,14209083,2019-09-20,False
VSCO girl,VSCO girl,14210058,2019-09-21,False
VSCO girl,VSCO girl,14211219,2019-09-21,False
VSCO girl,VSCO girl,14211427,2019-09-22,False
VSCO girl,VSCO girl,14212003,2019-09-22,False
VSCO girl,VSCO girl,14212423,2019-09-22,False
VSCO girl,VSCO girl,14213822,2019-09-23,False
VSCO girl,VSCO girl,14217175,2019-09-24,False
VSCO girl,VSCO girl,14217835,2019-09-24,False
VSCO girl,VSCO girl,14218015,2019-09-24,False
VSCO girl,VSCO girl,14220084,2019-09-25,False
VSCO girl,VSCO girl,14222920,2019-09-26,False
VSCO girl,VSCO girl,14224492,2019-09-27,False
VSCO girl,VSCO girl,14224448,2019-09-27,False
VSCO girl,VSCO girl,14225226,2019-09-27,False
VSCO girl,VSCO girl,14226160,2019-09-28,False
VSCO girl,VSCO girl,14227660,2019-09-28,False
VSCO girl,VSCO girl,14229982,2019-09-29,False
VSCO girl,VSCO girl,14230233,2019-09-29,False
VSCO girl,VSCO girl,14231921,2019-09-30,False
VSCO girl,VSCO girl,14233237,2019-09-30,False
VSCO girl,VSCO girl,14238540,2019-10-02,False
VSCO girl,VSCO girl,14238556,2019-10-02,False
VSCO girl,VSCO girl,14239804,2019-10-03,False
VSCO girl,VSCO girl,14243456,2019-10-04,False
VSCO girl,VSCO girl,14246895,2019-10-05,False
VSCO girl,VSCO girl,14247402,2019-10-06,False
VSCO girl,VSCO girl,14249681,2019-10-06,False
VSCO girl,VSCO girl,14251143,2019-10-07,False
VSCO girl,VSCO girl,14253784,2019-10-08,False
VSCO girl,VSCO girl,14259661,2019-10-10,False
VSCO girl,VSCO girl,14262742,2019-10-11,False
VSCO girl,VSCO girl,14263346,2019-10-11,False
VSCO girl,VSCO girl,14263421,2019-10-11,False
VSCO girl,VSCO girl,14264456,2019-10-11,False
VSCO girl,VSCO girl,14264848,2019-10-11,False
VSCO girl,VSCO girl,14269453,2019-10-13,False
VSCO girl,VSCO girl,14269435,2019-10-13,False
VSCO girl,VSCO girl,14274249,2019-10-14,False
VSCO girl,VSCO girl,14274668,2019-10-14,False
VSCO girl,VSCO girl,14276333,2019-10-15,False
VSCO girl,VSCO girl,14280920,2019-10-15,False
VSCO girl,VSCO girl,14286800,2019-10-16,False
VSCO girl,VSCO girl,14287139,2019-10-16,False
VSCO girl,VSCO girl,14296518,2019-10-17,False
VSCO girl,VSCO girl,14299671,2019-10-18,False
VSCO girl,VSCO girl,14303097,2019-10-18,False
VSCO girl,VSCO girl,14304539,2019-10-19,False
VSCO girl,VSCO girl,14306213,2019-10-19,False
VSCO girl,VSCO girl,14307835,2019-10-19,False
VSCO girl,VSCO girl,14310782,2019-10-20,False
VSCO girl,VSCO girl,14315408,2019-10-21,False
VSCO girl,VSCO girl,14315444,2019-10-21,False
VSCO girl,VSCO girl,14315864,2019-10-21,False
VSCO girl,VSCO girl,14318441,2019-10-21,False
VSCO girl,VSCO girl,14321884,2019-10-22,False
VSCO girl,VSCO girl,14323239,2019-10-22,False
VSCO girl,VSCO girl,14323353,2019-10-22,False
VSCO girl,VSCO girl,14324492,2019-10-22,False
VSCO girl,VSCO girl,14324668,2019-10-22,False
VSCO girl,VSCO girl,14325640,2019-10-23,False
VSCO girl,VSCO girl,14328317,2019-10-23,False
VSCO girl,VSCO girl,14328341,2019-10-23,False
VSCO girl,VSCO girl,14334520,2019-10-24,False
VSCO girl,VSCO girl,14334778,2019-10-24,False
VSCO girl,VSCO girl,14338182,2019-10-25,False
VSCO girl,VSCO girl,14338785,2019-10-25,False
VSCO girl,VSCO girl,14343935,2019-10-27,False
VSCO girl,VSCO girl,14344400,2019-10-27,False
VSCO girl,VSCO girl,14346057,2019-10-27,False
VSCO girl,VSCO girl,14346504,2019-10-27,False
VSCO girl,VSCO girl,14348514,2019-10-27,False
VSCO girl,VSCO girl,14368468,2019-10-31,False
VSCO girl,VSCO girl,14369963,2019-11-01,False
VSCO girl,VSCO girl,14371510,2019-11-01,False
VSCO girl,VSCO girl,14372266,2019-11-01,False
VSCO girl,VSCO girl,14375274,2019-11-02,False
VSCO girl,VSCO girl,14376302,2019-11-02,False
VSCO girl,VSCO girl,14378328,2019-11-02,False
VSCO girl,VSCO girl,14378696,2019-11-02,False
VSCO girl,VSCO girl,14378969,2019-11-02,False
VSCO girl,VSCO girl,14378982,2019-11-02,False
VSCO girl,VSCO girl,14380230,2019-11-02,False
VSCO girl,VSCO girl,14388281,2019-11-04,False
VSCO girl,VSCO girl,14401013,2019-11-06,False
VSCO girl,VSCO girl,14408153,2019-11-08,False
VSCO girl,VSCO girl,14416533,2019-11-10,False
VSCO girl,VSCO girl,14418453,2019-11-10,False
VSCO girl,VSCO girl,14429732,2019-11-13,False
VSCO girl,VSCO girl,14434624,2019-11-14,False
VSCO girl,VSCO girl,14436349,2019-11-14,False
VSCO girl,VSCO girl,14440281,2019-11-15,False
VSCO girl,VSCO girl,14443897,2019-11-16,False
VSCO girl,VSCO girl,14445190,2019-11-17,False
VSCO girl,VSCO girl,14448023,2019-11-17,False
VSCO girl,VSCO girl,14452769,2019-11-19,False
VSCO girl,VSCO girl,14452882,2019-11-19,False
VSCO girl,VSCO girl,14454466,2019-11-19,False
VSCO girl,VSCO girl,14464859,2019-11-22,False
VSCO girl,VSCO girl,14472052,2019-11-24,False
VSCO girl,VSCO girl,14473928,2019-11-24,False
VSCO girl,VSCO girl,14473992,2019-11-24,False
VSCO girl,VSCO girl,14480990,2019-11-26,False
VSCO girl,VSCO girl,14484861,2019-11-27,False
VSCO girl,VSCO girl,14501594,2019-12-02,False
VSCO girl,VSCO girl,14521246,2019-12-08,False
VSCO girl,VSCO girl,14530357,2019-12-10,False
VSCO girl,VSCO girl,14530501,2019-12-10,False
VSCO girl,VSCO girl,14575293,2019-12-25,False
VSCO girl,VSCO girl,14577619,2019-12-26,False
VSCO girl,VSCO girl,14584668,2019-12-29,False
VSCO girl,VSCO girl,14584679,2019-12-29,False
VSCO girl,VSCO girl,14584683,2019-12-29,False
VSCO girl,VSCO girl,14584681,2019-12-29,False
VSCO girl,VSCO girl,14596437,2020-01-02,False
VSCO girl,VSCO girl,14602913,2020-01-05,False
VSCO girl,VSCO girl,14605065,2020-01-06,False
VSCO girl,VSCO girl,14621158,2020-01-12,False
VSCO girl,VSCO girl,14639344,2020-01-19,False
VSCO girl,VSCO girl,14658666,2020-01-27,False
VSCO girl,VSCO girl,14701963,2020-02-07,False
VSCO girl,VSCO girl,14719702,2020-02-14,False
VSCO girl,VSCO girl,14719868,2020-02-14,False
VSCO girl,VSCO girl,14948113,2020-04-30,False
VSCO girl,VSCO girl,14974287,2020-05-09,False
VSCO girl,VSCO girl,15011914,2020-05-22,False
VSCO girl,VSCO girl,15052586,2020-06-02,False
VSCO girl,VSCO girl,15110374,2020-06-17,False
VSCO girl,VSCO girl,15665623,2021-01-16,False
VSCO girl,VSCO girl,15707342,2021-02-01,False
VSCO girl,VSCO girl,15915610,2021-04-16,False
VSCO girl,VSCO girl,16033755,2021-05-26,False
VSCO girl,VSCO girl,17354901,2022-07-11,False
vibe check,vibe check,14198815,2019-09-16,False
vibe check,vibe check,5754431,2011-05-08,False
vibe check,vibe check,14282746,2019-10-15,False
vibe check,vibe check,14268531,2019-10-13,False
vibe check,vibe check,14418122,2019-11-10,False
vibe check,vibe check,14262436,2019-10-10,False
vibe check,vibe check,14207457,2019-09-20,False
vibe check,vibe check,14514357,2019-12-06,False
vibe check,vibe check,14289075,2019-10-16,False
vibe check,vibe check,14606538,2020-01-06,False
vibe check,vibe check,14325676,2019-10-23,False
vibe check,vibe check,14349119,2019-10-28,False
vibe check,vibe check,14555329,2019-12-18,False
vibe check,vibe check,15613580,2020-12-28,False
vibe check,vibe check,14329715,2019-10-23,False
vibe check,vibe check,14602040,2020-01-05,False
vibe check,vibe check,15761574,2021-02-21,False
vibe check,vibe check,14576595,2019-12-26,False
vibe check,vibe check,14348088,2019-10-27,False
vibe check,vibe check,14417495,2019-11-10,False
vibe check,vibe check,15300714,2020-09-08,False
vibe check,vibe check,14343667,2019-10-27,False
vibe check,vibe check,14317896,2019-10-21,False
vibe check,vibe check,14404971,2019-11-07,False
vibe check,vibe check,14669667,2020-01-30,False
vibe check,vibe check,14490750,2019-11-29,False
vibe check,vibe check,14365325,2019-10-30,False
vibe check,vibe check,14419133,2019-11-10,False
vibe check,vibe check,14396808,2019-11-05,False
vibe check,vibe check,14419018,2019-11-10,False
vibe check,vibe check,14716029,2020-02-12,False
vibe check,vibe check,14370560,2019-11-01,False
vibe check,vibe check,14813533,2020-03-19,False
vibe check,vibe check,14368729,2019-10-31,False
vibe check,vibe check,14814991,2020-03-19,False
vibe check,vibe check,14292291,2019-10-17,False
vibe check,vibe check,14320236,2019-10-22,False
vibe check,vibe check,14428442,2019-11-12,False
vibe check,vibe check,14509670,2019-12-04,False
vibe check,vibe check,14578327,2019-12-26,False
vibe check,vibe check,14594870,2020-01-02,False
vibe check,vibe check,14739348,2020-02-21,False
vibe check,vibe check,14890321,2020-04-14,False
vibe check,vibe check,14891070,2020-04-14,False
vibe check,vibe check,15223266,2020-08-03,False
vibe check,vibe check,15729497,2021-02-09,False
vibe check,vibe check,17203027,2022-05-03,False
vibe check,vibe check,17345816,2022-07-05,False
vibe check,vibe check,18298373,2024-08-21,False
periodt,periodt,13957129,2019-06-02,False
periodt,periodt,13174259,2018-09-04,False
periodt,periodt,13845926,2019-04-25,False
periodt,periodt,13306924,2018-10-28,False
periodt,periodt,13955450,2019-06-01,False
periodt,periodt,14287937,2019-10-16,False
periodt,periodt,13712250,2019-03-14,False
periodt,periodt,13995998,2019-06-16,False
periodt,periodt,13788933,2019-04-08,False
periodt,periodt,13846435,2019-04-25,False
periodt,periodt,14100764,2019-08-02,False
periodt,periodt,13907681,2019-05-16,False
periodt,periodt,14008827,2019-06-20,False
periodt,periodt,14080836,2019-07-23,False
periodt,periodt,13332311,2018-11-06,False
periodt,periodt,13570311,2019-01-29,False
periodt,periodt,14108452,2019-08-06,False
periodt,periodt,14490743,2019-11-29,False
periodt,periodt,14189921,2019-09-12,False
periodt,periodt,13854216,2019-04-28,False
periodt,periodt,13244736,2018-10-05,False
periodt,periodt,13952165,2019-05-31,False
periodt,periodt,13243749,2018-10-04,False
periodt,periodt,15687872,2021-01-25,False
periodt,periodt,14873186,2020-04-09,False
periodt,periodt,15521927,2020-11-27,False
periodt,periodt,16926702,2022-01-20,False
periodt,periodt,15036421,2020-05-30,False
periodt,periodt,13999353,2019-06-17,False
periodt,periodt,13585890,2019-02-04,False
periodt,periodt,13593109,2019-02-06,False
periodt,periodt,13984154,2019-06-11,False
periodt,periodt,13954231,2019-06-01,False
periodt,periodt,13964610,2019-06-04,False
periodt,periodt,13968492,2019-06-06,False
periodt,periodt,13762796,2019-03-30,False
periodt,periodt,14368553,2019-10-31,False
periodt,periodt,15319198,2020-09-16,False
periodt,periodt,13759398,2019-03-29,False
periodt,periodt,13963586,2019-06-04,False
periodt,periodt,13750269,2019-03-26,False
periodt,periodt,14943219,2020-04-29,False
periodt,periodt,16837425,2021-12-13,False
periodt,periodt,14045331,2019-07-06,False
periodt,periodt,13822298,2019-04-18,False
periodt,periodt,13954607,2019-06-01,False
periodt,periodt,14044804,2019-07-06,False
periodt,periodt,14251632,2019-10-07,False
periodt,periodt,14251635,2019-10-07,False
periodt,periodt,14363979,2019-10-30,False
periodt,periodt,15743906,2021-02-14,False
periodt,periodt,16787884,2021-11-28,False
periodt,periodt,16808257,2021-12-03,False
periodt,periodt,14012782,2019-06-22,False
periodt,periodt,14099297,2019-08-01,False
periodt,periodt,14601935,2020-01-04,False
periodt,periodt,14853556,2020-04-03,False
periodt,periodt,14888192,2020-04-14,False
periodt,periodt,14977581,2020-05-10,False
periodt,periodt,15461764,2020-11-07,False
periodt,periodt,15660822,2021-01-14,False
periodt,periodt,13479179,2018-12-27,False
periodt,periodt,13740386,2019-03-23,False
periodt,periodt,14112863,2019-08-08,False
periodt,periodt,14117597,2019-08-10,False
periodt,periodt,14133084,2019-08-18,False
periodt,periodt,14144002,2019-08-23,False
periodt,periodt,14214024,2019-09-23,False
periodt,periodt,14267564,2019-10-12,False
periodt,periodt,14278764,2019-10-15,False
periodt,periodt,14314028,2019-10-21,False
periodt,periodt,14328585,2019-10-23,False
periodt,periodt,14377916,2019-11-02,False
periodt,periodt,14390983,2019-11-04,False
periodt,periodt,14436607,2019-11-14,False
periodt,periodt,14472223,2019-11-24,False
periodt,periodt,14492453,2019-11-30,False
periodt,periodt,14520867,2019-12-08,False
periodt,periodt,14701034,2020-02-07,False
periodt,periodt,14769017,2020-03-03,False
periodt,periodt,14789111,2020-03-10,False
periodt,periodt,14795866,2020-03-12,False
periodt,periodt,14812247,2020-03-18,False
periodt,periodt,15104841,2020-06-16,False
periodt,periodt,15177594,2020-07-13,False
periodt,periodt,15298444,2020-09-07,False
periodt,periodt,15304165,2020-09-10,False
periodt,periodt,15309996,2020-09-12,False
periodt,periodt,15322077,2020-09-17,False
periodt,periodt,15394696,2020-10-16,False
periodt,periodt,15450879,2020-11-04,False
periodt,periodt,15516833,2020-11-25,False
periodt,periodt,15533873,2020-12-01,False
periodt,periodt,15561810,2020-12-09,False
periodt,periodt,15593751,2020-12-20,False
periodt,periodt,15667053,2021-01-17,False
periodt,periodt,15861895,2021-03-26,False
periodt,periodt,16257245,2021-08-19,False
periodt,periodt,16297905,2021-09-06,False
periodt,periodt,16903841,2022-01-11,False
periodt,periodt,16930018,2022-01-21,False
periodt,periodt,16930845,2022-01-21,False
periodt,periodt,17188949,2022-04-27,False
periodt,periodt,17205082,2022-05-03,False
periodt,periodt,17235433,2022-05-14,False
periodt,periodt,17273587,2022-05-30,False
periodt,periodt,17497813,2022-10-15,False
periodt,periodt,17551226,2022-11-18,False
periodt,periodt,17556137,2022-11-21,False
periodt,periodt,17623841,2023-01-11,False
periodt,periodt,17702475,2023-03-08,False
periodt,periodt,17826046,2023-06-15,False
periodt,periodt,17898737,2023-08-25,False
periodt,periodt,18048348,2023-12-14,False
simp,simp,14822187,2020-03-22,False
simp,simp,14678387,2020-02-01,False
simp,simp,14873577,2020-04-09,False
simp,simp,14323772,2019-10-22,False
simp,simp,15286462,2020-09-02,False
simp,simp,15221339,2020-08-02,False
simp,simp,14797897,2020-03-13,False
simp,simp,14860889,2020-04-05,False
simp,simp,16813675,2021-12-05,False
simp,simp,15379826,2020-10-11,False
simp,simp,14834633,2020-03-27,False
simp,simp,15377089,2020-10-10,False
simp,simp,16903047,2022-01-11,False
simp,simp,15250069,2020-08-16,False
simp,simp,14829034,2020-03-25,False
simp,simp,14434885,2019-11-14,False
simp,simp,14860390,2020-04-05,False
simp,simp,15121159,2020-06-21,False
simp,simp,15883749,2021-04-04,False
simp,simp,15112186,2020-06-18,False
simp,simp,14634738,2020-01-17,False
simp,simp,14653123,2020-01-24,False
simp,simp,13602472,2019-02-09,False
simp,simp,14892193,2020-04-15,False
simp,simp,15362905,2020-10-05,False
simp,simp,14823176,2020-03-23,False
simp,simp,15019851,2020-05-25,False
simp,simp,5243580,2010-09-29,False
simp,simp,14706659,2020-02-09,False
simp,simp,15764639,2021-02-22,False
simp,simp,14871434,2020-04-09,False
simp,simp,14798295,2020-03-13,False
simp,simp,15321394,2020-09-17,False
simp,simp,14900932,2020-04-16,False
simp,simp,14686160,2020-02-03,False
simp,simp,14655811,2020-01-25,False
simp,simp,14941201,2020-04-28,False
simp,simp,14733615,2020-02-19,False
simp,simp,14723572,2020-02-15,False
simp,simp,1476415,2005-10-16,False
simp,simp,15309012,2020-09-12,False
simp,simp,14955237,2020-05-03,False
simp,simp,15485768,2020-11-15,False
simp,simp,14859622,2020-04-05,False
simp,simp,14566721,2019-12-21,False
simp,simp,14994622,2020-05-16,False
simp,simp,9241406,2016-09-16,False
simp,simp,6798985,2012-10-22,False
simp,simp,14840188,2020-03-29,False
simp,simp,14707755,2020-02-09,False
simp,simp,15235925,2020-08-09,False
simp,simp,15251452,2020-08-16,False
simp,simp,15765492,2021-02-22,False
simp,simp,16967940,2022-02-05,False
simp,simp,17133020,2022-04-07,False
simp,simp,15109941,2020-06-17,False
simp,simp,15344991,2020-09-28,False
simp,simp,15621204,2020-12-31,False
simp,simp,14784271,2020-03-08,False
simp,simp,15703353,2021-01-30,False
simp,simp,15372628,2020-10-08,False
simp,simp,15275126,2020-08-27,False
simp,simp,15663371,2021-01-15,False
simp,simp,15022313,2020-05-26,False
simp,simp,1866716,2006-07-17,False
simp,simp,13436367,2018-12-09,False
simp,simp,15845549,2021-03-21,False
simp,simp,14384948,2019-11-03,False
simp,simp,16007318,2021-05-19,False
simp,simp,14797271,2020-03-12,False
simp,simp,15362045,2020-10-04,False
simp,simp,15080190,2020-06-08,False
simp,simp,14825876,2020-03-24,False
simp,simp,15188101,2020-07-17,False
simp,simp,14747316,2020-02-24,False
simp,simp,14731047,2020-02-18,False
simp,simp,14847305,2020-03-31,False
simp,simp,14879937,2020-04-11,False
simp,simp,15221811,2020-08-02,False
simp,simp,17535091,2022-11-08,False
simp,simp,15018614,2020-05-25,False
simp,simp,14821283,2020-03-22,False
simp,simp,15446501,2020-11-03,False
simp,simp,1184436,2005-04-12,False
simp,simp,14721209,2020-02-14,False
simp,simp,14947034,2020-04-30,False
simp,simp,14784590,2020-03-08,False
simp,simp,14862957,2020-04-06,False
simp,simp,14855851,2020-04-03,False
simp,simp,14474433,2019-11-24,False
simp,simp,14755527,2020-02-27,False
simp,simp,15151759,2020-07-02,False
simp,simp,16987633,2022-02-12,False
simp,simp,14761062,2020-02-29,False
simp,simp,14973762,2020-05-09,False
simp,simp,15031368,2020-05-29,False
simp,simp,14508556,2019-12-04,False
simp,simp,14649464,2020-01-23,False
simp,simp,14767351,2020-03-02,False
simp,simp,14795161,2020-03-12,False
simp,simp,14827255,2020-03-24,False
simp,simp,14884164,2020-04-13,False
simp,simp,14934135,2020-04-26,False
simp,simp,14997171,2020-05-17,False
simp,simp,15035587,2020-05-30,False
simp,simp,15118032,2020-06-20,False
simp,simp,15253448,2020-08-17,False
simp,simp,15283997,2020-09-01,False
simp,simp,15288006,2020-09-03,False
stonks,stonks,14048692,2019-07-08,False
stonks,stonks,13992106,2019-06-14,False
stonks,stonks,14000879,2019-06-17,False
stonks,stonks,15191151,2020-07-19,False
stonks,stonks,14009576,2019-06-21,False
stonks,stonks,15158027,2020-07-05,False
stonks,stonks,14253243,2019-10-08,False
stonks,stonks,14394959,2019-11-05,False
stonks,stonks,14183000,2019-09-09,False
stonks,stonks,14000883,2019-06-17,False
stonks,stonks,14206274,2019-09-19,False
stonks,stonks,14439518,2019-11-15,False
stonks,stonks,17321651,2022-06-22,False
stonks,stonks,15350772,2020-09-30,False
stonks,stonks,14078628,2019-07-22,False
stonks,stonks,14024261,2019-06-27,False
stonks,stonks,4469073,2009-12-30,False
stonks,stonks,1709089,2006-05-04,False
stonks,stonks,14154886,2019-08-28,False
stonks,stonks,14543909,2019-12-14,False
stonks,stonks,15350773,2020-09-30,False
stonks,stonks,14753278,2020-02-26,False
stonks,stonks,14646830,2020-01-22,False
stonks,stonks,14454182,2019-11-19,False
stonks,stonks,14635586,2020-01-17,False
stonks,stonks,14643425,2020-01-21,False
stonks,stonks,14711207,2020-02-11,False
stonks,stonks,14847590,2020-04-01,False
stonks,stonks,15149301,2020-07-01,False
stonks,stonks,15341764,2020-09-26,False
stonks,stonks,15897661,2021-04-09,False
stonks,stonks,16354567,2021-10-05,False
stonks,stonks,16898548,2022-01-09,False
stonks,stonks,17033769,2022-03-01,False
stonks,stonks,17060774,2022-03-10,False
stonks,stonks,17205860,2022-05-04,False
stonks,stonks,17543692,2022-11-14,False
stonks,stonks,17619162,2023-01-06,False
poggers,poggers,15372823,2020-10-08,False
poggers,poggers,14888659,2020-04-14,False
poggers,poggers,12486683,2018-01-28,False
poggers,poggers,14787768,2020-03-09,False
poggers,poggers,15664685,2021-01-15,False
poggers,poggers,15628898,2021-01-03,False
poggers,poggers,13439173,2018-12-10,False
poggers,poggers,15241311,2020-08-11,False
poggers,poggers,15963025,2021-05-03,False
poggers,poggers,14982558,2020-05-12,False
poggers,poggers,15528216,2020-11-29,False
poggers,poggers,15491033,2020-11-16,False
poggers,poggers,15775344,2021-02-25,False
poggers,poggers,15307223,2020-09-11,False
poggers,poggers,15643677,2021-01-08,False
poggers,poggers,15112457,2020-06-18,False
poggers,poggers,15386218,2020-10-14,False
poggers,poggers,15260554,2020-08-20,False
poggers,poggers,15880280,2021-04-03,False
poggers,poggers,14845942,2020-03-31,False
poggers,poggers,15540580,2020-12-02,False
poggers,poggers,15352547,2020-10-01,False
poggers,poggers,14707792,2020-02-09,False
poggers,poggers,15138083,2020-06-27,False
poggers,poggers,13045024,2018-07-04,False
poggers,poggers,15473384,2020-11-11,False
poggers,poggers,15723674,2021-02-07,False
poggers,poggers,15734280,2021-02-10,False
poggers,poggers,15816509,2021-03-11,False
poggers,poggers,16118352,2021-06-21,False
poggers,poggers,15376798,2020-10-10,False
poggers,poggers,15838594,2021-03-19,False
poggers,poggers,17017623,2022-02-23,False
poggers,poggers,15422218,2020-10-26,False
poggers,poggers,14048589,2019-07-08,False
poggers,poggers,13045030,2018-07-04,False
poggers,poggers,12657007,2018-03-09,False
poggers,poggers,15298663,2020-09-07,False
poggers,poggers,15340498,2020-09-25,False
poggers,poggers,15534802,2020-12-01,False
poggers,poggers,15895512,2021-04-08,False
poggers,poggers,15897171,2021-04-09,False
poggers,poggers,15912588,2021-04-15,False
poggers,poggers,17446146,2022-09-07,False
poggers,poggers,15186916,2020-07-17,False
poggers,poggers,15461564,2020-11-07,False
poggers,poggers,16089250,2021-06-10,False
poggers,poggers,16351403,2021-10-03,False
poggers,poggers,14079228,2019-07-22,False
poggers,poggers,15443905,2020-11-02,False
poggers,poggers,15469593,2020-11-10,False
poggers,poggers,15772637,2021-02-24,False
poggers,poggers,15839579,2021-03-19,False
poggers,poggers,15991617,2021-05-14,False
poggers,poggers,15479982,2020-11-13,False
poggers,poggers,14944944,2020-04-29,False
poggers,poggers,15191368,2020-07-19,False
poggers,poggers,13428953,2018-12-06,False
poggers,poggers,15365828,2020-10-06,False
poggers,poggers,15377642,2020-10-10,False
poggers,poggers,15752298,2021-02-17,False
poggers,poggers,13093976,2018-07-26,False
poggers,poggers,15239784,2020-08-10,False
poggers,poggers,15295549,2020-09-06,False
poggers,poggers,15436425,2020-10-30,False
poggers,poggers,15534714,2020-12-01,False
poggers,poggers,15664107,2021-01-15,False
poggers,poggers,15892475,2021-04-07,False
poggers,poggers,15954688,2021-04-30,False
poggers,poggers,15347860,2020-09-29,False
poggers,poggers,15400230,2020-10-18,False
poggers,poggers,15400237,2020-10-18,False
poggers,poggers,15788221,2021-03-02,False
poggers,poggers,14676049,2020-01-31,False
poggers,poggers,15298672,2020-09-07,False
poggers,poggers,15415647,2020-10-23,False
poggers,poggers,15448341,2020-11-03,False
poggers,poggers,15703272,2021-01-30,False
poggers,poggers,15780087,2021-02-27,False
poggers,poggers,15420092,2020-10-25,False
poggers,poggers,15311222,2020-09-13,False
poggers,poggers,11613528,2017-05-26,False
poggers,poggers,15307566,2020-09-11,False
poggers,poggers,15411265,2020-10-22,False
poggers,poggers,15413416,2020-10-23,False
poggers,poggers,15414385,2020-10-23,False
poggers,poggers,15418013,2020-10-24,False
poggers,poggers,15452046,2020-11-04,False
poggers,poggers,15452054,2020-11-04,False
poggers,poggers,15501137,2020-11-19,False
poggers,poggers,15504654,2020-11-20,False
poggers,poggers,15508867,2020-11-22,False
poggers,poggers,15510856,2020-11-23,False
poggers,poggers,15525426,2020-11-28,False
poggers,poggers,15537626,2020-12-02,False
poggers,poggers,15548494,2020-12-05,False
poggers,poggers,15585693,2020-12-17,False
poggers,poggers,15590293,2020-12-19,False
poggers,poggers,15597271,2020-12-21,False
poggers,poggers,15603100,2020-12-23,False
poggers,poggers,15609997,2020-12-26,False
poggers,poggers,15611940,2020-12-27,False
poggers,poggers,15626409,2021-01-02,False
poggers,poggers,15637628,2021-01-06,False
poggers,poggers,15642566,2021-01-07,False
poggers,poggers,15644875,2021-01-08,False
poggers,poggers,15652602,2021-01-11,False
poggers,poggers,15658205,2021-01-13,False
poggers,poggers,15658662,2021-01-13,False
poggers,poggers,15666187,2021-01-16,False
poggers,poggers,15672076,2021-01-19,False
poggers,poggers,15689320,2021-01-25,False
poggers,poggers,15693383,2021-01-27,False
poggers,poggers,15694744,2021-01-27,False
poggers,poggers,15694745,2021-01-27,False
poggers,poggers,15703806,2021-01-30,False
poggers,poggers,15703900,2021-01-30,False
poggers,poggers,15711537,2021-02-02,False
poggers,poggers,15732319,2021-02-10,False
poggers,poggers,15733344,2021-02-10,False
poggers,poggers,15743382,2021-02-14,False
poggers,poggers,15751558,2021-02-17,False
poggers,poggers,15753495,2021-02-18,False
poggers,poggers,15765033,2021-02-22,False
poggers,poggers,15768823,2021-02-23,False
poggers,poggers,15771844,2021-02-24,False
poggers,poggers,15789017,2021-03-02,False
poggers,poggers,15816562,2021-03-11,False
poggers,poggers,15841999,2021-03-20,False
poggers,poggers,15842965,2021-03-20,False
poggers,poggers,15844264,2021-03-21,False
poggers,poggers,15846374,2021-03-21,False
poggers,poggers,15850045,2021-03-23,False
poggers,poggers,15868507,2021-03-29,False
poggers,poggers,15875639,2021-04-01,False
poggers,poggers,15880207,2021-04-03,False
poggers,poggers,15896874,2021-04-09,False
poggers,poggers,15902696,2021-04-11,False
poggers,poggers,15905026,2021-04-12,False
poggers,poggers,15917833,2021-04-17,False
poggers,poggers,15919822,2021-04-17,False
poggers,poggers,15939611,2021-04-25,False
poggers,poggers,15942298,2021-04-26,False
poggers,poggers,15959645,2021-05-02,False
poggers,poggers,15973736,2021-05-07,False
poggers,poggers,15980396,2021-05-10,False
poggers,poggers,15982662,2021-05-10,False
poggers,poggers,15991897,2021-05-14,False
poggers,poggers,15995021,2021-05-15,False
poggers,poggers,15996747,2021-05-16,False
poggers,poggers,16023033,2021-05-23,False
poggers,poggers,16056010,2021-06-02,False
poggers,poggers,16064243,2021-06-05,False
poggers,poggers,16096830,2021-06-12,False
poggers,poggers,16118220,2021-06-21,False
poggers,poggers,16147189,2021-07-01,False
poggers,poggers,16148499,2021-07-01,False
poggers,poggers,16159062,2021-07-06,False
poggers,poggers,16167472,2021-07-09,False
poggers,poggers,16179244,2021-07-13,False
poggers,poggers,16211079,2021-07-27,False
poggers,poggers,16216078,2021-07-29,False
poggers,poggers,16227159,2021-08-03,False
poggers,poggers,16254316,2021-08-18,False
poggers,poggers,16290658,2021-09-04,False
poggers,poggers,16328061,2021-09-21,False
poggers,poggers,16338841,2021-09-26,False
poggers,poggers,16407511,2021-11-02,False
poggers,poggers,16419540,2021-11-08,False
poggers,poggers,16427690,2021-11-12,False
poggers,poggers,16437875,2021-11-17,False
poggers,poggers,16442776,2021-11-19,False
poggers,poggers,16829380,2021-12-10,False
poggers,poggers,16864400,2021-12-26,False
poggers,poggers,16894534,2022-01-07,False
poggers,poggers,16970894,2022-02-06,False
poggers,poggers,16980684,2022-02-09,False
poggers,poggers,17004504,2022-02-18,False
poggers,poggers,17017967,2022-02-23,False
poggers,poggers,17018306,2022-02-23,False
poggers,poggers,17043746,2022-03-05,False
poggers,poggers,17052245,2022-03-07,False
poggers,poggers,17063008,2022-03-11,False
poggers,poggers,17063045,2022-03-11,False
poggers,poggers,17102746,2022-03-26,False
poggers,poggers,17181144,2022-04-25,False
poggers,poggers,17187491,2022-04-27,False
poggers,poggers,17227360,2022-05-12,False
poggers,poggers,17239254,2022-05-16,False
poggers,poggers,17298569,2022-06-10,False
poggers,poggers,17391480,2022-08-02,False
poggers,poggers,17401366,2022-08-08,False
poggers,poggers,17401906,2022-08-08,False
poggers,poggers,17433436,2022-08-30,False
poggers,poggers,17455866,2022-09-14,False
poggers,poggers,17517459,2022-10-28,False
poggers,poggers,17521167,2022-10-31,False
poggers,poggers,17537836,2022-11-10,False
poggers,poggers,17553796,2022-11-20,False
poggers,poggers,17574896,2022-12-04,False
poggers,poggers,17599391,2022-12-21,False
poggers,poggers,17652851,2023-02-01,False
poggers,poggers,17761525,2023-04-22,False
poggers,poggers,17800299,2023-05-24,False
poggers,poggers,17946736,2023-10-10,False
poggers,poggers,18095028,2024-02-02,False
poggers,poggers,18187476,2024-04-09,False
poggers,poggers,18202131,2024-04-24,False
poggers,poggers,18557612,2025-10-15,False
no cap,no cap,15274482,2020-08-27,False
no cap,no cap,12941023,2018-06-08,False
no cap,no cap,14573058,2019-12-24,False
no cap,no cap,11288204,2017-03-18,False
no cap,no cap,12575205,2018-02-18,False
no cap,no cap,13269556,2018-10-14,False
no cap,no cap,14686090,2020-02-03,False
no cap,no cap,13935362,2019-05-26,False
no cap,no cap,12962626,2018-06-11,False
no cap,no cap,13414029,2018-12-01,False
no cap,no cap,14774496,2020-03-04,False
no cap,no cap,12969788,2018-06-12,False
no cap,no cap,15110055,2020-06-17,False
no cap,no cap,13810860,2019-04-15,False
no cap,no cap,13392066,2018-11-25,False
no cap,no cap,13861568,2019-04-30,False
no cap,no cap,14432479,2019-11-13,False
no cap,no cap,13712623,2019-03-14,False
no cap,no cap,14043936,2019-07-06,False
no cap,no cap,16210302,2021-07-26,False
no cap,no cap,13501248,2019-01-05,False
no cap,no cap,13645167,2019-02-22,False
no cap,no cap,14803622,2020-03-15,False
no cap,no cap,15404498,2020-10-20,False
no cap,no cap,13923829,2019-05-22,False
no cap,no cap,15005690,2020-05-20,False
no cap,no cap,13210396,2018-09-21,False
no cap,no cap,15789967,2021-03-03,False
no cap,no cap,13578630,2019-02-01,False
no cap,no cap,14897775,2020-04-16,False
no cap,no cap,13186729,2018-09-10,False
no cap,no cap,13771083,2019-04-02,False
no cap,no cap,15304549,2020-09-10,False
no cap,no cap,17109189,2022-03-29,False
no cap,no cap,13630884,2019-02-18,False
no cap,no cap,14031933,2019-06-30,False
no cap,no cap,14053912,2019-07-10,False
no cap,no cap,13881334,2019-05-07,False
no cap,no cap,13264969,2018-10-12,False
no cap,no cap,13220795,2018-09-25,False
no cap,no cap,14398631,2019-11-06,False
no cap,no cap,13293874,2018-10-23,False
no cap,no cap,13869900,2019-05-03,False
no cap,no cap,14054042,2019-07-10,False
no cap,no cap,12906720,2018-06-04,False
no cap,no cap,17172104,2022-04-21,False
no cap,no cap,12962561,2018-06-11,False
no cap,no cap,13386880,2018-11-23,False
no cap,no cap,14203439,2019-09-18,False
no cap,no cap,14347080,2019-10-27,False
no cap,no cap,14510511,2019-12-04,False
no cap,no cap,13815728,2019-04-16,False
no cap,no cap,13543521,2019-01-21,False
no cap,no cap,13325261,2018-11-04,False
no cap,no cap,13496443,2019-01-03,False
no cap,no cap,14052837,2019-07-10,False
no cap,no cap,13815404,2019-04-16,False
no cap,no cap,13496013,2019-01-03,False
no cap,no cap,13501279,2019-01-05,False
no cap,no cap,13646193,2019-02-22,False
no cap,no cap,13659481,2019-02-26,False
no cap,no cap,13726354,2019-03-19,False
no cap,no cap,14010707,2019-06-21,False
no cap,no cap,14021333,2019-06-25,False
no cap,no cap,14070077,2019-07-18,False
no cap,no cap,14210200,2019-09-21,False
no cap,no cap,14240894,2019-10-03,False
no cap,no cap,14275336,2019-10-14,False
no cap,no cap,14311543,2019-10-20,False
no cap,no cap,14328528,2019-10-23,False
no cap,no cap,14396538,2019-11-05,False
no cap,no cap,14534507,2019-12-11,False
no cap,no cap,14575062,2019-12-25,False
no cap,no cap,14628751,2020-01-15,False
no cap,no cap,14671168,2020-01-30,False
no cap,no cap,14684473,2020-02-03,False
no cap,no cap,14744210,2020-02-23,False
no cap,no cap,14762255,2020-02-29,False
no cap,no cap,14904509,2020-04-17,False
no cap,no cap,15163535,2020-07-07,False
no cap,no cap,15378844,2020-10-11,False
no cap,no cap,15394329,2020-10-16,False
no cap,no cap,15435265,2020-10-30,False
no cap,no cap,15447411,2020-11-03,False
no cap,no cap,15517233,2020-11-25,False
no cap,no cap,15775573,2021-02-25,False
no cap,no cap,15781665,2021-02-28,False
no cap,no cap,15846064,2021-03-21,False
no cap,no cap,15926459,2021-04-20,False
no cap,no cap,15965126,2021-05-04,False
no cap,no cap,15989731,2021-05-13,False
no cap,no cap,16153589,2021-07-03,False
no cap,no cap,16173618,2021-07-11,False
no cap,no cap,16254179,2021-08-18,False
no cap,no cap,16310406,2021-09-12,False
no cap,no cap,16311888,2021-09-12,False
no cap,no cap,16375257,2021-10-14,False
no cap,no cap,16869126,2021-12-28,False
no cap,no cap,16971333,2022-02-06,False
no cap,no cap,16986485,2022-02-11,False
no cap,no cap,17038534,2022-03-03,False
no cap,no cap,17225836,2022-05-11,False
no cap,no cap,17292825,2022-06-07,False
no cap,no cap,17313274,2022-06-17,False
no cap,no cap,17345248,2022-07-05,False
no cap,no cap,17438519,2022-09-03,False
no cap,no cap,17443414,2022-09-06,False
no cap,no cap,17681236,2023-02-22,False
no cap,no cap,17711638,2023-03-14,False
no cap,no cap,17792281,2023-05-17,False
no cap,no cap,17827071,2023-06-16,False
no cap,no cap,18274555,2024-07-19,False
no cap,no cap,18396387,2024-12-25,False
no cap,no cap,18498599,2025-06-04,False
no cap,no cap,18650926,2026-05-28,False
cap,cap,15963203,2021-05-03,False
cap,cap,17081453,2022-03-18,False
cap,cap,545421,2004-03-07,False
cap,cap,13784937,2019-04-07,False
cap,cap,889984,2004-11-08,False
cap,cap,15153811,2020-07-03,False
cap,cap,17317405,2022-06-20,False
cap,cap,16282676,2021-09-01,False
cap,cap,53499,2003-03-09,False
cap,cap,4077335,2009-06-29,False
cap,cap,6015363,2011-08-17,False
cap,cap,15628974,2021-01-03,False
cap,cap,3277547,2008-10-07,False
cap,cap,2189930,2007-01-12,False
cap,cap,15094613,2020-06-12,False
cap,cap,17088715,2022-03-21,False
cap,cap,17109153,2022-03-29,False
cap,cap,8062207,2015-01-19,False
cap,cap,2436093,2007-06-13,False
cap,cap,6106765,2011-09-29,False
cap,cap,196690,2003-07-29,False
cap,cap,13752832,2019-03-27,False
cap,cap,101470,2003-04-20,False
cap,cap,3070500,2008-05-08,False
cap,cap,13955079,2019-06-01,False
cap,cap,15709388,2021-02-01,False
cap,cap,3954446,2009-05-10,False
cap,cap,191424,2003-07-23,False
cap,cap,123500,2003-05-10,False
cap,cap,1339249,2005-07-06,False
cap,cap,14267847,2019-10-12,False
cap,cap,3256141,2008-08-27,False
cap,cap,13655544,2019-02-25,False
cap,cap,178331,2003-07-10,False
cap,cap,310223,2003-10-23,False
cap,cap,1432033,2005-09-21,False
cap,cap,6835874,2012-11-20,False
cap,cap,281359,2003-10-08,False
cap,cap,299071,2003-10-18,False
cap,cap,1940970,2006-08-27,False
cap,cap,336326,2003-11-06,False
cap,cap,763059,2004-07-19,False
cap,cap,3631026,2009-01-16,False
cap,cap,586987,2004-03-30,False
cap,cap,12152651,2017-11-11,False
cap,cap,12277875,2017-12-13,False
cap,cap,12978435,2018-06-13,False
cap,cap,13435761,2018-12-09,False
cap,cap,13853629,2019-04-28,False
cap,cap,14049348,2019-07-08,False
cap,cap,14220061,2019-09-25,False
cap,cap,14292580,2019-10-17,False
cap,cap,14295600,2019-10-17,False
cap,cap,14595514,2020-01-02,False
cap,cap,14850892,2020-04-02,False
cap,cap,15333640,2020-09-22,False
cap,cap,15463216,2020-11-08,False
cap,cap,15501117,2020-11-19,False
cap,cap,15581265,2020-12-16,False
cap,cap,15581266,2020-12-16,False
cap,cap,15698795,2021-01-28,False
cap,cap,15745089,2021-02-15,False
cap,cap,15801511,2021-03-07,False
cap,cap,15850066,2021-03-23,False
cap,cap,15926916,2021-04-20,False
cap,cap,16366435,2021-10-10,False
cap,cap,16367588,2021-10-11,False
cap,cap,16913060,2022-01-15,False
cap,cap,16961145,2022-02-02,False
cap,cap,17176160,2022-04-23,False
cap,cap,17337766,2022-06-30,False
cap,cap,17656952,2023-02-04,False
cap,cap,17744452,2023-04-08,False
cap,cap,3042611,2008-04-28,False
cap,cap,14744058,2020-02-23,False
cap,cap,14965557,2020-05-06,False
cap,cap,15807214,2021-03-08,False
cap,cap,4326567,2009-10-28,False
cap,cap,13383,2002-12-04,False
cap,cap,215445,2003-08-15,False
cap,cap,13491464,2019-01-01,False
cap,cap,13916101,2019-05-19,False
cap,cap,15002621,2020-05-19,False
cap,cap,17368894,2022-07-19,False
cap,cap,178334,2003-07-10,False
cap,cap,247834,2003-09-11,False
cap,cap,1996659,2006-09-26,False
cap,cap,359551,2003-11-20,False
cap,cap,1061639,2005-06-17,False
cap,cap,648470,2004-05-02,False
cap,cap,2417124,2007-05-31,False
cap,cap,4190807,2009-08-21,False
cap,cap,79619,2003-04-01,False
cap,cap,68409,2003-03-23,False
cap,cap,428612,2004-01-05,False
cap,cap,2034905,2006-10-17,False
cap,cap,11152050,2017-03-07,False
cap,cap,126224,2003-05-13,False
cap,cap,950134,2004-12-16,False
cap,cap,7095,2002-10-23,False
cap,cap,2668589,2007-11-24,False
cap,cap,5053080,2010-06-25,False
cap,cap,14262284,2019-10-10,False
cap,cap,8362397,2015-08-08,False
cap,cap,11031740,2017-02-12,False
cap,cap,13900250,2019-05-13,False
cap,cap,14399526,2019-11-06,False
cap,cap,15281071,2020-08-30,False
cap,cap,15821477,2021-03-13,False
cap,cap,16037188,2021-05-27,False
cap,cap,2422718,2007-06-07,False
cap,cap,5635215,2011-03-26,False
cap,cap,1400077,2005-08-30,False
cap,cap,192105,2003-07-24,False
cap,cap,4143623,2009-07-30,False
cap,cap,271798,2003-10-01,False
cap,cap,3166877,2008-07-07,False
cap,cap,14608313,2020-01-07,False
cap,cap,16006086,2021-05-19,False
cap,cap,2195303,2007-01-14,False
cap,cap,133351,2003-05-20,False
cap,cap,408903,2003-12-23,False
cap,cap,2525983,2009-01-01,False
cap,cap,2385671,2007-05-04,False
cap,cap,1061123,2005-02-14,False
cap,cap,1454734,2005-10-03,False
cap,cap,247829,2003-09-11,False
cap,cap,3291426,2008-10-13,False
cap,cap,3869884,2009-04-08,False
cap,cap,4194872,2009-08-25,False
cap,cap,5513186,2011-01-15,False
cap,cap,7992127,2014-12-04,False
cap,cap,8083654,2015-02-02,False
cap,cap,11052492,2017-02-16,False
cap,cap,11053361,2017-02-16,False
cap,cap,11680652,2017-06-12,False
cap,cap,12508518,2018-02-02,False
cap,cap,12576653,2018-02-18,False
cap,cap,12987466,2018-06-14,False
cap,cap,12997932,2018-06-16,False
cap,cap,13515853,2019-01-10,False
cap,cap,13620338,2019-02-15,False
cap,cap,13828504,2019-04-20,False
cap,cap,13883961,2019-05-08,False
cap,cap,14074540,2019-07-20,False
cap,cap,14114502,2019-08-09,False
cap,cap,14258870,2019-10-09,False
cap,cap,14268850,2019-10-13,False
cap,cap,14278702,2019-10-15,False
cap,cap,14515373,2019-12-06,False
cap,cap,14519184,2019-12-07,False
cap,cap,14519512,2019-12-07,False
cap,cap,14526728,2019-12-09,False
cap,cap,14548520,2019-12-16,False
cap,cap,14548526,2019-12-16,False
cap,cap,14677498,2020-02-01,False
cap,cap,14682724,2020-02-02,False
cap,cap,14703427,2020-02-08,False
cap,cap,14711426,2020-02-11,False
cap,cap,14728026,2020-02-17,False
cap,cap,14757156,2020-02-27,False
cap,cap,14783696,2020-03-08,False
cap,cap,14802007,2020-03-14,False
cap,cap,14802012,2020-03-14,False
cap,cap,14929993,2020-04-24,False
cap,cap,14977085,2020-05-10,False
cap,cap,15116474,2020-06-19,False
cap,cap,15131119,2020-06-24,False
cap,cap,15133196,2020-06-25,False
cap,cap,15149373,2020-07-01,False
cap,cap,15177293,2020-07-13,False
cap,cap,15200153,2020-07-23,False
cap,cap,15215725,2020-07-30,False
cap,cap,15292384,2020-09-05,False
cap,cap,15333516,2020-09-22,False
cap,cap,15339887,2020-09-25,False
cap,cap,15367031,2020-10-06,False
cap,cap,15374722,2020-10-09,False
cap,cap,15383854,2020-10-13,False
cap,cap,15398947,2020-10-18,False
cap,cap,15409063,2020-10-21,False
cap,cap,15445216,2020-11-02,False
cap,cap,15449811,2020-11-04,False
cap,cap,15451091,2020-11-04,False
cap,cap,15467938,2020-11-09,False
cap,cap,15468082,2020-11-09,False
cap,cap,15481317,2020-11-13,False
cap,cap,15482010,2020-11-13,False
cap,cap,15543468,2020-12-03,False
cap,cap,15544395,2020-12-03,False
cap,cap,15548999,2020-12-05,False
cap,cap,15559473,2020-12-08,False
cap,cap,15574513,2020-12-14,False
cap,cap,15599933,2020-12-22,False
cap,cap,15610000,2020-12-26,False
cap,cap,15615410,2020-12-29,False
cap,cap,15639709,2021-01-06,False
cap,cap,15640616,2021-01-07,False
cap,cap,15676321,2021-01-20,False
cap,cap,15680255,2021-01-21,False
cap,cap,15710959,2021-02-02,False
cap,cap,15745872,2021-02-15,False
cap,cap,15748900,2021-02-16,False
cap,cap,15782340,2021-02-28,False
cap,cap,15859803,2021-03-26,False
cap,cap,15864664,2021-03-28,False
cap,cap,15870936,2021-03-30,False
cap,cap,15884165,2021-04-04,False
cap,cap,15886720,2021-04-05,False
cap,cap,15917911,2021-04-17,False
cap,cap,15930715,2021-04-21,False
cap,cap,16039270,2021-05-28,False
cap,cap,16061991,2021-06-04,False
cap,cap,16067840,2021-06-06,False
cap,cap,16083251,2021-06-08,False
cap,cap,16086480,2021-06-09,False
cap,cap,16089877,2021-06-10,False
cap,cap,16091690,2021-06-10,False
cap,cap,16099006,2021-06-13,False
cap,cap,16102731,2021-06-15,False
cap,cap,16123409,2021-06-22,False
cap,cap,16138281,2021-06-28,False
cap,cap,16181616,2021-07-14,False
cap,cap,16209114,2021-07-26,False
cap,cap,16240433,2021-08-11,False
cap,cap,16262261,2021-08-22,False
cap,cap,16297570,2021-09-06,False
cap,cap,16297836,2021-09-06,False
cap,cap,16353640,2021-10-04,False
cap,cap,16355653,2021-10-05,False
cap,cap,16367697,2021-10-11,False
cap,cap,16369132,2021-10-12,False
cap,cap,16370205,2021-10-12,False
cap,cap,16384341,2021-10-18,False
cap,cap,16392480,2021-10-21,False
cap,cap,16411778,2021-11-04,False
cap,cap,16419098,2021-11-08,False
cap,cap,16431530,2021-11-14,False
cap,cap,16440014,2021-11-17,False
cap,cap,16634534,2021-11-23,False
cap,cap,16697095,2021-11-23,False
cap,cap,16802210,2021-12-01,False
cap,cap,16851093,2021-12-19,False
cap,cap,16864689,2021-12-26,False
cap,cap,16887644,2022-01-05,False
cap,cap,16910732,2022-01-14,False
cap,cap,16930914,2022-01-21,False
cap,cap,16944046,2022-01-26,False
cap,cap,16951678,2022-01-29,False
cap,cap,16954442,2022-01-30,False
cap,cap,16962598,2022-02-02,False
cap,cap,16982779,2022-02-10,False
cap,cap,16983287,2022-02-10,False
cap,cap,17006848,2022-02-19,False
cap,cap,17012739,2022-02-21,False
cap,cap,17021704,2022-02-24,False
cap,cap,17029585,2022-02-28,False
cap,cap,17057116,2022-03-09,False
cap,cap,17065276,2022-03-12,False
cap,cap,17065299,2022-03-12,False
cap,cap,17066342,2022-03-12,False
cap,cap,17083391,2022-03-19,False
cap,cap,17101011,2022-03-25,False
cap,cap,17102942,2022-03-26,False
cap,cap,17106574,2022-03-28,False
cap,cap,17107515,2022-03-28,False
cap,cap,17118926,2022-04-01,False
cap,cap,17128348,2022-04-05,False
cap,cap,17150392,2022-04-13,False
cap,cap,17160055,2022-04-17,False
cap,cap,17161532,2022-04-18,False
cap,cap,17168608,2022-04-20,False
cap,cap,17174161,2022-04-22,False
cap,cap,17237010,2022-05-15,False
cap,cap,17250510,2022-05-20,False
cap,cap,17255574,2022-05-22,False
cap,cap,17260582,2022-05-24,False
cap,cap,17278651,2022-06-01,False
cap,cap,17281186,2022-06-02,False
cap,cap,17286811,2022-06-05,False
cap,cap,17289453,2022-06-06,False
cap,cap,17308557,2022-06-15,False
cap,cap,17320031,2022-06-21,False
cap,cap,17329129,2022-06-26,False
cap,cap,17341715,2022-07-03,False
cap,cap,17343307,2022-07-04,False
cap,cap,17384820,2022-07-28,False
cap,cap,17393273,2022-08-03,False
cap,cap,17396104,2022-08-04,False
cap,cap,17406881,2022-08-12,False
cap,cap,17423707,2022-08-24,False
cap,cap,17436382,2022-09-01,False
cap,cap,17458731,2022-09-16,False
cap,cap,17465384,2022-09-21,False
cap,cap,17466348,2022-09-21,False
cap,cap,17473341,2022-09-27,False
cap,cap,17480780,2022-10-02,False
cap,cap,17507802,2022-10-21,False
cap,cap,17544798,2022-11-14,False
cap,cap,17549053,2022-11-17,False
cap,cap,17576126,2022-12-05,False
cap,cap,17603575,2022-12-25,False
cap,cap,17604059,2022-12-26,False
cap,cap,17662905,2023-02-08,False
cap,cap,17686974,2023-02-26,False
cap,cap,17698317,2023-03-05,False
cap,cap,17706221,2023-03-10,False
cap,cap,17716400,2023-03-17,False
cap,cap,17718855,2023-03-19,False
cap,cap,17735451,2023-04-01,False
cap,cap,17742197,2023-04-06,False
cap,cap,17757244,2023-04-18,False
cap,cap,17763761,2023-04-24,False
cap,cap,17781114,2023-05-08,False
cap,cap,17799011,2023-05-23,False
cap,cap,17801938,2023-05-25,False
cap,cap,17854567,2023-07-11,False
cap,cap,17878044,2023-08-03,False
cap,cap,17884659,2023-08-10,False
cap,cap,17895022,2023-08-21,False
cap,cap,17939595,2023-10-03,False
cap,cap,17939604,2023-10-03,False
cap,cap,17942973,2023-10-06,False
cap,cap,17969297,2023-11-01,False
cap,cap,18029896,2023-11-28,False
cap,cap,18038899,2023-12-06,False
cap,cap,18053368,2023-12-19,False
cap,cap,18096558,2024-02-03,False
cap,cap,18099915,2024-02-07,False
cap,cap,18111310,2024-02-18,False
cap,cap,18111295,2024-02-18,False
cap,cap,18163028,2024-03-14,False
cap,cap,18186694,2024-04-08,False
cap,cap,18204609,2024-04-27,False
cap,cap,18268925,2024-07-11,False
cap,cap,18295730,2024-08-17,False
cap,cap,18381082,2024-12-03,False
cap,cap,18381085,2024-12-03,False
cap,cap,18475039,2025-04-24,False
cap,cap,18498593,2025-06-04,False
cap,cap,18542264,2025-09-08,False
cap,cap,18740450,2026-09-16,False
cap,🧢,14265979,2019-10-12,False
cap,🧢,13698430,2019-03-10,False
cap,🧢,14251118,2019-10-07,False
cap,🧢,16184647,2021-07-15,False
cap,🧢,15054110,2020-06-02,False
bussin,bussin,12298898,2017-12-17,False
bussin,bussin,15655602,2021-01-12,False
bussin,bussin,17420980,2022-08-22,False
bussin,bussin,15835884,2021-03-18,False
bussin,bussin,15883998,2021-04-04,False
bussin,bussin,15993813,2021-05-15,False
bussin,bussin,15844768,2021-03-21,False
bussin,bussin,15881792,2021-04-03,False
bussin,bussin,14387730,2019-11-04,False
bussin,bussin,16430432,2021-11-13,False
bussin,bussin,1917424,2006-08-14,False
bussin,bussin,8391746,2015-09-13,False
bussin,bussin,16024297,2021-05-23,False
bussin,bussin,15969745,2021-05-05,False
bussin,bussin,10206331,2016-09-08,False
bussin,bussin,15981934,2021-05-10,False
bussin,bussin,15733119,2021-02-10,False
bussin,bussin,4886446,2010-04-14,False
bussin,bussin,14090628,2019-07-28,False
bussin,bussin,15951557,2021-04-29,False
bussin,bussin,17210337,2022-05-05,False
bussin,bussin,15908143,2021-04-13,False
bussin,bussin,12251148,2017-12-06,False
bussin,bussin,3899274,2009-04-25,False
bussin,bussin,14867629,2020-04-07,False
bussin,bussin,15906915,2021-04-13,False
bussin,bussin,15983317,2021-05-11,False
bussin,bussin,16842616,2021-12-15,False
bussin,bussin,17315582,2022-06-19,False
bussin,bussin,16839047,2021-12-14,False
bussin,bussin,15887246,2021-04-05,False
bussin,bussin,15934433,2021-04-23,False
bussin,bussin,16839059,2021-12-14,False
bussin,bussin,16923542,2022-01-19,False
bussin,bussin,15822455,2021-03-13,False
bussin,bussin,14978010,2020-05-10,False
bussin,bussin,17031481,2022-02-28,False
bussin,bussin,12926596,2018-06-06,False
bussin,bussin,16338850,2021-09-26,False
bussin,bussin,12777106,2018-05-19,False
bussin,bussin,15916780,2021-04-16,False
bussin,bussin,15824589,2021-03-14,False
bussin,bussin,15942605,2021-04-26,False
bussin,bussin,15701694,2021-01-29,False
bussin,bussin,15860551,2021-03-26,False
bussin,bussin,16011096,2021-05-20,False
bussin,bussin,17044583,2022-03-05,False
bussin,bussin,17241067,2022-05-17,False
bussin,bussin,15826474,2021-03-15,False
bussin,bussin,15847993,2021-03-22,False
bussin,bussin,15925940,2021-04-20,False
bussin,bussin,12913915,2018-06-05,False
bussin,bussin,15849925,2021-03-23,False
bussin,bussin,12852372,2018-05-28,False
bussin,bussin,13831654,2019-04-21,False
bussin,bussin,14504341,2019-12-03,False
bussin,bussin,15152333,2020-07-02,False
bussin,bussin,15476937,2020-11-12,False
bussin,bussin,15512145,2020-11-23,False
bussin,bussin,15740797,2021-02-13,False
bussin,bussin,15764461,2021-02-22,False
bussin,bussin,15798595,2021-03-05,False
bussin,bussin,15806895,2021-03-08,False
bussin,bussin,15808882,2021-03-09,False
bussin,bussin,15850134,2021-03-23,False
bussin,bussin,15859852,2021-03-26,False
bussin,bussin,15859858,2021-03-26,False
bussin,bussin,15860371,2021-03-26,False
bussin,bussin,15913921,2021-04-15,False
bussin,bussin,15918618,2021-04-17,False
bussin,bussin,15927773,2021-04-20,False
bussin,bussin,15935891,2021-04-23,False
bussin,bussin,15937949,2021-04-24,False
bussin,bussin,15955762,2021-04-30,False
bussin,bussin,15957140,2021-05-01,False
bussin,bussin,15968906,2021-05-05,False
bussin,bussin,15969463,2021-05-05,False
bussin,bussin,15973380,2021-05-07,False
bussin,bussin,15975658,2021-05-08,False
bussin,bussin,15982450,2021-05-10,False
bussin,bussin,16007486,2021-05-19,False
bussin,bussin,16016845,2021-05-21,False
bussin,bussin,16047398,2021-05-31,False
bussin,bussin,16049743,2021-06-01,False
bussin,bussin,16056653,2021-06-03,False
bussin,bussin,16078501,2021-06-08,False
bussin,bussin,16124246,2021-06-23,False
bussin,bussin,16154179,2021-07-04,False
bussin,bussin,16169438,2021-07-09,False
bussin,bussin,16189004,2021-07-17,False
bussin,bussin,16195571,2021-07-20,False
bussin,bussin,16268736,2021-08-25,False
bussin,bussin,16355964,2021-10-05,False
bussin,bussin,16406339,2021-11-02,False
bussin,bussin,16430189,2021-11-13,False
bussin,bussin,16463051,2021-11-21,False
bussin,bussin,16668119,2021-11-23,False
bussin,bussin,16806224,2021-12-02,False
bussin,bussin,16826197,2021-12-09,False
bussin,bussin,16847057,2021-12-17,False
bussin,bussin,16877630,2021-12-31,False
bussin,bussin,16881660,2022-01-02,False
bussin,bussin,16931637,2022-01-22,False
bussin,bussin,16941270,2022-01-25,False
bussin,bussin,16944412,2022-01-26,False
bussin,bussin,16952490,2022-01-30,False
bussin,bussin,16976397,2022-02-08,False
bussin,bussin,16978584,2022-02-09,False
bussin,bussin,17031469,2022-02-28,False
bussin,bussin,17089734,2022-03-21,False
bussin,bussin,17125196,2022-04-04,False
bussin,bussin,17183356,2022-04-25,False
bussin,bussin,17204859,2022-05-03,False
bussin,bussin,17224251,2022-05-10,False
bussin,bussin,17248328,2022-05-19,False
bussin,bussin,17303485,2022-06-13,False
bussin,bussin,17315228,2022-06-19,False
bussin,bussin,17324812,2022-06-23,False
bussin,bussin,17342874,2022-07-03,False
bussin,bussin,17347091,2022-07-06,False
bussin,bussin,17356369,2022-07-11,False
bussin,bussin,17394864,2022-08-04,False
bussin,bussin,17413073,2022-08-16,False
bussin,bussin,17426809,2022-08-26,False
bussin,bussin,17450895,2022-09-11,False
bussin,bussin,17467537,2022-09-22,False
bussin,bussin,17519378,2022-10-29,False
bussin,bussin,17595620,2022-12-19,False
bussin,bussin,17624903,2023-01-11,False
bussin,bussin,17632289,2023-01-17,False
bussin,bussin,17641658,2023-01-24,False
bussin,bussin,17651242,2023-01-31,False
bussin,bussin,17705276,2023-03-10,False
bussin,bussin,17773101,2023-05-02,False
bussin,bussin,17840816,2023-06-28,False
bussin,bussin,17882605,2023-08-08,False
bussin,bussin,17915620,2023-09-11,False
bussin,bussin,18045493,2023-12-12,False
bussin,bussin,18055385,2023-12-21,False
bussin,bussin,18059631,2023-12-27,False
bussin,bussin,18069256,2024-01-06,False
bussin,bussin,18113967,2024-02-20,False
bussin,bussin,18145638,2024-02-26,False
bussin,bussin,18174643,2024-03-25,False
bussin,bussin,18182323,2024-04-03,False
bussin,bussin,18282627,2024-07-30,False
bussin,bussin,18502205,2025-06-11,False
bussin,bussin,18512565,2025-07-05,False
bussin,bussin,18513577,2025-07-08,False
sus,sus,15452990,2020-11-05,False
sus,sus,15748041,2021-02-16,False
sus,sus,10255716,2016-09-18,False
sus,sus,14093138,2019-07-29,False
sus,sus,16118812,2021-06-21,False
sus,sus,15537818,2020-12-02,False
sus,sus,12069736,2017-10-18,False
sus,sus,15414005,2020-10-23,False
sus,sus,15446082,2020-11-03,False
sus,sus,15874713,2021-03-31,False
sus,sus,17515412,2022-10-26,False
sus,sus,12830443,2018-05-25,False
sus,sus,16103025,2021-06-15,False
sus,sus,16839390,2021-12-14,False
sus,sus,13531369,2019-01-16,False
sus,sus,15578125,2020-12-15,False
sus,sus,16389917,2021-10-20,False
sus,sus,15726642,2021-02-08,False
sus,sus,3218629,2008-08-06,False
sus,sus,6839408,2012-11-27,False
sus,sus,13099607,2018-07-28,False
sus,sus,15796456,2021-03-05,False
sus,sus,15991115,2021-05-14,False
sus,sus,16383683,2021-10-18,False
sus,sus,17691466,2023-03-01,False
sus,sus,15274709,2020-08-27,False
sus,sus,15436427,2020-10-30,False
sus,sus,15888116,2021-04-06,False
sus,sus,17134905,2022-04-07,False
sus,sus,15661512,2021-01-14,False
sus,sus,213992,2003-08-14,False
sus,sus,16351186,2021-10-03,False
sus,sus,12729653,2018-03-23,False
sus,sus,15415589,2020-10-23,False
sus,sus,17212560,2022-05-06,False
sus,sus,15431142,2020-10-28,False
sus,sus,16246038,2021-08-14,False
sus,sus,16350279,2021-10-03,False
sus,sus,16978819,2022-02-09,False
sus,sus,17282015,2022-06-02,False
sus,sus,7759464,2014-05-19,False
sus,sus,10267554,2016-09-21,False
sus,sus,15348375,2020-09-29,False
sus,sus,15789062,2021-03-02,False
sus,sus,15373653,2020-10-09,False
sus,sus,6840026,2012-11-27,False
sus,sus,15101298,2020-06-14,False
sus,sus,15767496,2021-02-23,False
sus,sus,15815720,2021-03-11,False
sus,sus,4133424,2009-07-25,False
sus,sus,13775096,2019-04-03,False
sus,sus,16000563,2021-05-17,False
sus,sus,16033123,2021-05-26,False
sus,sus,5294767,2010-10-21,False
sus,sus,5176353,2010-08-24,False
sus,sus,7361169,2013-11-26,False
sus,sus,12820687,2018-05-24,False
sus,sus,12701716,2018-05-12,False
sus,sus,15329405,2020-09-21,False
sus,sus,15353323,2020-10-01,False
sus,sus,15497382,2020-11-18,False
sus,sus,15736314,2021-02-11,False
sus,sus,16270530,2021-08-26,False
sus,sus,16340166,2021-09-27,False
sus,sus,16841939,2021-12-15,False
sus,sus,16920051,2022-01-18,False
sus,sus,16990435,2022-02-13,False
sus,sus,17365325,2022-07-17,False
sus,sus,17445234,2022-09-07,False
sus,sus,15340314,2020-09-25,False
sus,sus,16017754,2021-05-21,False
sus,sus,15367310,2020-10-06,False
sus,sus,15385170,2020-10-13,False
sus,sus,13531367,2019-01-16,False
sus,sus,15481860,2020-11-13,False
sus,sus,15643433,2021-01-08,False
sus,sus,15381053,2020-10-12,False
sus,sus,14382238,2019-11-03,False
sus,sus,15484837,2020-11-14,False
sus,sus,15851789,2021-03-23,False
sus,sus,16841905,2021-12-15,False
sus,sus,9733627,2016-05-17,False
sus,sus,7095419,2013-06-24,False
sus,sus,13136205,2018-08-15,False
sus,sus,14051332,2019-07-09,False
sus,sus,15291929,2020-09-04,False
sus,sus,15296778,2020-09-07,False
sus,sus,15318669,2020-09-16,False
sus,sus,15331927,2020-09-22,False
sus,sus,15334294,2020-09-23,False
sus,sus,15346816,2020-09-28,False
sus,sus,15359549,2020-10-03,False
sus,sus,15364719,2020-10-05,False
sus,sus,15365110,2020-10-06,False
sus,sus,15372802,2020-10-08,False
sus,sus,15375064,2020-10-09,False
sus,sus,15375498,2020-10-09,False
sus,sus,15386724,2020-10-14,False
sus,sus,15399566,2020-10-18,False
sus,sus,15403629,2020-10-19,False
sus,sus,15433440,2020-10-29,False
sus,sus,15554679,2020-12-07,False
sus,sus,15644096,2021-01-08,False
sus,sus,15665196,2021-01-16,False
sus,sus,15674902,2021-01-20,False
sus,sus,15752114,2021-02-17,False
sus,sus,15752505,2021-02-17,False
sus,sus,15817122,2021-03-11,False
sus,sus,15826213,2021-03-15,False
sus,sus,15829622,2021-03-16,False
sus,sus,15858672,2021-03-25,False
sus,sus,15875111,2021-03-31,False
sus,sus,15927793,2021-04-20,False
sus,sus,15935011,2021-04-23,False
sus,sus,15935725,2021-04-23,False
sus,sus,15961511,2021-05-03,False
sus,sus,15969758,2021-05-05,False
sus,sus,15993168,2021-05-14,False
sus,sus,16024262,2021-05-23,False
sus,sus,16033857,2021-05-26,False
sus,sus,16098660,2021-06-13,False
sus,sus,16107967,2021-06-16,False
sus,sus,16129929,2021-06-25,False
sus,sus,16217394,2021-07-29,False
sus,sus,16283301,2021-09-01,False
sus,sus,16312547,2021-09-13,False
sus,sus,16312636,2021-09-13,False
sus,sus,16364094,2021-10-09,False
sus,sus,16407956,2021-11-02,False
sus,sus,16489692,2021-11-21,False
sus,sus,16795680,2021-11-30,False
sus,sus,16800782,2021-12-01,False
sus,sus,16839427,2021-12-14,False
sus,sus,16920871,2022-01-18,False
sus,sus,16944875,2022-01-26,False
sus,sus,16969488,2022-02-05,False
sus,sus,16992302,2022-02-14,False
sus,sus,17015018,2022-02-22,False
sus,sus,17058609,2022-03-09,False
doomscrolling,doomscrolling,14826129,2020-03-24,False
doomscrolling,doomscrolling,14826247,2020-03-24,False
doomscrolling,doomscrolling,15446328,2020-11-03,False
doomscrolling,doomscrolling,15087527,2020-06-10,False
doomscrolling,doomscrolling,17681417,2023-02-22,False
doomscrolling,doomscrolling,15790209,2021-03-03,False
doomscrolling,doomscrolling,15086200,2020-06-10,False
doomscrolling,doomscrolling,18061192,2023-12-28,False
doomscrolling,doomscrolling,18513049,2025-07-06,False
doomscrolling,doomscrolling,18617379,2026-03-03,False
doomscrolling,doom scrolling,17970891,2023-11-02,False
hits different,hits different,15369439,2020-10-07,False
hits different,hits different,14055854,2019-07-11,False
hits different,hits different,13905683,2019-05-15,False
hits different,hits different,15713614,2021-02-03,False
hits different,hits different,17109195,2022-03-29,False
hits different,hits different,18493320,2025-05-24,False
main character,main character,15002508,2020-05-19,False
main character,main character,3196231,2008-07-03,False
main character,main character,16330029,2021-09-22,False
main character,main character,16334687,2021-09-24,False
main character,main character,16979796,2022-02-09,False
main character,main character,17970592,2023-11-02,False
main character,main character,18075744,2024-01-12,False
main character,main character,18097352,2024-02-04,False
rent free,rent free,17246377,2022-05-19,False
rent free,rent free,13076180,2018-07-18,False
rent free,rent free,17246419,2022-05-19,False
rent free,rent free,14934733,2020-04-26,False
rent free,rent free,15419776,2020-10-25,False
rent free,rent free,16232242,2021-08-06,False
rent free,rent free,15419772,2020-10-25,False
rent free,rent free,15578463,2020-12-15,False
rent free,rent free,17253783,2022-05-22,False
rent free,rent free,14968484,2020-05-07,False
rent free,rent free,16979067,2022-02-09,False
rent free,rent free,15453227,2020-11-05,False
rent free,rent free,17253942,2022-05-22,False
rent free,rent free,16137159,2021-06-27,False
rent free,rent free,17013284,2022-02-22,False
rent free,rent free,17253845,2022-05-22,False
rent free,rent free,17253848,2022-05-22,False
rent free,rent free,17253953,2022-05-22,False
rent free,rent free,17967635,2023-10-30,False
rent free,rent free,18648209,2026-05-20,False
iykyk,iykyk,10589740,2016-12-04,False
iykyk,iykyk,14008217,2019-06-20,False
iykyk,iykyk,16881010,2022-01-02,False
iykyk,iykyk,14230609,2019-09-29,False
iykyk,iykyk,14611781,2020-01-08,False
iykyk,iykyk,15206341,2020-07-25,False
iykyk,iykyk,13040309,2018-07-02,False
iykyk,iykyk,15595350,2020-12-21,False
iykyk,iykyk,17432430,2022-08-30,False
iykyk,iykyk,15443306,2020-11-02,False
iykyk,iykyk,14852516,2020-04-02,False
iykyk,iykyk,15726173,2021-02-08,False
iykyk,iykyk,15404829,2020-10-20,False
iykyk,iykyk,17112617,2022-03-30,False
iykyk,iykyk,17700891,2023-03-07,False
iykyk,iykyk,17970727,2023-11-02,False
iykyk,iykyk,18241525,2024-06-07,False
Karen,Karen,15044974,2020-06-01,False
Karen,Karen,15254256,2020-08-17,False
Karen,Karen,14155150,2019-08-28,False
Karen,Karen,15356171,2020-10-02,False
Karen,Karen,15423253,2020-10-26,False
Karen,Karen,13541305,2019-01-20,False
Karen,Karen,4465935,2009-12-29,False
Karen,Karen,16833220,2021-12-12,False
Karen,Karen,14737548,2020-02-20,False
Karen,Karen,1600740,2008-07-16,False
Karen,Karen,3750864,2009-02-25,False
Karen,Karen,4162270,2009-08-07,False
Karen,Karen,5871970,2011-11-29,False
Karen,Karen,5106103,2010-07-22,False
Karen,Karen,5072432,2010-07-07,False
Karen,Karen,3369992,2008-12-09,False
Karen,Karen,15852905,2021-03-23,False
Karen,Karen,14891266,2020-04-14,False
Karen,Karen,3673056,2009-01-31,False
Karen,Karen,14187108,2019-09-10,False
Karen,Karen,5296048,2010-10-21,False
Karen,Karen,5488605,2011-01-05,False
Karen,Karen,5765148,2011-05-13,False
Karen,Karen,4470085,2009-12-31,False
Karen,Karen,15161734,2020-07-06,False
Karen,Karen,15006750,2020-05-20,False
Karen,Karen,13462462,2018-12-18,False
Karen,Karen,5693834,2011-04-10,False
Karen,Karen,5449495,2010-12-20,False
Karen,Karen,15456734,2020-11-06,False
Karen,Karen,15743804,2021-02-14,False
Karen,Karen,14927548,2020-04-24,False
Karen,Karen,13627868,2019-02-17,False
Karen,Karen,15539083,2020-12-02,False
Karen,Karen,14568967,2019-12-22,False
Karen,Karen,15102255,2020-06-15,False
Karen,Karen,14884953,2020-04-13,False
Karen,Karen,14475567,2019-11-25,False
Karen,Karen,15466372,2020-11-09,False
Karen,Karen,14464860,2019-11-22,False
Karen,Karen,15784606,2021-03-01,False
Karen,Karen,14483950,2019-11-27,False
Karen,Karen,13586082,2019-02-04,False
Karen,Karen,14536258,2019-12-12,False
Karen,Karen,6671495,2012-07-09,False
Karen,Karen,6220748,2011-11-20,False
Karen,Karen,13571444,2019-01-30,False
Karen,Karen,15923896,2021-04-19,False
Karen,Karen,14372198,2019-11-01,False
Karen,Karen,13486495,2018-12-30,False
Karen,Karen,16030743,2021-05-25,False
Karen,Karen,13487677,2018-12-30,False
Karen,Karen,13831084,2019-04-21,False
Karen,Karen,15166760,2020-07-08,False
Karen,Karen,15007888,2020-05-20,False
Karen,Karen,6071379,2011-09-12,False
Karen,Karen,14402628,2019-11-06,False
Karen,Karen,8123868,2015-02-24,False
Karen,Karen,7123070,2013-08-31,False
Karen,Karen,15424997,2020-10-27,False
Karen,Karen,15982059,2021-05-10,False
Karen,Karen,16833977,2021-12-12,False
Karen,Karen,17131522,2022-04-06,False
Karen,Karen,15208910,2020-07-27,False
Karen,Karen,14358492,2019-10-29,False
Karen,Karen,14622251,2020-01-13,False
Karen,Karen,12859448,2018-05-29,False
Karen,Karen,16001141,2021-05-17,False
Karen,Karen,15581443,2020-12-16,False
Karen,Karen,15003649,2020-05-19,False
Karen,Karen,15155039,2020-07-03,False
Karen,Karen,14596115,2020-01-02,False
Karen,Karen,14887016,2020-04-13,False
Karen,Karen,15082187,2020-06-09,False
Karen,Karen,15010035,2020-05-21,False
Karen,Karen,15570971,2020-12-12,False
Karen,Karen,13198890,2018-09-16,False
Karen,Karen,15014408,2020-05-23,False
Karen,Karen,13968153,2019-06-06,False
Karen,Karen,15650222,2021-01-10,False
Karen,Karen,14899522,2020-04-16,False
Karen,Karen,14967219,2020-05-06,False
Karen,Karen,14662581,2020-01-28,False
Karen,Karen,9147331,2016-05-10,False
Karen,Karen,13475671,2018-12-25,False
Karen,Karen,14654556,2020-01-25,False
Karen,Karen,11802154,2017-07-18,False
Karen,Karen,13676631,2019-03-03,False
Karen,Karen,14894950,2020-04-15,False
Karen,Karen,15376779,2020-10-10,False
Karen,Karen,15448040,2020-11-03,False
Karen,Karen,15867254,2021-03-29,False
Karen,Karen,10686867,2016-12-19,False
Karen,Karen,14442771,2019-11-16,False
Karen,Karen,10794783,2016-12-27,False
Karen,Karen,14866356,2020-04-07,False
Karen,Karen,14606262,2020-01-06,False
Karen,Karen,15016843,2020-05-24,False
Karen,Karen,15193384,2020-07-20,False
Karen,Karen,13794407,2019-04-10,False
Karen,Karen,15367867,2020-10-07,False
Karen,Karen,15544553,2020-12-04,False
Karen,Karen,14940835,2020-04-28,False
Karen,Karen,16045006,2021-05-30,False
Karen,Karen,14939014,2020-04-27,False
Karen,Karen,15032897,2020-05-29,False
Karen,Karen,15874480,2021-03-31,False
Karen,Karen,14609827,2020-01-08,False
Karen,Karen,14722210,2020-02-15,False
Karen,Karen,15008914,2020-05-21,False
Karen,Karen,15017578,2020-05-24,False
Karen,Karen,15219698,2020-08-01,False
Karen,Karen,15381228,2020-10-12,False
Karen,Karen,15515448,2020-11-24,False
Karen,Karen,15709866,2021-02-01,False
Karen,Karen,16649999,2021-11-23,False
Karen,Karen,17010729,2022-02-21,False
Karen,Karen,17162147,2022-04-18,False
Karen,Karen,17490443,2022-10-09,False
Karen,Karen,10576279,2016-11-30,False
Karen,Karen,14821270,2020-03-22,False
Karen,Karen,14940921,2020-04-28,False
Karen,Karen,14807412,2020-03-16,False
Karen,Karen,11261579,2017-03-15,False
Karen,Karen,13250680,2018-10-07,False
Karen,Karen,15251377,2020-08-16,False
Karen,Karen,10683439,2016-12-19,False
Karen,Karen,13482848,2018-12-28,False
Karen,Karen,14618800,2020-01-11,False
Karen,Karen,13551385,2019-01-23,False
Karen,Karen,14018201,2019-06-24,False
Karen,Karen,14057280,2019-07-12,False
Karen,Karen,14337014,2019-10-25,False
Karen,Karen,14657500,2020-01-26,False
Karen,Karen,15171773,2020-07-10,False
Karen,Karen,16243514,2021-08-12,False
Karen,Karen,13989764,2019-06-13,False
Karen,Karen,14394392,2019-11-05,False
Karen,Karen,15062499,2020-06-04,False
Karen,Karen,15081030,2020-06-09,False
Karen,Karen,15093443,2020-06-12,False
Karen,Karen,15144407,2020-06-29,False
Karen,Karen,15212067,2020-07-28,False
Karen,Karen,13513637,2019-01-10,False
Karen,Karen,14440174,2019-11-15,False
Karen,Karen,16092352,2021-06-11,False
Karen,Karen,11170909,2017-03-12,False
Karen,Karen,12838719,2018-05-27,False
Karen,Karen,13475864,2018-12-25,False
Karen,Karen,13482473,2018-12-28,False
Karen,Karen,14270607,2019-10-13,False
Karen,Karen,14483727,2019-11-27,False
Karen,Karen,16692481,2021-11-23,False
Karen,Karen,13878452,2019-05-06,False
Karen,Karen,4634883,2010-02-09,False
Karen,Karen,12054829,2017-10-15,False
Karen,Karen,13247788,2018-10-06,False
Karen,Karen,14031456,2019-06-30,False
Karen,Karen,7005739,2013-03-31,False
Karen,Karen,11744489,2017-06-29,False
Karen,Karen,14047959,2019-07-08,False
Karen,Karen,15040854,2020-05-31,False
Karen,Karen,11126836,2017-03-02,False
Karen,Karen,8150951,2015-03-10,False
Karen,Karen,13844611,2019-04-25,False
Karen,Karen,14062423,2019-07-14,False
Karen,Karen,14259350,2019-10-09,False
Karen,Karen,15097540,2020-06-13,False
Karen,Karen,17235441,2022-05-14,False
Karen,Karen,13757801,2019-03-28,False
Karen,Karen,14722386,2020-02-15,False
Karen,Karen,14821207,2020-03-22,False
Karen,Karen,14958821,2020-05-04,False
Karen,Karen,14999742,2020-05-18,False
Karen,Karen,15018191,2020-05-24,False
Karen,Karen,15090357,2020-06-11,False
Karen,Karen,15123757,2020-06-22,False
Karen,Karen,15130934,2020-06-24,False
Karen,Karen,15144436,2020-06-29,False
Karen,Karen,15145018,2020-06-29,False
Karen,Karen,15152378,2020-07-02,False
Karen,Karen,15202223,2020-07-23,False
Karen,Karen,15209200,2020-07-27,False
Karen,Karen,15226439,2020-08-04,False
Karen,Karen,15252059,2020-08-16,False
Karen,Karen,15343605,2020-09-27,False
Karen,Karen,15364735,2020-10-05,False
Karen,Karen,15378903,2020-10-11,False
Karen,Karen,15381385,2020-10-12,False
Karen,Karen,15386912,2020-10-14,False
Karen,Karen,15396949,2020-10-17,False
Karen,Karen,15426255,2020-10-27,False
Karen,Karen,15427717,2020-10-27,False
Karen,Karen,15438879,2020-10-31,False
Karen,Karen,15477719,2020-11-12,False
Karen,Karen,15506400,2020-11-21,False
Karen,Karen,15518649,2020-11-25,False
Karen,Karen,15533175,2020-11-30,False
Karen,Karen,15536989,2020-12-01,False
Karen,Karen,15545405,2020-12-04,False
Karen,Karen,15564605,2020-12-10,False
Karen,Karen,15660060,2021-01-14,False
Karen,Karen,15730743,2021-02-09,False
Karen,Karen,15735624,2021-02-11,False
Karen,Karen,15750932,2021-02-17,False
Karen,Karen,15774475,2021-02-25,False
Karen,Karen,15797874,2021-03-05,False
Karen,Karen,15807776,2021-03-08,False
Karen,Karen,15827144,2021-03-15,False
Karen,Karen,15829658,2021-03-16,False
Karen,Karen,15971572,2021-05-06,False
Karen,Karen,16044901,2021-05-30,False
Karen,Karen,16101608,2021-06-14,False
Karen,Karen,16167879,2021-07-09,False
Karen,Karen,16213301,2021-07-28,False
Karen,Karen,16230953,2021-08-05,False
Karen,Karen,16267528,2021-08-24,False
Karen,Karen,16347392,2021-10-01,False
Karen,Karen,16555470,2021-11-22,False
Karen,Karen,16751508,2021-11-24,False
Karen,Karen,16954393,2022-01-30,False
Karen,Karen,16967762,2022-02-04,False
Karen,Karen,17312124,2022-06-17,False
Karen,Karen,17359116,2022-07-13,False
Karen,Karen,17440582,2022-09-04,False
Karen,Karen,17464358,2022-09-20,False
Karen,Karen,17666195,2023-02-10,False
Karen,Karen,17756313,2023-04-18,False
Karen,Karen,14008466,2019-06-20,False
Karen,Karen,13480085,2018-12-27,False
Karen,Karen,13506063,2019-01-07,False
Karen,Karen,13475804,2018-12-25,False
Karen,Karen,14246445,2019-10-05,False
Karen,Karen,14421647,2019-11-11,False
Karen,Karen,14922035,2020-04-22,False
Karen,Karen,15031341,2020-05-29,False
Karen,Karen,15115672,2020-06-19,False
Karen,Karen,15136572,2020-06-26,False
Karen,Karen,15198343,2020-07-22,False
Karen,Karen,15198867,2020-07-22,False
Karen,Karen,15212214,2020-07-28,False
Karen,Karen,16038097,2021-05-27,False
Karen,Karen,16840272,2021-12-14,False
Karen,Karen,12416163,2018-01-11,False
Karen,Karen,10396360,2016-10-23,False
Karen,Karen,11197260,2017-06-12,False
Karen,Karen,12129653,2017-11-06,False
Karen,Karen,13487636,2018-12-30,False
Karen,Karen,14132631,2019-08-18,False
Karen,Karen,13491687,2019-01-01,False
Karen,Karen,13581636,2019-02-02,False
Karen,Karen,14424586,2019-11-12,False
Karen,Karen,14443307,2019-11-16,False
Karen,Karen,14450930,2019-11-18,False
Karen,Karen,14502882,2019-12-02,False
Karen,Karen,14616849,2020-01-10,False
Karen,Karen,14818256,2020-03-21,False
Karen,Karen,14845712,2020-03-31,False
Karen,Karen,14933819,2020-04-26,False
Karen,Karen,15020951,2020-05-25,False
Karen,Karen,15024913,2020-05-27,False
Karen,Karen,15204432,2020-07-24,False
Karen,Karen,15343746,2020-09-27,False
Karen,Karen,15512005,2020-11-23,False
Karen,Karen,16142815,2021-06-29,False
Karen,Karen,13930484,2019-05-24,False
Karen,Karen,14344501,2019-10-27,False
Karen,Karen,14529586,2019-12-10,False
Karen,Karen,16873914,2021-12-30,False
Karen,Karen,13045395,2018-07-04,False
Karen,Karen,13587170,2019-02-04,False
Karen,Karen,13870981,2019-05-03,False
Karen,Karen,13961719,2019-06-04,False
Karen,Karen,14037741,2019-07-03,False
Karen,Karen,14086766,2019-07-26,False
Karen,Karen,14102509,2019-08-03,False
Karen,Karen,14208019,2019-09-20,False
Karen,Karen,14220083,2019-09-25,False
Karen,Karen,14222744,2019-09-26,False
Karen,Karen,14377675,2019-11-02,False
Karen,Karen,14431882,2019-11-13,False
Karen,Karen,14450902,2019-11-18,False
Karen,Karen,14455493,2019-11-19,False
Karen,Karen,14464823,2019-11-22,False
Karen,Karen,14465453,2019-11-22,False
Karen,Karen,14519534,2019-12-07,False
Karen,Karen,14544326,2019-12-14,False
Karen,Karen,14546868,2019-12-15,False
Karen,Karen,14581045,2019-12-27,False
Karen,Karen,14620933,2020-01-12,False
Karen,Karen,14637597,2020-01-18,False
Karen,Karen,14867717,2020-04-07,False
Karen,Karen,14937113,2020-04-27,False
Karen,Karen,14971795,2020-05-08,False
Karen,Karen,14995534,2020-05-16,False
Karen,Karen,15012439,2020-05-22,False
Karen,Karen,15016836,2020-05-24,False
Karen,Karen,15082965,2020-06-09,False
Karen,Karen,15139717,2020-06-27,False
Karen,Karen,15153712,2020-07-03,False
Karen,Karen,15195179,2020-07-21,False
Karen,Karen,15198888,2020-07-22,False
Karen,Karen,15203097,2020-07-24,False
Karen,Karen,15213035,2020-07-28,False
Karen,Karen,15214049,2020-07-29,False
Karen,Karen,15224198,2020-08-03,False
Karen,Karen,15237128,2020-08-09,False
Karen,Karen,15252896,2020-08-17,False
Karen,Karen,15256029,2020-08-18,False
Karen,Karen,15277523,2020-08-28,False
Karen,Karen,15310292,2020-09-12,False
Karen,Karen,15313734,2020-09-14,False
Karen,Karen,15314667,2020-09-14,False
Karen,Karen,15344504,2020-09-27,False
Karen,Karen,15356881,2020-10-02,False
Karen,Karen,15391396,2020-10-15,False
Karen,Karen,15457606,2020-11-06,False
Karen,Karen,15500841,2020-11-19,False
Karen,Karen,15501558,2020-11-19,False
Karen,Karen,15912973,2021-04-15,False
Karen,Karen,16001189,2021-05-17,False
Karen,Karen,16004761,2021-05-18,False
Karen,Karen,17157129,2022-04-16,False
Karen,Karen,13477630,2018-12-26,False
Karen,Karen,13857836,2019-04-29,False
Karen,Karen,12000620,2017-09-28,False
Karen,Karen,11570516,2017-05-16,False
Karen,Karen,12856248,2018-05-28,False
Karen,Karen,12974876,2018-06-13,False
Karen,Karen,13514635,2019-01-10,False
Karen,Karen,13559219,2019-01-26,False
Karen,Karen,13831400,2019-04-21,False
Karen,Karen,14162195,2019-08-31,False
Karen,Karen,14231966,2019-09-30,False
Karen,Karen,2655594,2007-11-14,False
Karen,Karen,13540446,2019-01-19,False
Karen,Karen,13562111,2019-01-27,False
Karen,Karen,14122167,2019-08-12,False
Karen,Karen,10949739,2017-01-26,False
Karen,Karen,15834526,2021-03-17,False
Karen,Karen,2706982,2007-12-24,False
Karen,Karen,4085377,2009-07-03,False
Karen,Karen,4653766,2010-02-06,False
Karen,Karen,13162192,2018-08-28,False
Karen,Karen,13280025,2018-10-18,False
Karen,Karen,1606188,2008-07-16,False
Karen,Karen,12983681,2018-06-14,False
Karen,Karen,13008625,2018-06-18,False
Karen,Karen,13105648,2018-07-31,False
Karen,Karen,13489400,2018-12-31,False
Karen,Karen,13510083,2019-01-08,False
Karen,Karen,13576946,2019-02-01,False
Karen,Karen,13665232,2019-02-28,False
Karen,Karen,14055549,2019-07-11,False
Karen,Karen,14259114,2019-10-09,False
Karen,Karen,14288884,2019-10-16,False
Karen,Karen,14419023,2019-11-10,False
Karen,Karen,14473240,2019-11-24,False
Karen,Karen,14497887,2019-12-01,False
Karen,Karen,14501084,2019-12-02,False
Karen,Karen,14566537,2019-12-21,False
Karen,Karen,14603579,2020-01-05,False
Karen,Karen,14624979,2020-01-13,False
Karen,Karen,14652644,2020-01-24,False
Karen,Karen,14782149,2020-03-07,False
Karen,Karen,14845123,2020-03-31,False
Karen,Karen,14953542,2020-05-02,False
Karen,Karen,14956775,2020-05-03,False
Karen,Karen,15031892,2020-05-29,False
Karen,Karen,15085735,2020-06-10,False
Karen,Karen,15109958,2020-06-17,False
Karen,Karen,15163945,2020-07-07,False
Karen,Karen,15544322,2020-12-03,False
Karen,Karen,12006790,2017-09-29,False
Karen,Karen,12940952,2018-06-08,False
Karen,Karen,13060363,2018-07-11,False
Karen,Karen,13838217,2019-04-23,False
Karen,Karen,14307227,2019-10-19,False
Karen,Karen,15124082,2020-06-22,False
Karen,Karen,12905991,2018-06-04,False
Karen,Karen,10986539,2017-02-02,False
Karen,Karen,3898554,2009-04-18,False
Karen,Karen,13374663,2018-11-19,False
Karen,Karen,13537082,2019-01-18,False
Karen,Karen,13556495,2019-01-25,False
Karen,Karen,13773945,2019-04-03,False
Karen,Karen,4689157,2010-02-12,False
Karen,Karen,4058617,2009-06-21,False
Karen,Karen,13536867,2019-01-18,False
Karen,Karen,13753828,2019-03-27,False
Karen,Karen,13843792,2019-04-25,False
Karen,Karen,14051638,2019-07-09,False
Karen,Karen,14219382,2019-09-25,False
Karen,Karen,14494107,2019-11-30,False
Karen,Karen,14497712,2019-12-01,False
Karen,Karen,14958036,2020-05-04,False
Karen,Karen,15071415,2020-06-06,False
Karen,Karen,5604958,2011-03-04,False
Karen,Karen,14785243,2020-03-08,False
Karen,Karen,3997320,2009-05-27,False
Karen,Karen,10722656,2016-12-20,False
Karen,Karen,11166724,2017-03-11,False
Karen,Karen,14118699,2019-08-11,False
Karen,Karen,4494806,2010-01-10,False
Karen,Karen,4161205,2009-08-06,False
Karen,Karen,13476918,2018-12-25,False
Karen,Karen,13477442,2018-12-26,False
Karen,Karen,13537865,2019-01-18,False
Karen,Karen,13543447,2019-01-21,False
Karen,Karen,13588768,2019-02-05,False
Karen,Karen,13599814,2019-02-08,False
Karen,Karen,13599912,2019-02-08,False
Karen,Karen,13603945,2019-02-10,False
Karen,Karen,13645401,2019-02-22,False
Karen,Karen,13662125,2019-02-27,False
Karen,Karen,13662663,2019-02-27,False
Karen,Karen,13683958,2019-03-05,False
Karen,Karen,13695131,2019-03-09,False
Karen,Karen,13715810,2019-03-15,False
Karen,Karen,13743096,2019-03-24,False
Karen,Karen,13773476,2019-04-03,False
Karen,Karen,13942483,2019-05-28,False
Karen,Karen,13998501,2019-06-17,False
Karen,Karen,14027156,2019-06-28,False
Karen,Karen,14048891,2019-07-08,False
Karen,Karen,14060363,2019-07-13,False
Karen,Karen,14070875,2019-07-18,False
Karen,Karen,14078113,2019-07-22,False
Karen,Karen,14121211,2019-08-12,False
Karen,Karen,14158056,2019-08-29,False
Karen,Karen,14163847,2019-09-01,False
Karen,Karen,14166785,2019-09-02,False
Karen,Karen,14173745,2019-09-05,False
Karen,Karen,14181767,2019-09-08,False
Karen,Karen,14191204,2019-09-12,False
Karen,Karen,14195890,2019-09-15,False
Karen,Karen,14205837,2019-09-19,False
Karen,Karen,14213924,2019-09-23,False
Karen,Karen,14244974,2019-10-05,False
Karen,Karen,14268340,2019-10-13,False
Karen,Karen,14344857,2019-10-27,False
Karen,Karen,14348686,2019-10-28,False
Karen,Karen,14354536,2019-10-29,False
Karen,Karen,14360645,2019-10-30,False
Karen,Karen,14403687,2019-11-07,False
Karen,Karen,14428022,2019-11-12,False
Karen,Karen,14434549,2019-11-14,False
Karen,Karen,14440567,2019-11-15,False
Karen,Karen,14491256,2019-11-29,False
Karen,Karen,14600291,2020-01-04,False
Karen,Karen,14610815,2020-01-08,False
Karen,Karen,14644218,2020-01-21,False
Karen,Karen,14766434,2020-03-02,False
Karen,Karen,14801365,2020-03-14,False
Karen,Karen,14805938,2020-03-16,False
Karen,Karen,14866332,2020-04-07,False
Karen,Karen,14873377,2020-04-09,False
Karen,Karen,14873725,2020-04-09,False
Karen,Karen,14919711,2020-04-21,False
Karen,Karen,14922773,2020-04-22,False
Karen,Karen,14934490,2020-04-26,False
Karen,Karen,14965275,2020-05-06,False
Karen,Karen,14986990,2020-05-13,False
Karen,Karen,14997430,2020-05-17,False
Karen,Karen,15003056,2020-05-19,False
Karen,Karen,15003063,2020-05-19,False
Karen,Karen,15006377,2020-05-20,False
Karen,Karen,15019012,2020-05-25,False
Karen,Karen,15023907,2020-05-27,False
Karen,Karen,15024759,2020-05-27,False
Karen,Karen,15028030,2020-05-28,False
Karen,Karen,15055667,2020-06-02,False
Karen,Karen,15095106,2020-06-12,False
Karen,Karen,15096203,2020-06-13,False
Karen,Karen,15097321,2020-06-13,False
Karen,Karen,15107134,2020-06-16,False
Karen,Karen,15107533,2020-06-16,False
Karen,Karen,15149894,2020-07-01,False
Karen,Karen,15150924,2020-07-01,False
Karen,Karen,15151079,2020-07-02,False
Karen,Karen,15153168,2020-07-02,False
Karen,Karen,15208884,2020-07-27,False
Karen,Karen,15212380,2020-07-28,False
Karen,Karen,15239687,2020-08-10,False
Karen,Karen,15261867,2020-08-21,False
Karen,Karen,15266885,2020-08-24,False
Karen,Karen,15270787,2020-08-25,False
Karen,Karen,15273365,2020-08-26,False
Karen,Karen,15273886,2020-08-27,False
Karen,Karen,15277959,2020-08-29,False
Karen,Karen,15311060,2020-09-12,False
Karen,Karen,15312035,2020-09-13,False
Karen,Karen,15320802,2020-09-17,False
Karen,Karen,15334821,2020-09-23,False
Karen,Karen,15436170,2020-10-30,False
Karen,Karen,15474437,2020-11-11,False
Karen,Karen,15474662,2020-11-11,False
Karen,Karen,15510332,2020-11-23,False
Karen,Karen,15636479,2021-01-05,False
Karen,Karen,15639123,2021-01-06,False
Karen,Karen,15932355,2021-04-22,False
Karen,Karen,16416992,2021-11-07,False
Karen,Karen,16418577,2021-11-07,False
Karen,Karen,16952252,2022-01-29,False
Karen,Karen,12428240,2018-01-13,False
Karen,Karen,13795484,2019-04-10,False
Karen,Karen,13803732,2019-04-13,False
Karen,Karen,14318760,2019-10-21,False
Karen,Karen,15367223,2020-10-06,False
Karen,Karen,9630634,2016-05-27,False
Karen,Karen,13628508,2019-02-18,False
Karen,Karen,2331470,2008-12-15,False
Karen,Karen,8196286,2015-04-03,False
Karen,Karen,2057897,2008-11-08,False
Karen,Karen,10826965,2017-01-01,False
Karen,Karen,12969598,2018-06-12,False
Karen,Karen,15257845,2020-08-19,False
Karen,Karen,14317377,2019-10-21,False
Karen,Karen,2227605,2008-12-09,False
Karen,Karen,2232582,2008-12-14,False
Karen,Karen,12350404,2017-12-29,False
Karen,Karen,12940951,2018-06-08,False
Karen,Karen,13147243,2018-08-20,False
Karen,Karen,13479138,2018-12-27,False
Karen,Karen,13485086,2018-12-29,False
Karen,Karen,13499139,2019-01-04,False
Karen,Karen,13520254,2019-01-12,False
Karen,Karen,13762256,2019-03-30,False
Karen,Karen,13926293,2019-05-22,False
Karen,Karen,13974158,2019-06-08,False
Karen,Karen,13986630,2019-06-12,False
Karen,Karen,14006780,2019-06-20,False
Karen,Karen,14027866,2019-06-28,False
Karen,Karen,14039659,2019-07-04,False
Karen,Karen,14104444,2019-08-04,False
Karen,Karen,14106252,2019-08-05,False
Karen,Karen,14138274,2019-08-20,False
Karen,Karen,14142687,2019-08-22,False
Karen,Karen,14151755,2019-08-26,False
Karen,Karen,14157200,2019-08-29,False
Karen,Karen,14166722,2019-09-02,False
Karen,Karen,14207649,2019-09-20,False
Karen,Karen,14211602,2019-09-22,False
Karen,Karen,14243458,2019-10-04,False
Karen,Karen,14274188,2019-10-14,False
Karen,Karen,14280404,2019-10-15,False
Karen,Karen,14325240,2019-10-23,False
Karen,Karen,14382141,2019-11-03,False
Karen,Karen,14443168,2019-11-16,False
Karen,Karen,14462458,2019-11-21,False
Karen,Karen,14471124,2019-11-23,False
Karen,Karen,14517755,2019-12-07,False
Karen,Karen,14570316,2019-12-23,False
Karen,Karen,14599999,2020-01-04,False
Karen,Karen,14621445,2020-01-12,False
Karen,Karen,14634945,2020-01-17,False
Karen,Karen,14704028,2020-02-08,False
Karen,Karen,14737013,2020-02-20,False
Karen,Karen,14921985,2020-04-22,False
Karen,Karen,14954987,2020-05-03,False
Karen,Karen,14983473,2020-05-12,False
Karen,Karen,14986751,2020-05-13,False
Karen,Karen,15016403,2020-05-24,False
Karen,Karen,15024556,2020-05-27,False
Karen,Karen,15045609,2020-06-01,False
Karen,Karen,15116711,2020-06-19,False
Karen,Karen,15140173,2020-06-28,False
Karen,Karen,15195134,2020-07-21,False
Karen,Karen,15388577,2020-10-14,False
Karen,Karen,15677090,2021-01-20,False
Karen,Karen,15783301,2021-02-28,False
Karen,Karen,11808039,2017-07-20,False
Karen,Karen,14509780,2019-12-04,False
Karen,Karen,12812002,2018-05-23,False
Karen,Karen,12940937,2018-06-08,False
Karen,Karen,13445974,2018-12-12,False
Karen,Karen,13480978,2018-12-27,False
Karen,Karen,13503537,2019-01-06,False
Karen,Karen,13559225,2019-01-26,False
Karen,Karen,13636201,2019-02-20,False
Karen,Karen,13687922,2019-03-07,False
Karen,Karen,13692378,2019-03-08,False
Karen,Karen,13797560,2019-04-11,False
Karen,Karen,13854976,2019-04-28,False
Karen,Karen,13873075,2019-05-04,False
Karen,Karen,13912945,2019-05-18,False
Karen,Karen,13946388,2019-05-29,False
Karen,Karen,14025951,2019-06-27,False
Karen,Karen,14111363,2019-08-07,False
Karen,Karen,14161376,2019-08-31,False
Karen,Karen,14285217,2019-10-16,False
Karen,Karen,14301622,2019-10-18,False
Karen,Karen,14365219,2019-10-30,False
Karen,Karen,14394512,2019-11-05,False
Karen,Karen,15053904,2020-06-02,False
Karen,Karen,15215444,2020-07-30,False
Karen,Karen,15929617,2021-04-21,False
Karen,Karen,13810706,2019-04-15,False
Karen,Karen,14231736,2019-09-30,False
Karen,Karen,14233373,2019-09-30,False
Karen,Karen,14959737,2020-05-04,False
Karen,Karen,13893845,2019-05-11,False
Karen,Karen,13651283,2019-02-24,False
Karen,Karen,13975826,2019-06-08,False
Karen,Karen,14236616,2019-10-02,False
Karen,Karen,14405990,2019-11-07,False
Karen,Karen,15654548,2021-01-12,False
Karen,Karen,13592137,2019-02-06,False
Karen,Karen,13598774,2019-02-08,False
Karen,Karen,14372082,2019-11-01,False
Karen,Karen,12621364,2018-03-01,False
Karen,Karen,12940996,2018-06-08,False
Karen,Karen,15540656,2020-12-02,False
Karen,Karen,11418032,2017-04-10,False
Karen,Karen,15171623,2020-07-10,False
Karen,Karen,14062162,2019-07-14,False
Karen,Karen,12854723,2018-05-28,False
Karen,Karen,12886405,2018-06-01,False
Karen,Karen,13413267,2018-12-01,False
Karen,Karen,13453290,2018-12-15,False
Karen,Karen,13480815,2018-12-27,False
Karen,Karen,13482628,2018-12-28,False
Karen,Karen,13514644,2019-01-10,False
Karen,Karen,13514640,2019-01-10,False
Karen,Karen,13517745,2019-01-11,False
Karen,Karen,13569211,2019-01-29,False
Karen,Karen,13599419,2019-02-08,False
Karen,Karen,13609333,2019-02-12,False
Karen,Karen,13613164,2019-02-13,False
Karen,Karen,13697009,2019-03-09,False
Karen,Karen,13698572,2019-03-10,False
Karen,Karen,13705006,2019-03-12,False
Karen,Karen,13796254,2019-04-11,False
Karen,Karen,13831416,2019-04-21,False
Karen,Karen,13835207,2019-04-22,False
Karen,Karen,13946939,2019-05-29,False
Karen,Karen,13960162,2019-06-03,False
Karen,Karen,13975891,2019-06-08,False
Karen,Karen,14000397,2019-06-17,False
Karen,Karen,14001913,2019-06-18,False
Karen,Karen,14007507,2019-06-20,False
Karen,Karen,14032165,2019-06-30,False
Karen,Karen,14038773,2019-07-03,False
Karen,Karen,14059382,2019-07-13,False
Karen,Karen,14068604,2019-07-17,False
Karen,Karen,14080104,2019-07-23,False
Karen,Karen,14081144,2019-07-23,False
Karen,Karen,14105248,2019-08-04,False
Karen,Karen,14110717,2019-08-07,False
Karen,Karen,14128701,2019-08-16,False
Karen,Karen,14149860,2019-08-26,False
Karen,Karen,14154719,2019-08-28,False
Karen,Karen,14161384,2019-08-31,False
Karen,Karen,14192867,2019-09-13,False
Karen,Karen,14197395,2019-09-15,False
Karen,Karen,14229930,2019-09-29,False
Karen,Karen,14238432,2019-10-02,False
Karen,Karen,14239791,2019-10-03,False
Karen,Karen,14241419,2019-10-03,False
Karen,Karen,14249309,2019-10-06,False
Karen,Karen,14261203,2019-10-10,False
Karen,Karen,14283362,2019-10-16,False
Karen,Karen,14296762,2019-10-17,False
Karen,Karen,14297232,2019-10-17,False
Karen,Karen,14311977,2019-10-20,False
Karen,Karen,14312001,2019-10-20,False
Karen,Karen,14312006,2019-10-20,False
Karen,Karen,14316416,2019-10-21,False
Karen,Karen,14326730,2019-10-23,False
Karen,Karen,14334187,2019-10-24,False
Karen,Karen,14355244,2019-10-29,False
Karen,Karen,14358523,2019-10-29,False
Karen,Karen,14369005,2019-10-31,False
Karen,Karen,14373841,2019-11-01,False
Karen,Karen,14387078,2019-11-04,False
Karen,Karen,14404280,2019-11-07,False
Karen,Karen,14417317,2019-11-10,False
Karen,Karen,14421539,2019-11-11,False
Karen,Karen,14429553,2019-11-13,False
Karen,Karen,14441319,2019-11-16,False
Karen,Karen,14447446,2019-11-17,False
Karen,Karen,14449480,2019-11-18,False
Karen,Karen,14465470,2019-11-22,False
Karen,Karen,14467284,2019-11-22,False
Karen,Karen,14467855,2019-11-23,False
Karen,Karen,14496044,2019-12-01,False
Karen,Karen,14511311,2019-12-05,False
Karen,Karen,14514548,2019-12-06,False
Karen,Karen,14518073,2019-12-07,False
Karen,Karen,14524852,2019-12-09,False
Karen,Karen,14528375,2019-12-10,False
Karen,Karen,14544248,2019-12-14,False
Karen,Karen,14544633,2019-12-15,False
Karen,Karen,14567776,2019-12-22,False
Karen,Karen,14578932,2019-12-26,False
Karen,Karen,14579265,2019-12-27,False
Karen,Karen,14584313,2019-12-29,False
Karen,Karen,14584838,2019-12-29,False
Karen,Karen,14586253,2019-12-29,False
Karen,Karen,14586857,2019-12-30,False
Karen,Karen,14589451,2019-12-31,False
Karen,Karen,14597835,2020-01-03,False
Karen,Karen,14612567,2020-01-09,False
Karen,Karen,14633264,2020-01-16,False
Karen,Karen,14643732,2020-01-21,False
Karen,Karen,14646826,2020-01-22,False
Karen,Karen,14649656,2020-01-23,False
Karen,Karen,14649665,2020-01-23,False
Karen,Karen,14654683,2020-01-25,False
Karen,Karen,14663068,2020-01-28,False
Karen,Karen,14671762,2020-01-30,False
Karen,Karen,14691021,2020-02-04,False
Karen,Karen,14702023,2020-02-07,False
Karen,Karen,14731665,2020-02-18,False
Karen,Karen,14735198,2020-02-19,False
Karen,Karen,14735390,2020-02-19,False
Karen,Karen,14744675,2020-02-23,False
Karen,Karen,14753236,2020-02-26,False
Karen,Karen,14754296,2020-02-26,False
Karen,Karen,14843922,2020-03-30,False
Karen,Karen,14845804,2020-03-31,False
Karen,Karen,14879211,2020-04-11,False
Karen,Karen,14883870,2020-04-13,False
Karen,Karen,14890453,2020-04-14,False
Karen,Karen,14890955,2020-04-14,False
Karen,Karen,14894030,2020-04-15,False
Karen,Karen,14905474,2020-04-17,False
Karen,Karen,14918121,2020-04-21,False
Karen,Karen,14924815,2020-04-23,False
Karen,Karen,14925298,2020-04-23,False
Karen,Karen,14925538,2020-04-23,False
Karen,Karen,14933613,2020-04-26,False
Karen,Karen,14938089,2020-04-27,False
Karen,Karen,14942264,2020-04-28,False
Karen,Karen,14944322,2020-04-29,False
Karen,Karen,14969603,2020-05-07,False
Karen,Karen,14979950,2020-05-11,False
Karen,Karen,14986949,2020-05-13,False
Karen,Karen,14990076,2020-05-14,False
Karen,Karen,15003803,2020-05-19,False
Karen,Karen,15009312,2020-05-21,False
Karen,Karen,15011295,2020-05-21,False
Karen,Karen,15013793,2020-05-22,False
Karen,Karen,15023289,2020-05-26,False
Karen,Karen,15024814,2020-05-27,False
Karen,Karen,15054210,2020-06-02,False
Karen,Karen,15056736,2020-06-03,False
Karen,Karen,15060860,2020-06-03,False
Karen,Karen,15077498,2020-06-08,False
Karen,Karen,15079796,2020-06-08,False
Karen,Karen,15084616,2020-06-09,False
Karen,Karen,15087596,2020-06-10,False
Karen,Karen,15089455,2020-06-11,False
Karen,Karen,15089627,2020-06-11,False
Karen,Karen,15094670,2020-06-12,False
Karen,Karen,15102811,2020-06-15,False
Karen,Karen,15106055,2020-06-16,False
Karen,Karen,15107340,2020-06-16,False
Karen,Karen,15111706,2020-06-18,False
Karen,Karen,15111707,2020-06-18,False
Karen,Karen,15118149,2020-06-20,False
Karen,Karen,15118693,2020-06-20,False
Karen,Karen,15124805,2020-06-22,False
Karen,Karen,15124818,2020-06-22,False
Karen,Karen,15134116,2020-06-25,False
Karen,Karen,15139393,2020-06-27,False
Karen,Karen,15142662,2020-06-29,False
Karen,Karen,15143339,2020-06-29,False
Karen,Karen,15149831,2020-07-01,False
Karen,Karen,15153633,2020-07-03,False
Karen,Karen,15160348,2020-07-06,False
Karen,Karen,15161896,2020-07-06,False
Karen,Karen,15167009,2020-07-08,False
Karen,Karen,15172966,2020-07-11,False
Karen,Karen,15177723,2020-07-13,False
Karen,Karen,15177769,2020-07-13,False
Karen,Karen,15182742,2020-07-15,False
Karen,Karen,15183505,2020-07-15,False
Karen,Karen,15183973,2020-07-16,False
Karen,Karen,15184599,2020-07-16,False
Karen,Karen,15188894,2020-07-18,False
Karen,Karen,15189845,2020-07-18,False
Karen,Karen,15193397,2020-07-20,False
Karen,Karen,15196951,2020-07-21,False
Karen,Karen,15196922,2020-07-21,False
Karen,Karen,15197552,2020-07-21,False
Karen,Karen,15202296,2020-07-23,False
Karen,Karen,15204789,2020-07-25,False
Karen,Karen,15207143,2020-07-26,False
Karen,Karen,15208076,2020-07-26,False
Karen,Karen,15211386,2020-07-28,False
Karen,Karen,15211534,2020-07-28,False
Karen,Karen,15211631,2020-07-28,False
Karen,Karen,15213004,2020-07-28,False
Karen,Karen,15220864,2020-08-02,False
Karen,Karen,15222166,2020-08-02,False
Karen,Karen,15226142,2020-08-04,False
Karen,Karen,15229418,2020-08-06,False
Karen,Karen,15232944,2020-08-07,False
Karen,Karen,15240760,2020-08-11,False
Karen,Karen,15253022,2020-08-17,False
Karen,Karen,15254472,2020-08-18,False
Karen,Karen,15257027,2020-08-19,False
Karen,Karen,15259346,2020-08-20,False
Karen,Karen,15280232,2020-08-30,False
Karen,Karen,15281744,2020-08-31,False
Karen,Karen,15283345,2020-08-31,False
Karen,Karen,15283581,2020-09-01,False
Karen,Karen,15283769,2020-09-01,False
Karen,Karen,15292871,2020-09-05,False
Karen,Karen,15296276,2020-09-06,False
Karen,Karen,15296753,2020-09-07,False
Karen,Karen,15298169,2020-09-07,False
Karen,Karen,15301843,2020-09-09,False
Karen,Karen,15302259,2020-09-09,False
Karen,Karen,15303095,2020-09-09,False
Karen,Karen,15303892,2020-09-10,False
Karen,Karen,15306948,2020-09-11,False
Karen,Karen,15308095,2020-09-11,False
Karen,Karen,15312119,2020-09-13,False
Karen,Karen,15312343,2020-09-13,False
Karen,Karen,15312472,2020-09-13,False
Karen,Karen,15316903,2020-09-15,False
Karen,Karen,15317309,2020-09-15,False
Karen,Karen,15319750,2020-09-16,False
Karen,Karen,15319848,2020-09-16,False
Karen,Karen,15320800,2020-09-17,False
Karen,Karen,15324301,2020-09-18,False
Karen,Karen,15324412,2020-09-18,False
Karen,Karen,15326281,2020-09-19,False
Karen,Karen,15332754,2020-09-22,False
Karen,Karen,15335264,2020-09-23,False
Karen,Karen,15338618,2020-09-24,False
Karen,Karen,15339391,2020-09-25,False
Karen,Karen,15345177,2020-09-28,False
Karen,Karen,15345432,2020-09-28,False
Karen,Karen,15347877,2020-09-29,False
Karen,Karen,15350433,2020-09-30,False
Karen,Karen,15351808,2020-09-30,False
Karen,Karen,15360901,2020-10-04,False
Karen,Karen,15363629,2020-10-05,False
Karen,Karen,15364912,2020-10-06,False
Karen,Karen,15366334,2020-10-06,False
Karen,Karen,15366856,2020-10-06,False
Karen,Karen,15366867,2020-10-06,False
Karen,Karen,15368127,2020-10-07,False
Karen,Karen,15368808,2020-10-07,False
Karen,Karen,15370424,2020-10-07,False
Karen,Karen,15372482,2020-10-08,False
Karen,Karen,15374336,2020-10-09,False
Karen,Karen,15374321,2020-10-09,False
Karen,Karen,15377442,2020-10-10,False
Karen,Karen,15393456,2020-10-16,False
Karen,Karen,15396044,2020-10-17,False
Karen,Karen,15398609,2020-10-18,False
Karen,Karen,15409245,2020-10-21,False
Karen,Karen,15416029,2020-10-24,False
Karen,Karen,15434500,2020-10-30,False
Karen,Karen,15437585,2020-10-31,False
Karen,Karen,15439919,2020-11-01,False
Karen,Karen,15440185,2020-11-01,False
Karen,Karen,15443896,2020-11-02,False
Karen,Karen,15447193,2020-11-03,False
Karen,Karen,15450253,2020-11-04,False
Karen,Karen,15459250,2020-11-06,False
Karen,Karen,15461320,2020-11-07,False
Karen,Karen,15475374,2020-11-11,False
Karen,Karen,15476000,2020-11-12,False
Karen,Karen,15476114,2020-11-12,False
Karen,Karen,15485988,2020-11-15,False
Karen,Karen,15486566,2020-11-15,False
Karen,Karen,15496035,2020-11-18,False
Karen,Karen,15501425,2020-11-19,False
Karen,Karen,15501805,2020-11-20,False
Karen,Karen,15503603,2020-11-20,False
Karen,Karen,15503822,2020-11-20,False
Karen,Karen,15509264,2020-11-22,False
Karen,Karen,15519798,2020-11-26,False
Karen,Karen,15529188,2020-11-29,False
Karen,Karen,15533325,2020-11-30,False
Karen,Karen,15535210,2020-12-01,False
Karen,Karen,15572780,2020-12-13,False
Karen,Karen,15584511,2020-12-17,False
Karen,Karen,15588898,2020-12-19,False
Karen,Karen,15599816,2020-12-22,False
Karen,Karen,15607366,2020-12-25,False
Karen,Karen,15617954,2020-12-29,False
Karen,Karen,15621662,2020-12-31,False
Karen,Karen,15621756,2020-12-31,False
Karen,Karen,15623534,2020-12-31,False
Karen,Karen,15636534,2021-01-05,False
Karen,Karen,15640177,2021-01-06,False
Karen,Karen,15650165,2021-01-10,False
Karen,Karen,15654180,2021-01-12,False
Karen,Karen,15660180,2021-01-14,False
Karen,Karen,15668096,2021-01-17,False
Karen,Karen,15692135,2021-01-26,False
Karen,Karen,15692850,2021-01-26,False
Karen,Karen,15695867,2021-01-27,False
Karen,Karen,15704187,2021-01-30,False
Karen,Karen,15715195,2021-02-03,False
Karen,Karen,15716340,2021-02-04,False
Karen,Karen,15718375,2021-02-04,False
Karen,Karen,15732914,2021-02-10,False
Karen,Karen,15739786,2021-02-13,False
Karen,Karen,15746299,2021-02-15,False
Karen,Karen,15755276,2021-02-18,False
Karen,Karen,15782813,2021-02-28,False
Karen,Karen,15815929,2021-03-11,False
Karen,Karen,15818028,2021-03-12,False
Karen,Karen,15818300,2021-03-12,False
Karen,Karen,15832931,2021-03-17,False
Karen,Karen,15835544,2021-03-18,False
Karen,Karen,15838069,2021-03-18,False
Karen,Karen,15847891,2021-03-22,False
Karen,Karen,15847952,2021-03-22,False
Karen,Karen,15853965,2021-03-24,False
Karen,Karen,15857837,2021-03-25,False
Karen,Karen,15860133,2021-03-26,False
Karen,Karen,15870170,2021-03-30,False
Karen,Karen,15872818,2021-03-31,False
Karen,Karen,15879327,2021-04-02,False
Karen,Karen,15899057,2021-04-09,False
Karen,Karen,15904813,2021-04-12,False
Karen,Karen,15912534,2021-04-15,False
Karen,Karen,15921723,2021-04-18,False
Karen,Karen,15934506,2021-04-23,False
Karen,Karen,15948329,2021-04-28,False
Karen,Karen,15972060,2021-05-06,False
Karen,Karen,15981034,2021-05-10,False
Karen,Karen,15983339,2021-05-11,False
Karen,Karen,15986999,2021-05-12,False
Karen,Karen,15989261,2021-05-13,False
Karen,Karen,15991452,2021-05-14,False
Karen,Karen,16017001,2021-05-21,False
Karen,Karen,16019742,2021-05-22,False
Karen,Karen,16023504,2021-05-23,False
Karen,Karen,16034977,2021-05-26,False
Karen,Karen,16060939,2021-06-04,False
Karen,Karen,16081000,2021-06-08,False
Karen,Karen,16087477,2021-06-09,False
Karen,Karen,16087435,2021-06-09,False
Karen,Karen,16102832,2021-06-15,False
Karen,Karen,16109675,2021-06-17,False
Karen,Karen,16111785,2021-06-18,False
Karen,Karen,16113375,2021-06-18,False
Karen,Karen,16117726,2021-06-20,False
Karen,Karen,16125368,2021-06-23,False
Karen,Karen,16134350,2021-06-26,False
Karen,Karen,16134551,2021-06-26,False
Karen,Karen,16142405,2021-06-29,False
Karen,Karen,16147155,2021-07-01,False
Karen,Karen,16153044,2021-07-03,False
Karen,Karen,16157855,2021-07-05,False
Karen,Karen,16169970,2021-07-09,False
Karen,Karen,16173273,2021-07-11,False
Karen,Karen,16179702,2021-07-13,False
Karen,Karen,16190558,2021-07-18,False
Karen,Karen,16195624,2021-07-20,False
Karen,Karen,16203924,2021-07-23,False
Karen,Karen,16214917,2021-07-28,False
Karen,Karen,16220857,2021-07-31,False
Karen,Karen,16231020,2021-08-05,False
Karen,Karen,16233869,2021-08-07,False
Karen,Karen,16236117,2021-08-08,False
Karen,Karen,16243888,2021-08-13,False
Karen,Karen,16243905,2021-08-13,False
Karen,Karen,16244877,2021-08-13,False
Karen,Karen,16246331,2021-08-14,False
Karen,Karen,16249322,2021-08-16,False
Karen,Karen,16253044,2021-08-17,False
Karen,Karen,16254830,2021-08-18,False
Karen,Karen,16257648,2021-08-20,False
Karen,Karen,16263568,2021-08-23,False
Karen,Karen,16265595,2021-08-24,False
Karen,Karen,16267508,2021-08-24,False
Karen,Karen,16291132,2021-09-04,False
Karen,Karen,16295469,2021-09-06,False
Karen,Karen,16305816,2021-09-10,False
Karen,Karen,16308619,2021-09-11,False
Karen,Karen,16312132,2021-09-12,False
Karen,Karen,16313218,2021-09-13,False
Karen,Karen,16320706,2021-09-17,False
Karen,Karen,16332724,2021-09-23,False
Karen,Karen,16345486,2021-09-30,False
Karen,Karen,16371414,2021-10-13,False
Karen,Karen,16377066,2021-10-15,False
Karen,Karen,16377195,2021-10-15,False
Karen,Karen,16392620,2021-10-26,False
Karen,Karen,16397321,2021-10-28,False
Karen,Karen,16402254,2021-10-31,False
Karen,Karen,16411270,2021-11-04,False
Karen,Karen,16411627,2021-11-04,False
Karen,Karen,16417100,2021-11-07,False
Karen,Karen,16424388,2021-11-10,False
Karen,Karen,16428141,2021-11-12,False
Karen,Karen,16431564,2021-11-14,False
Karen,Karen,16432080,2021-11-14,False
Karen,Karen,16434864,2021-11-15,False
Karen,Karen,16439428,2021-11-17,False
Karen,Karen,16457841,2021-11-20,False
Karen,Karen,16487832,2021-11-21,False
Karen,Karen,16491055,2021-11-21,False
Karen,Karen,16510236,2021-11-21,False
Karen,Karen,16532703,2021-11-22,False
Karen,Karen,16544761,2021-11-22,False
Karen,Karen,16555661,2021-11-22,False
Karen,Karen,16562096,2021-11-22,False
Karen,Karen,16570097,2021-11-22,False
Karen,Karen,16590926,2021-11-22,False
Karen,Karen,16595646,2021-11-22,False
Karen,Karen,16606225,2021-11-22,False
Karen,Karen,16640050,2021-11-23,False
Karen,Karen,16656114,2021-11-23,False
Karen,Karen,16668608,2021-11-23,False
Karen,Karen,16668630,2021-11-23,False
Karen,Karen,16670258,2021-11-23,False
Karen,Karen,16688451,2021-11-23,False
Karen,Karen,16728727,2021-11-24,False
Karen,Karen,16741762,2021-11-24,False
Karen,Karen,16748830,2021-11-24,False
Karen,Karen,16776010,2021-11-26,False
Karen,Karen,16789150,2021-11-28,False
Karen,Karen,16806153,2021-12-02,False
Karen,Karen,16814211,2021-12-05,False
Karen,Karen,16820713,2021-12-07,False
Karen,Karen,16822711,2021-12-08,False
Karen,Karen,16825757,2021-12-09,False
Karen,Karen,16830718,2021-12-11,False
Karen,Karen,16838830,2021-12-14,False
Karen,Karen,16850995,2021-12-19,False
Karen,Karen,16858117,2021-12-22,False
Karen,Karen,16865006,2021-12-26,False
Karen,Karen,16882103,2022-01-02,False
Karen,Karen,16882853,2022-01-03,False
Karen,Karen,16886908,2022-01-04,False
Karen,Karen,16888902,2022-01-05,False
Karen,Karen,16906200,2022-01-12,False
Karen,Karen,16920677,2022-01-18,False
Karen,Karen,16922958,2022-01-19,False
Karen,Karen,16924593,2022-01-19,False
Karen,Karen,16928810,2022-01-21,False
Karen,Karen,16933192,2022-01-22,False
Karen,Karen,16946426,2022-01-27,False
Karen,Karen,16960494,2022-02-02,False
Karen,Karen,16961091,2022-02-02,False
Karen,Karen,16969502,2022-02-05,False
Karen,Karen,16977354,2022-02-08,False
Karen,Karen,16990630,2022-02-13,False
Karen,Karen,16996049,2022-02-15,False
Karen,Karen,17003164,2022-02-18,False
Karen,Karen,17012456,2022-02-21,False
Karen,Karen,17022693,2022-02-25,False
Karen,Karen,17025966,2022-02-26,False
Karen,Karen,17026776,2022-02-26,False
Karen,Karen,17034014,2022-03-01,False
Karen,Karen,17045390,2022-03-05,False
Karen,Karen,17056163,2022-03-09,False
Karen,Karen,17058474,2022-03-09,False
Karen,Karen,17069497,2022-03-14,False
Karen,Karen,17083278,2022-03-19,False
Karen,Karen,17085287,2022-03-20,False
Karen,Karen,17087490,2022-03-20,False
Karen,Karen,17089581,2022-03-21,False
Karen,Karen,17092949,2022-03-22,False
Karen,Karen,17094138,2022-03-23,False
Karen,Karen,17096940,2022-03-24,False
Karen,Karen,17099732,2022-03-25,False
Karen,Karen,17102382,2022-03-26,False
Karen,Karen,17108400,2022-03-28,False
Karen,Karen,17111738,2022-03-29,False
Karen,Karen,17123720,2022-04-03,False
Karen,Karen,17130277,2022-04-06,False
Karen,Karen,17135056,2022-04-07,False
Karen,Karen,17158040,2022-04-16,False
Karen,Karen,17158945,2022-04-17,False
Karen,Karen,17168222,2022-04-20,False
Karen,Karen,17174142,2022-04-22,False
Karen,Karen,17176852,2022-04-23,False
Karen,Karen,17180354,2022-04-24,False
Karen,Karen,17186707,2022-04-26,False
Karen,Karen,17190973,2022-04-28,False
Karen,Karen,17197473,2022-05-01,False
Karen,Karen,17200869,2022-05-02,False
Karen,Karen,17221192,2022-05-09,False
Karen,Karen,17226443,2022-05-11,False
Karen,Karen,17287323,2022-06-05,False
Karen,Karen,17289151,2022-06-06,False
Karen,Karen,17295953,2022-06-09,False
Karen,Karen,17297711,2022-06-10,False
Karen,Karen,17318890,2022-06-21,False
Karen,Karen,17335269,2022-06-29,False
Karen,Karen,17363974,2022-07-16,False
Karen,Karen,17366536,2022-07-17,False
Karen,Karen,17367433,2022-07-18,False
Karen,Karen,17368694,2022-07-18,False
Karen,Karen,17369905,2022-07-19,False
Karen,Karen,17380556,2022-07-26,False
Karen,Karen,17386462,2022-07-29,False
Karen,Karen,17389941,2022-08-01,False
Karen,Karen,17395892,2022-08-04,False
Karen,Karen,17403106,2022-08-09,False
Karen,Karen,17404376,2022-08-10,False
Karen,Karen,17413561,2022-08-17,False
Karen,Karen,17425454,2022-08-25,False
Karen,Karen,17438345,2022-09-02,False
Karen,Karen,17438346,2022-09-02,False
Karen,Karen,17464418,2022-09-20,False
Karen,Karen,17468947,2022-09-23,False
Karen,Karen,17478451,2022-10-01,False
Karen,Karen,17496840,2022-10-14,False
Karen,Karen,17499842,2022-10-16,False
Karen,Karen,17516555,2022-10-27,False
Karen,Karen,17536053,2022-11-09,False
Karen,Karen,17540922,2022-11-12,False
Karen,Karen,17543458,2022-11-13,False
Karen,Karen,17555481,2022-11-21,False
Karen,Karen,17561539,2022-11-25,False
Karen,Karen,17581436,2022-12-08,False
Karen,Karen,17593032,2022-12-16,False
Karen,Karen,17601751,2022-12-23,False
Karen,Karen,17621554,2023-01-08,False
Karen,Karen,17630363,2023-01-16,False
Karen,Karen,17639410,2023-01-22,False
Karen,Karen,17652743,2023-02-01,False
Karen,Karen,17665259,2023-02-10,False
Karen,Karen,17679845,2023-02-21,False
Karen,Karen,17689718,2023-02-28,False
Karen,Karen,17704907,2023-03-09,False
Karen,Karen,17716660,2023-03-17,False
Karen,Karen,17729851,2023-03-27,False
Karen,Karen,17751599,2023-04-14,False
Karen,Karen,17768787,2023-04-28,False
Karen,Karen,17777721,2023-05-05,False
Karen,Karen,17797938,2023-05-22,False
Karen,Karen,17802139,2023-05-25,False
Karen,Karen,17810345,2023-06-01,False
Karen,Karen,17848664,2023-07-05,False
Karen,Karen,17850058,2023-07-07,False
Karen,Karen,17861275,2023-07-18,False
Karen,Karen,17888470,2023-08-14,False
Karen,Karen,17944460,2023-10-08,False
Karen,Karen,17948990,2023-10-12,False
Karen,Karen,17985867,2023-11-18,False
Karen,Karen,18038971,2023-12-06,False
Karen,Karen,18042620,2023-12-09,False
Karen,Karen,18045528,2023-12-12,False
Karen,Karen,18052592,2023-12-19,False
Karen,Karen,18060141,2023-12-27,False
Karen,Karen,18063400,2023-12-30,False
Karen,Karen,18099626,2024-02-06,False
Karen,Karen,18106352,2024-02-14,False
Karen,Karen,18109797,2024-02-17,False
Karen,Karen,18155768,2024-03-07,False
Karen,Karen,18182943,2024-04-03,False
Karen,Karen,18202043,2024-04-24,False
Karen,Karen,18211731,2024-05-04,False
Karen,Karen,18211913,2024-05-04,False
Karen,Karen,18215159,2024-05-07,False
Karen,Karen,18242938,2024-06-09,False
Karen,Karen,18255184,2024-06-24,False
Karen,Karen,18271941,2024-07-16,False
Karen,Karen,18275219,2024-07-20,False
Karen,Karen,18291334,2024-08-11,False
Karen,Karen,18353629,2024-10-28,False
Karen,Karen,18401979,2025-01-03,False
Karen,Karen,18424925,2025-02-05,False
Karen,Karen,18431980,2025-02-15,False
Karen,Karen,18452985,2025-03-17,False
Karen,Karen,18463007,2025-03-31,False
Karen,Karen,18505464,2025-06-18,False
Karen,Karen,18573360,2025-11-21,False
Karen,Karen,18589400,2026-01-02,False
Karen,Karen,18636916,2026-04-20,False
Karen,Karen,18647146,2026-05-17,False
Karen,Karen,18736795,2026-09-06,False
cheugy,cheugy,13339739,2018-11-08,False
cheugy,cheugy,15963984,2021-05-03,False
cheugy,cheugy,16751194,2021-11-24,False
cheugy,cheugy,15957516,2021-05-01,False
cheugy,cheugy,16129494,2021-06-25,False
cheugy,cheugy,16230463,2021-08-05,False
cheugy,cheugy,16380936,2021-10-17,False
cheugy,cheugy,15967261,2021-05-04,False
cheugy,cheugy,16142706,2021-06-29,False
cheugy,cheugy,15963710,2021-05-03,False
cheugy,cheugy,16094280,2021-06-11,False
cheugy,cheugy,16821463,2021-12-07,False
cheugy,cheugy,15979093,2021-05-09,False
cheugy,cheugy,15983405,2021-05-11,False
cheugy,cheugy,17536088,2022-11-09,False
cheugy,cheugy,16892421,2022-01-06,False
cheugy,cheugy,16337324,2021-09-26,False
cheugy,cheugy,16929275,2022-01-21,False
cheugy,cheugy,17759381,2023-04-20,False
cheugy,cheugy,17792359,2023-05-17,False
cheugy,cheugy,17794203,2023-05-19,False
cheugy,cheugy,18113886,2024-02-20,False
cheugy,cheugy,18261907,2024-07-02,False
cheugy,cheugy,18627030,2026-03-25,False
caught in 4K,caught in 4K,15817211,2021-03-11,False
caught in 4K,caught in 4K,15609644,2020-12-26,False
caught in 4K,caught in 4K,15820282,2021-03-12,False
caught in 4K,caught in 4K,16973028,2022-02-07,False
caught in 4K,caught in 4K,16999441,2022-02-16,False
caught in 4K,caught in 4K,16826452,2021-12-09,False
caught in 4K,caught in 4K,17199998,2022-05-02,False
caught in 4K,caught in 4K,15762937,2021-02-21,False
caught in 4K,caught in 4K,16947167,2022-01-27,False
caught in 4K,caught in 4K,17470979,2022-09-25,False
caught in 4K,caught in 4K,15943943,2021-04-26,False
caught in 4K,caught in 4K,15794563,2021-03-04,False
caught in 4K,caught in 4K,17017384,2022-02-23,False
caught in 4K,caught in 4K,17695623,2023-03-03,False
caught in 4K,caught in 4K,16180544,2021-07-14,False
caught in 4K,caught in 4K,17657211,2023-02-04,False
ratio,ratio,15307844,2020-09-11,False
ratio,ratio,15521709,2020-11-26,False
ratio,ratio,16188258,2021-07-17,False
ratio,ratio,16188870,2021-07-17,False
ratio,ratio,15782782,2021-02-28,False
ratio,ratio,15912754,2021-04-15,False
ratio,ratio,15914331,2021-04-15,False
ratio,ratio,15820105,2021-03-12,False
ratio,ratio,15394157,2020-10-16,False
ratio,ratio,17061776,2022-03-11,False
ratio,ratio,15729861,2021-02-09,False
ratio,ratio,12558928,2018-02-14,False
ratio,ratio,16425555,2021-11-11,False
ratio,ratio,17127309,2022-04-05,False
ratio,ratio,15731850,2021-02-10,False
ratio,ratio,16372105,2021-10-13,False
ratio,ratio,17104618,2022-03-27,False
ratio,ratio,16969780,2022-02-05,False
ratio,ratio,16385410,2021-10-19,False
ratio,ratio,17020869,2022-02-24,False
ratio,ratio,17189111,2022-04-27,False
ratio,ratio,17368731,2022-07-18,False
ratio,ratio,17444143,2022-09-06,False
ratio,ratio,15879279,2021-04-02,False
ratio,ratio,15959616,2021-05-02,False
ratio,ratio,16220105,2021-07-31,False
ratio,ratio,16349734,2021-10-02,False
ratio,ratio,16131727,2021-06-25,False
ratio,ratio,16895326,2022-01-08,False
ratio,ratio,15732128,2021-02-10,False
ratio,ratio,1953544,2006-09-03,False
ratio,ratio,270349,2003-09-29,False
ratio,ratio,16246320,2021-08-14,False
ratio,ratio,16908414,2022-01-13,False
ratio,ratio,5934370,2011-07-07,False
ratio,ratio,16126898,2021-06-24,False
ratio,ratio,16217811,2021-07-30,False
ratio,ratio,16166752,2021-07-08,False
ratio,ratio,16911365,2022-01-14,False
ratio,ratio,15885049,2021-04-05,False
ratio,ratio,17096889,2022-03-24,False
ratio,ratio,16073593,2021-06-07,False
ratio,ratio,16088551,2021-06-09,False
ratio,ratio,16199198,2021-07-21,False
ratio,ratio,15951461,2021-04-29,False
ratio,ratio,14388209,2019-11-04,False
ratio,ratio,15940681,2021-04-25,False
ratio,ratio,15970770,2021-05-06,False
ratio,ratio,16001763,2021-05-17,False
ratio,ratio,16003904,2021-05-18,False
ratio,ratio,16038430,2021-05-27,False
ratio,ratio,16124338,2021-06-23,False
ratio,ratio,16200916,2021-07-22,False
ratio,ratio,16211679,2021-07-27,False
ratio,ratio,16213069,2021-07-27,False
ratio,ratio,16215321,2021-07-29,False
ratio,ratio,16217557,2021-07-30,False
ratio,ratio,16238712,2021-08-10,False
ratio,ratio,16241359,2021-08-11,False
ratio,ratio,16269619,2021-08-25,False
ratio,ratio,16293623,2021-09-05,False
ratio,ratio,16315818,2021-09-14,False
ratio,ratio,16345272,2021-09-30,False
ratio,ratio,16355938,2021-10-05,False
ratio,ratio,16386571,2021-10-19,False
ratio,ratio,16406542,2021-11-02,False
ratio,ratio,16409729,2021-11-03,False
ratio,ratio,16423300,2021-11-09,False
ratio,ratio,16435392,2021-11-15,False
ratio,ratio,16682980,2021-11-23,False
ratio,ratio,16766514,2021-11-25,False
ratio,ratio,16794376,2021-11-29,False
ratio,ratio,16798850,2021-11-30,False
ratio,ratio,16810577,2021-12-04,False
ratio,ratio,16840770,2021-12-14,False
ratio,ratio,16842791,2021-12-15,False
ratio,ratio,16874419,2021-12-30,False
ratio,ratio,16887546,2022-01-05,False
ratio,ratio,16888501,2022-01-05,False
ratio,ratio,16891419,2022-01-06,False
ratio,ratio,16923734,2022-01-19,False
ratio,ratio,16927290,2022-01-20,False
ratio,ratio,16927312,2022-01-20,False
ratio,ratio,16927313,2022-01-20,False
ratio,ratio,16935024,2022-01-23,False
ratio,ratio,16947482,2022-01-27,False
ratio,ratio,16948269,2022-01-28,False
ratio,ratio,16949145,2022-01-28,False
ratio,ratio,16951703,2022-01-29,False
ratio,ratio,16956024,2022-01-31,False
ratio,ratio,16959120,2022-02-01,False
ratio,ratio,16987755,2022-02-12,False
ratio,ratio,17005059,2022-02-18,False
ratio,ratio,17007073,2022-02-19,False
ratio,ratio,17014912,2022-02-22,False
ratio,ratio,17034993,2022-03-01,False
ratio,ratio,17058914,2022-03-10,False
ratio,ratio,17064779,2022-03-12,False
ratio,ratio,17074469,2022-03-15,False
ratio,ratio,17085237,2022-03-20,False
ratio,ratio,17085533,2022-03-20,False
ratio,ratio,17115915,2022-03-31,False
ratio,ratio,17147240,2022-04-12,False
ratio,ratio,17149718,2022-04-13,False
ratio,ratio,17152544,2022-04-14,False
ratio,ratio,17153375,2022-04-14,False
ratio,ratio,17157775,2022-04-16,False
ratio,ratio,17158649,2022-04-16,False
ratio,ratio,17164216,2022-04-18,False
ratio,ratio,17191897,2022-04-28,False
ratio,ratio,17232087,2022-05-13,False
ratio,ratio,17235768,2022-05-15,False
ratio,ratio,17246812,2022-05-19,False
ratio,ratio,17267246,2022-05-27,False
ratio,ratio,17276543,2022-05-31,False
ratio,ratio,17290334,2022-06-06,False
ratio,ratio,17293901,2022-06-08,False
ratio,ratio,17366466,2022-07-17,False
ratio,ratio,17391164,2022-08-01,False
ratio,ratio,17415305,2022-08-18,False
ratio,ratio,17416657,2022-08-19,False
ratio,ratio,17484266,2022-10-05,False
ratio,ratio,17485933,2022-10-06,False
ratio,ratio,17505604,2022-10-20,False
ratio,ratio,17564715,2022-11-27,False
ratio,ratio,17671443,2023-02-14,False
ratio,ratio,17681819,2023-02-22,False
ratio,ratio,17761517,2023-04-22,False
mid,mid,15164960,2020-07-08,False
mid,mid,16946128,2022-01-27,False
mid,mid,16906752,2022-01-12,False
mid,mid,16873997,2021-12-30,False
mid,mid,15196712,2020-07-21,False
mid,mid,449351,2004-01-15,False
mid,mid,14674287,2020-01-31,False
mid,mid,14318657,2019-10-21,False
mid,mid,15512306,2020-11-23,False
mid,mid,17180113,2022-04-24,False
mid,mid,4930840,2010-05-01,False
mid,mid,17095718,2022-03-23,False
mid,mid,17216216,2022-05-07,False
mid,mid,16437174,2021-11-16,False
mid,mid,16931577,2022-01-22,False
mid,mid,17523038,2022-11-01,False
mid,mid,16889254,2022-01-05,False
mid,mid,17149308,2022-04-13,False
mid,mid,14137859,2019-08-20,False
mid,mid,17124867,2022-04-04,False
mid,mid,14911331,2020-04-19,False
mid,mid,13182445,2018-09-08,False
mid,mid,16862081,2021-12-24,False
mid,mid,3967155,2009-05-16,False
mid,mid,17136255,2022-04-08,False
mid,mid,17826028,2023-06-15,False
mid,mid,1956592,2006-09-04,False
mid,mid,3178565,2008-06-25,False
mid,mid,16913375,2022-01-15,False
mid,mid,16953081,2022-01-30,False
mid,mid,17028164,2022-02-27,False
mid,mid,17074647,2022-03-15,False
mid,mid,17166648,2022-04-19,False
mid,mid,17325627,2022-06-24,False
mid,mid,16873194,2021-12-29,False
mid,mid,14071193,2019-07-19,False
mid,mid,21822,2003-01-17,False
mid,mid,15169573,2020-07-09,False
mid,mid,16992858,2022-02-14,False
mid,mid,17363283,2022-07-15,False
mid,mid,17904730,2023-08-31,False
mid,mid,15726409,2021-02-08,False
mid,mid,17271012,2022-05-29,False
mid,mid,17422642,2022-08-23,False
mid,mid,16092949,2021-06-11,False
mid,mid,16168522,2021-07-09,False
mid,mid,16311149,2021-09-12,False
mid,mid,17204806,2022-05-03,False
mid,mid,276858,2003-10-05,False
mid,mid,17189914,2022-04-28,False
mid,mid,15606127,2020-12-24,False
mid,mid,15841422,2021-03-20,False
mid,mid,15857911,2021-03-25,False
mid,mid,15920618,2021-04-18,False
mid,mid,16013739,2021-05-20,False
mid,mid,16147225,2021-07-01,False
mid,mid,16207663,2021-07-25,False
mid,mid,16218523,2021-07-30,False
mid,mid,16287250,2021-09-02,False
mid,mid,16293717,2021-09-05,False
mid,mid,16310160,2021-09-12,False
mid,mid,16317028,2021-09-15,False
mid,mid,16318106,2021-09-15,False
mid,mid,16321515,2021-09-17,False
mid,mid,16332341,2021-09-23,False
mid,mid,16349797,2021-10-02,False
mid,mid,16362164,2021-10-08,False
mid,mid,16365829,2021-10-10,False
mid,mid,16365842,2021-10-10,False
mid,mid,16408984,2021-11-03,False
mid,mid,16529719,2021-11-22,False
mid,mid,16768221,2021-11-25,False
mid,mid,16793893,2021-11-29,False
mid,mid,16808493,2021-12-03,False
mid,mid,16809718,2021-12-04,False
mid,mid,16811368,2021-12-04,False
mid,mid,16837428,2021-12-13,False
mid,mid,16842549,2021-12-15,False
mid,mid,16851730,2021-12-19,False
mid,mid,16854323,2021-12-20,False
mid,mid,16854340,2021-12-20,False
mid,mid,16854833,2021-12-21,False
mid,mid,16861284,2021-12-24,False
mid,mid,16862072,2021-12-24,False
mid,mid,16867458,2021-12-27,False
mid,mid,16872775,2021-12-29,False
mid,mid,16880526,2022-01-02,False
mid,mid,16882450,2022-01-02,False
mid,mid,16884824,2022-01-03,False
mid,mid,16894978,2022-01-07,False
mid,mid,16896118,2022-01-08,False
mid,mid,16908024,2022-01-13,False
mid,mid,16913721,2022-01-15,False
mid,mid,16919368,2022-01-18,False
mid,mid,16921914,2022-01-18,False
mid,mid,16943486,2022-01-26,False
mid,mid,16954373,2022-01-30,False
mid,mid,16954378,2022-01-30,False
mid,mid,16966809,2022-02-04,False
mid,mid,16968762,2022-02-05,False
mid,mid,16971870,2022-02-06,False
mid,mid,16973761,2022-02-07,False
mid,mid,16978488,2022-02-09,False
mid,mid,16980407,2022-02-09,False
mid,mid,16984285,2022-02-11,False
mid,mid,16990520,2022-02-13,False
mid,mid,16993065,2022-02-14,False
mid,mid,16995468,2022-02-15,False
mid,mid,16998782,2022-02-16,False
mid,mid,17001488,2022-02-17,False
mid,mid,17002780,2022-02-17,False
mid,mid,17004620,2022-02-18,False
mid,mid,17004802,2022-02-18,False
mid,mid,17005020,2022-02-18,False
mid,mid,17005092,2022-02-18,False
mid,mid,17016766,2022-02-23,False
mid,mid,17023702,2022-02-25,False
mid,mid,17026311,2022-02-26,False
mid,mid,17029046,2022-02-27,False
mid,mid,17037775,2022-03-02,False
mid,mid,17053809,2022-03-08,False
mid,mid,17056178,2022-03-09,False
mid,mid,17066739,2022-03-13,False
mid,mid,17074639,2022-03-15,False
mid,mid,17088681,2022-03-21,False
mid,mid,17092509,2022-03-22,False
mid,mid,17098492,2022-03-24,False
mid,mid,17101759,2022-03-26,False
mid,mid,17102141,2022-03-26,False
mid,mid,17104531,2022-03-27,False
mid,mid,17105022,2022-03-27,False
mid,mid,17117140,2022-03-31,False
mid,mid,17121529,2022-04-02,False
mid,mid,17121937,2022-04-03,False
mid,mid,17123368,2022-04-03,False
mid,mid,17128589,2022-04-05,False
mid,mid,17128906,2022-04-05,False
mid,mid,17129606,2022-04-05,False
mid,mid,17141418,2022-04-10,False
mid,mid,17143187,2022-04-11,False
mid,mid,17146765,2022-04-12,False
mid,mid,17149104,2022-04-13,False
mid,mid,17155905,2022-04-15,False
mid,mid,17156928,2022-04-16,False
mid,mid,17174311,2022-04-22,False
mid,mid,17177950,2022-04-23,False
mid,mid,17180755,2022-04-24,False
mid,mid,17192349,2022-04-28,False
mid,mid,17196446,2022-04-30,False
mid,mid,17200600,2022-05-02,False
mid,mid,17200821,2022-05-02,False
mid,mid,17203885,2022-05-03,False
mid,mid,17207828,2022-05-04,False
mid,mid,17214925,2022-05-07,False
mid,mid,17217560,2022-05-08,False
mid,mid,17217959,2022-05-08,False
mid,mid,17236901,2022-05-15,False
mid,mid,17245309,2022-05-18,False
mid,mid,17247903,2022-05-19,False
mid,mid,17252496,2022-05-21,False
mid,mid,17258334,2022-05-23,False
mid,mid,17258463,2022-05-23,False
mid,mid,17270983,2022-05-29,False
mid,mid,17283649,2022-06-03,False
mid,mid,17289610,2022-06-06,False
mid,mid,17294934,2022-06-08,False
mid,mid,17311300,2022-06-16,False
mid,mid,17314916,2022-06-18,False
mid,mid,17317951,2022-06-20,False
mid,mid,17322370,2022-06-22,False
mid,mid,17324786,2022-06-23,False
mid,mid,17334386,2022-06-28,False
mid,mid,17340193,2022-07-02,False
mid,mid,17340192,2022-07-02,False
mid,mid,17340757,2022-07-02,False
mid,mid,17340851,2022-07-02,False
mid,mid,17349976,2022-07-08,False
mid,mid,17350056,2022-07-08,False
mid,mid,17367257,2022-07-18,False
mid,mid,17376988,2022-07-23,False
mid,mid,17381347,2022-07-26,False
mid,mid,17388752,2022-07-31,False
mid,mid,17397987,2022-08-06,False
mid,mid,17413634,2022-08-17,False
mid,mid,17416584,2022-08-19,False
mid,mid,17432010,2022-08-29,False
mid,mid,17433156,2022-08-30,False
mid,mid,17450514,2022-09-10,False
mid,mid,17451219,2022-09-11,False
mid,mid,17459850,2022-09-17,False
mid,mid,17472354,2022-09-26,False
mid,mid,17478189,2022-09-30,False
mid,mid,17479418,2022-10-01,False
mid,mid,17485700,2022-10-06,False
mid,mid,17497436,2022-10-14,False
mid,mid,17508261,2022-10-22,False
mid,mid,17529578,2022-11-05,False
mid,mid,17535130,2022-11-08,False
mid,mid,17537451,2022-11-09,False
mid,mid,17548352,2022-11-16,False
mid,mid,17565028,2022-11-28,False
mid,mid,17595815,2022-12-19,False
mid,mid,17618597,2023-01-06,False
mid,mid,17635091,2023-01-19,False
mid,mid,17641978,2023-01-24,False
mid,mid,17644389,2023-01-26,False
mid,mid,17647008,2023-01-28,False
mid,mid,17655761,2023-02-03,False
mid,mid,17673021,2023-02-16,False
mid,mid,17679949,2023-02-21,False
mid,mid,17686888,2023-02-26,False
mid,mid,17688862,2023-02-27,False
mid,mid,17696845,2023-03-04,False
mid,mid,17700929,2023-03-07,False
mid,mid,17701019,2023-03-07,False
mid,mid,17715356,2023-03-17,False
mid,mid,17720200,2023-03-20,False
mid,mid,17759722,2023-04-20,False
mid,mid,17760223,2023-04-21,False
mid,mid,17807121,2023-05-30,False
mid,mid,17827637,2023-06-17,False
mid,mid,17867830,2023-07-24,False
mid,mid,17870030,2023-07-26,False
mid,mid,17873556,2023-07-30,False
mid,mid,17879051,2023-08-04,False
mid,mid,17895736,2023-08-22,False
mid,mid,17915636,2023-09-11,False
mid,mid,17940324,2023-10-04,False
mid,mid,17949876,2023-10-12,False
mid,mid,17974349,2023-11-05,False
mid,mid,17984656,2023-11-17,False
mid,mid,18046552,2023-12-13,False
mid,mid,18085754,2024-01-23,False
mid,mid,18154068,2024-03-05,False
mid,mid,18157147,2024-03-08,False
mid,mid,18182560,2024-04-03,False
mid,mid,18199872,2024-04-22,False
mid,mid,18199877,2024-04-22,False
mid,mid,18209874,2024-05-02,False
mid,mid,18211473,2024-05-03,False
mid,mid,18211514,2024-05-03,False
mid,mid,18219270,2024-05-12,False
mid,mid,18294307,2024-08-15,False
mid,mid,18325352,2024-09-24,False
mid,mid,18421436,2025-01-31,False
mid,mid,18461783,2025-03-29,False
mid,mid,18502204,2025-06-11,False
mid,mid,18513828,2025-07-08,False
mid,mid,18515719,2025-07-12,False
mid,mid,18529065,2025-08-09,False
mid,mid,18585868,2025-12-23,False
mid,mid,18643596,2026-05-07,False
mid,myd,13610913,2019-02-12,False
mid,myd,17819256,2023-06-09,False
touch grass,touch grass,15670958,2021-01-18,False
touch grass,touch grass,15958702,2021-05-02,False
touch grass,touch grass,15738647,2021-02-12,False
touch grass,touch grass,15792907,2021-03-03,False
touch grass,touch grass,15628764,2021-01-02,False
touch grass,touch grass,17665126,2023-02-10,False
touch grass,touch grass,15811564,2021-03-10,False
touch grass,touch grass,16892136,2022-01-06,False
touch grass,touch grass,16338003,2021-09-26,False
touch grass,touch grass,16119898,2021-06-21,False
touch grass,touch grass,16002562,2021-05-17,False
touch grass,touch grass,16856861,2021-12-22,False
touch grass,touch grass,16405887,2021-11-02,False
touch grass,touch grass,16803098,2021-12-02,False
touch grass,touch grass,15493305,2020-11-17,False
touch grass,touch grass,17222301,2022-05-10,False
touch grass,touch grass,17368264,2022-07-18,False
touch grass,touch grass,17032094,2022-02-28,False
touch grass,touch grass,15830901,2021-03-16,False
touch grass,touch grass,16915911,2022-01-16,False
touch grass,touch grass,17137352,2022-04-08,False
touch grass,touch grass,17137985,2022-04-09,False
touch grass,touch grass,17166841,2022-04-19,False
touch grass,touch grass,17253481,2022-05-22,False
touch grass,touch grass,17288641,2022-06-06,False
touch grass,touch grass,17311477,2022-06-16,False
touch grass,touch grass,17382719,2022-07-27,False
touch grass,touch grass,17471901,2022-09-26,False
touch grass,touch grass,17499568,2022-10-16,False
touch grass,touch grass,17750305,2023-04-13,False
touch grass,touch grass,17752445,2023-04-14,False
touch grass,touch grass,17770415,2023-04-29,False
touch grass,touch grass,17782351,2023-05-09,False
touch grass,touch grass,17796216,2023-05-21,False
touch grass,touch grass,17851964,2023-07-08,False
touch grass,touch grass,18043389,2023-12-10,False
touch grass,touch grass,18064673,2024-01-01,False
touch grass,touch grass,18083456,2024-01-20,False
touch grass,touch grass,18120354,2024-02-24,False
touch grass,touch grass,18177917,2024-03-29,False
touch grass,touch grass,18249203,2024-06-16,False
touch grass,touch grass,18314879,2024-09-10,False
touch grass,touch grass,18343468,2024-10-18,False
touch grass,touch grass,18542309,2025-09-08,False
touch grass,touch grass,18711667,2026-06-22,False
touch grass,touch grass,18711678,2026-06-22,False
touch grass,touch some grass,16018515,2021-05-22,False
touch grass,touch some grass,15909889,2021-04-14,False
touch grass,touch some grass,16816842,2021-12-06,False
touch grass,touch some grass,15715172,2021-02-03,False
touch grass,touch some grass,16441152,2021-11-18,False
touch grass,touch some grass,15939084,2021-04-24,False
goated,goated,14212535,2019-09-22,False
goated,goated,12489574,2018-01-29,False
goated,goated,14340793,2019-10-26,False
goated,goated,14282197,2019-10-15,False
goated,goated,14121929,2019-08-12,False
goated,goated,15647529,2021-01-09,False
goated,goated,1820712,2006-06-21,False
goated,goated,2996145,2008-04-10,False
goated,goated,5566958,2011-02-22,False
goated,goated,954845,2004-12-19,False
goated,goated,14537645,2019-12-12,False
goated,goated,14687122,2020-02-03,False
goated,goated,3869217,2009-04-07,False
goated,goated,8985571,2016-04-08,False
goated,goated,2859191,2008-02-16,False
goated,goated,13095104,2018-07-26,False
goated,goated,13542035,2019-01-20,False
goated,goated,13594909,2019-02-07,False
goated,goated,14140302,2019-08-21,False
goated,goated,14449399,2019-11-18,False
goated,goated,14485597,2019-11-28,False
goated,goated,14503863,2019-12-03,False
goated,goated,14509429,2019-12-04,False
goated,goated,14642705,2020-01-20,False
goated,goated,14963034,2020-05-05,False
goated,goated,15708480,2021-02-01,False
goated,goated,15861187,2021-03-26,False
goated,goated,16153822,2021-07-03,False
goated,goated,16299306,2021-09-07,False
goated,goated,16395252,2021-10-27,False
goated,goated,16898706,2022-01-09,False
goated,goated,16994354,2022-02-15,False
goated,goated,17100398,2022-03-25,False
goated,goated,17281307,2022-06-02,False
goated,goated,17708538,2023-03-12,False
goated,goated,17732051,2023-03-29,False
goated,goated,17795243,2023-05-20,False
goated,goated,17898158,2023-08-24,False
goated,goated,18085120,2024-01-22,False
goated,goated,18112955,2024-02-19,False
goated,goated,18391273,2024-12-17,False
goated,goated,18438907,2025-02-24,False
goated,goated,18502202,2025-06-11,False
goated,goated,18511641,2025-07-03,False
goated,goated,18614164,2026-02-25,False
ick,ick,15111573,2020-06-18,False
ick,ick,15805950,2021-03-08,False
ick,ick,15935409,2021-04-23,False
ick,ick,653814,2004-05-05,False
ick,ick,131660,2003-05-18,False
ick,ick,15808704,2021-03-09,False
ick,ick,1913724,2006-08-12,False
ick,ick,2934924,2008-03-18,False
ick,ick,374367,2003-12-01,False
ick,ick,4914071,2010-04-25,False
ick,ick,3402260,2009-02-18,False
ick,ick,16950929,2022-01-29,False
ick,ick,17558089,2022-11-23,False
ick,ick,17710537,2023-03-13,False
ick,ick,988054,2005-01-09,False
ick,ick,17210962,2022-05-05,False
ick,ick,2263685,2007-02-20,False
ick,ick,343421,2003-11-10,False
ick,ick,1154495,2005-03-30,False
ick,ick,15108731,2020-06-17,False
ick,ick,15470261,2020-11-10,False
ick,ick,15589070,2020-12-19,False
ick,ick,15995762,2021-05-15,False
ick,ick,16199619,2021-07-22,False
ick,ick,16259388,2021-08-20,False
ick,ick,16337281,2021-09-26,False
ick,ick,16441286,2021-11-18,False
ick,ick,16829811,2021-12-10,False
ick,ick,16902646,2022-01-11,False
ick,ick,16934009,2022-01-23,False
ick,ick,16970609,2022-02-06,False
ick,ick,16974634,2022-02-07,False
ick,ick,17020176,2022-02-24,False
ick,ick,17063914,2022-03-11,False
ick,ick,17185943,2022-04-26,False
ick,ick,17186488,2022-04-26,False
ick,ick,17201637,2022-05-02,False
ick,ick,17241358,2022-05-17,False
ick,ick,17251967,2022-05-21,False
ick,ick,17317716,2022-06-20,False
ick,ick,17332621,2022-06-27,False
ick,ick,17339391,2022-07-01,False
ick,ick,17376806,2022-07-23,False
ick,ick,17378661,2022-07-24,False
ick,ick,17408884,2022-08-13,False
ick,ick,17410489,2022-08-15,False
ick,ick,17447349,2022-09-08,False
ick,ick,17573307,2022-12-03,False
ick,ick,17579654,2022-12-07,False
ick,ick,17590795,2022-12-15,False
ick,ick,17621794,2023-01-08,False
ick,ick,17687645,2023-02-26,False
ick,ick,17718900,2023-03-19,False
ick,ick,17777454,2023-05-05,False
ick,ick,17806874,2023-05-30,False
ick,ick,17829539,2023-06-18,False
ick,ick,17836952,2023-06-24,False
ick,ick,17894614,2023-08-20,False
ick,ick,17932704,2023-09-27,False
ick,ick,17939127,2023-10-03,False
ick,ick,18006876,2023-11-21,False
ick,ick,18057559,2023-12-24,False
ick,ick,18069067,2024-01-06,False
ick,ick,18087756,2024-01-25,False
ick,ick,18089112,2024-01-26,False
ick,ick,18149328,2024-02-29,False
ick,ick,18166748,2024-03-18,False
ick,ick,18189291,2024-04-10,False
ick,ick,18190284,2024-04-12,False
ick,ick,18213278,2024-05-05,False
ick,ick,18400815,2025-01-01,False
ick,ick,18548026,2025-09-21,False
ick,ick,18718681,2026-07-14,False
sheesh,sheesh,11473011,2017-04-23,False
sheesh,sheesh,15863571,2021-03-27,False
sheesh,sheesh,15882303,2021-04-04,False
sheesh,sheesh,13242259,2018-10-04,False
sheesh,sheesh,6453852,2012-04-28,False
sheesh,sheesh,15865651,2021-03-28,False
sheesh,sheesh,15968625,2021-05-05,False
sheesh,sheesh,7808406,2014-06-30,False
sheesh,sheesh,761299,2004-07-17,False
sheesh,sheesh,15633841,2021-01-04,False
sheesh,sheesh,15825816,2021-03-15,False
sheesh,sheesh,12565398,2018-05-06,False
sheesh,sheesh,15777414,2021-02-26,False
sheesh,sheesh,1095273,2005-03-02,False
sheesh,sheesh,13067370,2018-07-14,False
sheesh,sheesh,17114292,2022-03-30,False
sheesh,sheesh,13682109,2019-03-05,False
sheesh,sheesh,15889304,2021-04-06,False
sheesh,sheesh,15960390,2021-05-02,False
sheesh,sheesh,9286036,2016-09-04,False
sheesh,sheesh,6345801,2012-01-06,False
sheesh,sheesh,1892078,2006-07-31,False
sheesh,sheesh,5888994,2011-06-15,False
sheesh,sheesh,830397,2004-09-18,False
sheesh,sheesh,15438732,2020-10-31,False
sheesh,sheesh,15998291,2021-05-16,False
sheesh,sheesh,4474808,2010-01-02,False
sheesh,sheesh,15908598,2021-04-13,False
sheesh,sheesh,5998860,2011-08-05,False
sheesh,sheesh,15912882,2021-04-15,False
sheesh,sheesh,15949347,2021-04-28,False
sheesh,sheesh,16002069,2021-05-17,False
sheesh,sheesh,16341657,2021-09-28,False
sheesh,sheesh,16849557,2021-12-18,False
sheesh,sheesh,15863989,2021-03-27,False
sheesh,sheesh,15905314,2021-04-12,False
sheesh,sheesh,15924132,2021-04-19,False
sheesh,sheesh,16377709,2021-10-15,False
sheesh,sheesh,3156276,2008-06-16,False
sheesh,sheesh,3296849,2008-10-16,False
sheesh,sheesh,15965305,2021-05-04,False
sheesh,sheesh,15296334,2020-09-06,False
sheesh,sheesh,15871521,2021-03-30,False
sheesh,sheesh,12362144,2017-12-31,False
sheesh,sheesh,5361005,2010-11-19,False
sheesh,sheesh,12122156,2017-11-02,False
sheesh,sheesh,15905057,2021-04-12,False
sheesh,sheesh,15952688,2021-04-29,False
sheesh,sheesh,15990306,2021-05-13,False
sheesh,sheesh,12471412,2018-01-23,False
sheesh,sheesh,1749605,2006-05-19,False
sheesh,sheesh,2041078,2006-10-20,False
sheesh,sheesh,15891680,2021-04-07,False
sheesh,sheesh,16445008,2021-11-19,False
sheesh,sheesh,15982556,2021-05-10,False
sheesh,sheesh,623119,2004-04-20,False
sheesh,sheesh,4496724,2010-01-11,False
sheesh,sheesh,4101222,2009-07-10,False
sheesh,sheesh,13244197,2018-10-05,False
sheesh,sheesh,13292586,2018-10-23,False
sheesh,sheesh,13473209,2018-12-23,False
sheesh,sheesh,13863032,2019-05-01,False
sheesh,sheesh,14520906,2019-12-08,False
sheesh,sheesh,15328072,2020-09-20,False
sheesh,sheesh,15339529,2020-09-25,False
sheesh,sheesh,15456697,2020-11-06,False
sheesh,sheesh,15498061,2020-11-18,False
sheesh,sheesh,15662146,2021-01-15,False
sheesh,sheesh,15867887,2021-03-29,False
sheesh,sheesh,15876783,2021-04-01,False
sheesh,sheesh,15881101,2021-04-03,False
sheesh,sheesh,15893573,2021-04-07,False
sheesh,sheesh,15898293,2021-04-09,False
sheesh,sheesh,15909934,2021-04-14,False
sheesh,sheesh,15943016,2021-04-26,False
sheesh,sheesh,15943227,2021-04-26,False
sheesh,sheesh,15943231,2021-04-26,False
sheesh,sheesh,15946769,2021-04-27,False
sheesh,sheesh,15950009,2021-04-28,False
sheesh,sheesh,15980767,2021-05-10,False
sheesh,sheesh,15986988,2021-05-12,False
sheesh,sheesh,15988918,2021-05-13,False
sheesh,sheesh,16000206,2021-05-17,False
sheesh,sheesh,16018894,2021-05-22,False
sheesh,sheesh,16019335,2021-05-22,False
sheesh,sheesh,16021735,2021-05-22,False
sheesh,sheesh,16044005,2021-05-30,False
sheesh,sheesh,16046719,2021-05-31,False
sheesh,sheesh,16056473,2021-06-02,False
sheesh,sheesh,16064680,2021-06-05,False
sheesh,sheesh,16081006,2021-06-08,False
sheesh,sheesh,16153823,2021-07-03,False
sheesh,sheesh,16159644,2021-07-06,False
sheesh,sheesh,16169563,2021-07-09,False
sheesh,sheesh,16171056,2021-07-10,False
sheesh,sheesh,16214651,2021-07-28,False
sheesh,sheesh,16276088,2021-08-29,False
sheesh,sheesh,16280570,2021-08-31,False
sheesh,sheesh,16286244,2021-09-02,False
sheesh,sheesh,16316053,2021-09-14,False
sheesh,sheesh,16324028,2021-09-19,False
sheesh,sheesh,16329211,2021-09-21,False
sheesh,sheesh,16338079,2021-09-26,False
sheesh,sheesh,16362342,2021-10-08,False
sheesh,sheesh,16369224,2021-10-12,False
sheesh,sheesh,16382188,2021-10-17,False
sheesh,sheesh,16385664,2021-10-19,False
sheesh,sheesh,16407704,2021-11-02,False
sheesh,sheesh,16433815,2021-11-15,False
sheesh,sheesh,16458282,2021-11-20,False
sheesh,sheesh,16490558,2021-11-21,False
sheesh,sheesh,16778612,2021-11-26,False
sheesh,sheesh,16874386,2021-12-30,False
sheesh,sheesh,16891748,2022-01-06,False
sheesh,sheesh,16892256,2022-01-06,False
sheesh,sheesh,16950843,2022-01-29,False
sheesh,sheesh,17039692,2022-03-03,False
sheesh,sheesh,17071983,2022-03-14,False
sheesh,sheesh,17081508,2022-03-18,False
sheesh,sheesh,17110790,2022-03-29,False
sheesh,sheesh,17513325,2022-10-25,False
sheesh,sheesh,17686885,2023-02-26,False
sheesh,sheesh,17895783,2023-08-22,False
sheesh,sheesh,18186333,2024-04-07,False
gatekeep,gatekeep,16138611,2021-06-28,False
gatekeep,gatekeep,17470727,2022-09-25,False
pick me,pick me,15536007,2020-12-01,False
pick me,pick me,9711996,2016-05-13,False
pick me,pick me,15945604,2021-04-27,False
pick me,pick me,16235880,2021-08-08,False
pick me,pick me,16324747,2021-09-19,False
pick me,pick me,16951144,2022-01-29,False
pick me,pick me,16194977,2021-07-20,False
pick me,pick me,16196658,2021-07-20,False
pick me,pick me,17803237,2023-05-26,False
pick me,pick me,15694576,2021-01-27,False
pick me,pick me,15784982,2021-03-01,False
pick me,pick me,16300756,2021-09-07,False
pick me,pick me,15781741,2021-02-28,False
pick me,pick me,15862070,2021-03-26,False
pick me,pick me,16212972,2021-07-27,False
pick me,pick me,17102201,2022-03-26,False
pick me,pick me,14791065,2020-03-10,False
pick me,pick me,15024941,2020-05-27,False
pick me,pick me,16045704,2021-05-30,False
pick me,pick me,15861163,2021-03-26,False
pick me,pick me,15572956,2020-12-13,False
pick me,pick me,16957284,2022-01-31,False
pick me,pick me,17454242,2022-09-13,False
pick me,pick me,15940633,2021-04-25,False
pick me,pick me,16184940,2021-07-15,False
pick me,pick me,16194862,2021-07-20,False
pick me,pick me,15868261,2021-03-29,False
pick me,pick me,15979257,2021-05-09,False
pick me,pick me,16109513,2021-06-17,False
pick me,pick me,16195217,2021-07-20,False
pick me,pick me,16237210,2021-08-09,False
pick me,pick me,16272278,2021-08-27,False
pick me,pick me,16362831,2021-10-09,False
pick me,pick me,16437591,2021-11-16,False
pick me,pick me,16505184,2021-11-21,False
pick me,pick me,16831453,2021-12-11,False
pick me,pick me,16837226,2021-12-13,False
pick me,pick me,16845557,2021-12-16,False
pick me,pick me,16944387,2022-01-26,False
pick me,pick me,16953376,2022-01-30,False
pick me,pick me,16963124,2022-02-03,False
pick me,pick me,16968650,2022-02-05,False
pick me,pick me,16975387,2022-02-08,False
pick me,pick me,17044248,2022-03-05,False
pick me,pick me,17071568,2022-03-14,False
pick me,pick me,17084077,2022-03-19,False
pick me,pick me,17116066,2022-03-31,False
pick me,pick me,17127866,2022-04-05,False
pick me,pick me,17129763,2022-04-06,False
pick me,pick me,17136533,2022-04-08,False
pick me,pick me,17140327,2022-04-10,False
pick me,pick me,17158174,2022-04-16,False
pick me,pick me,17158182,2022-04-16,False
pick me,pick me,17169144,2022-04-20,False
pick me,pick me,17171556,2022-04-21,False
pick me,pick me,17207030,2022-05-04,False
pick me,pick me,17230600,2022-05-13,False
pick me,pick me,17249480,2022-05-20,False
pick me,pick me,17297248,2022-06-09,False
pick me,pick me,17302287,2022-06-12,False
pick me,pick me,17324049,2022-06-23,False
pick me,pick me,17400391,2022-08-07,False
pick me,pick me,17405858,2022-08-11,False
pick me,pick me,17506442,2022-10-20,False
pick me,pick me,17531286,2022-11-06,False
pick me,pick me,17568330,2022-11-30,False
pick me,pick me,17582212,2022-12-09,False
pick me,pick me,17628733,2023-01-14,False
pick me,pick me,17656227,2023-02-03,False
pick me,pick me,17688420,2023-02-27,False
pick me,pick me,17720649,2023-03-20,False
pick me,pick me,17793433,2023-05-18,False
pick me,pick me,17796839,2023-05-21,False
pick me,pick me,17812814,2023-06-04,False
pick me,pick me,17911801,2023-09-07,False
pick me,pick me,17981696,2023-11-14,False
pick me,pick me,17983027,2023-11-15,False
pick me,pick me,18035338,2023-12-03,False
pick me,pick me,18035347,2023-12-03,False
pick me,pick me,18042920,2023-12-09,False
pick me,pick me,18044918,2023-12-11,False
pick me,pick me,18078827,2024-01-16,False
pick me,pick me,18157853,2024-03-09,False
pick me,pick me,18181625,2024-04-02,False
pick me,pick me,18206030,2024-04-28,False
pick me,pick me,18260856,2024-07-01,False
pick me,pick me,18394098,2024-12-21,False
pick me,pick me,18395899,2024-12-24,False
pick me,pick me,18477346,2025-04-27,False
pick me,pick me,18477343,2025-04-27,False
pick me,pick me,18479556,2025-05-01,False
pick me,pick me,18479555,2025-05-01,False
pick me,pick me,18481203,2025-05-03,False
pick me,pick me,18481569,2025-05-04,False
pick me,pick me,18482041,2025-05-05,False
pick me,pick me,18482531,2025-05-05,False
pick me,pick me,18486201,2025-05-11,False
pick me,pick me,18488114,2025-05-14,False
pick me,pick me,18493095,2025-05-24,False
pick me,pick me,18556332,2025-10-12,False
pick me,pick me,18567571,2025-11-08,False
pick me,pick me,18600359,2026-01-28,False
sneaky link,sneaky link,15592487,2020-12-20,False
sneaky link,sneaky link,13305620,2018-10-27,False
sneaky link,sneaky link,16001590,2021-05-17,False
sneaky link,sneaky link,16889976,2022-01-05,False
sneaky link,sneaky link,15971805,2021-05-06,False
sneaky link,sneaky link,15899249,2021-04-09,False
sneaky link,sneaky link,16842214,2021-12-15,False
sneaky link,sneaky link,17244112,2022-05-18,False
sneaky link,sneaky link,15971005,2021-05-06,False
sneaky link,sneaky link,15972508,2021-05-06,False
sneaky link,sneaky link,15549635,2020-12-05,False
sneaky link,sneaky link,16293637,2021-09-05,False
sneaky link,sneaky link,11154780,2017-03-08,False
sneaky link,sneaky link,16037946,2021-05-27,False
sneaky link,sneaky link,16274003,2021-08-28,False
sneaky link,sneaky link,16025696,2021-05-24,False
sneaky link,sneaky link,17006210,2022-02-19,False
sneaky link,sneaky link,15971427,2021-05-06,False
sneaky link,sneaky link,16361707,2021-10-08,False
sneaky link,sneaky link,16317807,2021-09-15,False
sneaky link,sneaky link,15972703,2021-05-06,False
sneaky link,sneaky link,15978445,2021-05-09,False
sneaky link,sneaky link,16002466,2021-05-17,False
sneaky link,sneaky link,16152188,2021-07-03,False
sneaky link,sneaky link,17465485,2022-09-21,False
sneaky link,sneaky link,17519390,2022-10-29,False
sneaky link,sneaky link,17519567,2022-10-29,False
sneaky link,sneaky link,17533744,2022-11-07,False
sneaky link,sneaky link,18299639,2024-08-22,False
sneaky link,sneaky link,18425773,2025-02-06,False
gigachad,gigachad,13972102,2019-06-07,False
gigachad,gigachad,17086614,2022-03-20,False
gigachad,gigachad,16968212,2022-02-05,False
gigachad,gigachad,15911688,2021-04-14,False
gigachad,gigachad,16241155,2021-08-11,False
gigachad,gigachad,17027639,2022-02-27,False
gigachad,gigachad,17332989,2022-06-28,False
gigachad,gigachad,17841874,2023-06-29,False
gigachad,gigachad,15912351,2021-04-15,False
gigachad,gigachad,15986890,2021-05-12,False
gigachad,gigachad,17436235,2022-09-01,False
gigachad,gigachad,16970409,2022-02-06,False
gigachad,gigachad,15445149,2020-11-02,False
gigachad,gigachad,16189760,2021-07-17,False
gigachad,gigachad,16246288,2021-08-14,False
gigachad,gigachad,16308647,2021-09-11,False
gigachad,gigachad,16397553,2021-10-28,False
gigachad,gigachad,16905144,2022-01-12,False
gigachad,gigachad,17052754,2022-03-08,False
gigachad,gigachad,17100168,2022-03-25,False
gigachad,gigachad,17169235,2022-04-20,False
gigachad,gigachad,17229951,2022-05-12,False
gigachad,gigachad,17276910,2022-05-31,False
gigachad,gigachad,17297397,2022-06-09,False
gigachad,gigachad,17318420,2022-06-20,False
gigachad,gigachad,17328411,2022-06-25,False
gigachad,gigachad,17329983,2022-06-26,False
gigachad,gigachad,17411436,2022-08-15,False
gigachad,gigachad,17426545,2022-08-26,False
gigachad,gigachad,17429157,2022-08-27,False
gigachad,gigachad,17437550,2022-09-02,False
gigachad,gigachad,17449168,2022-09-09,False
gigachad,gigachad,17575268,2022-12-04,False
gigachad,gigachad,17652432,2023-02-01,False
gigachad,gigachad,17690056,2023-02-28,False
gigachad,gigachad,17753582,2023-04-15,False
gigachad,gigachad,17792015,2023-05-17,False
gigachad,gigachad,17905625,2023-09-01,False
gigachad,gigachad,18027193,2023-11-27,False
gigachad,gigachad,18072417,2024-01-09,False
gigachad,gigachad,18087162,2024-01-24,False
gigachad,gigachad,18269411,2024-07-12,False
gigachad,gigachad,18437991,2025-02-23,False
based,based,15518766,2020-11-25,False
based,based,15320768,2020-09-17,False
based,based,3942165,2009-05-06,False
based,based,15347016,2020-09-28,False
based,based,17206317,2022-05-04,False
based,based,16905907,2022-01-12,False
based,based,16559131,2021-11-22,False
based,based,16277260,2021-08-29,False
based,based,15650581,2021-01-11,False
based,based,15658310,2021-01-13,False
based,based,16051151,2021-06-01,False
based,based,17494593,2022-10-12,False
based,based,5852792,2011-10-27,False
based,based,16907871,2022-01-13,False
based,based,17214143,2022-05-07,False
based,based,16134563,2021-06-26,False
based,based,16366013,2021-10-10,False
based,based,15534446,2020-12-01,False
based,based,13145573,2018-08-19,False
based,based,16925844,2022-01-20,False
based,based,15658299,2021-01-13,False
based,based,15129058,2020-06-24,False
based,based,15330740,2020-09-21,False
based,based,15197835,2020-07-22,False
based,based,16131497,2021-06-25,False
based,based,17395246,2022-08-04,False
based,based,15576827,2020-12-14,False
based,based,16059216,2021-06-03,False
based,based,17102936,2022-03-26,False
based,based,17107988,2022-03-28,False
based,based,14941831,2020-04-28,False
based,based,15300711,2020-09-08,False
based,based,15519416,2020-11-26,False
based,based,15416436,2020-10-24,False
based,based,12909708,2018-06-04,False
based,based,17669349,2023-02-13,False
based,based,5689212,2011-04-07,False
based,based,14863653,2020-04-06,False
based,based,15487047,2020-11-15,False
based,based,16042119,2021-05-29,False
based,based,16261441,2021-08-21,False
based,based,16369112,2021-10-12,False
based,based,16835239,2021-12-12,False
based,based,17167461,2022-04-20,False
based,based,17387371,2022-07-30,False
based,based,17472057,2022-09-26,False
based,based,17553350,2022-11-20,False
based,based,17690697,2023-02-28,False
based,based,13908363,2019-05-16,False
based,based,15329367,2020-09-21,False
based,based,5918888,2011-06-30,False
based,based,6525557,2012-03-30,False
based,based,15329364,2020-09-21,False
based,based,13006185,2018-06-17,False
based,based,15413334,2020-10-23,False
based,based,2498624,2007-08-03,False
based,based,17037858,2022-03-02,False
based,based,7404900,2013-12-12,False
based,based,5517335,2011-01-19,False
based,based,1392138,2005-08-27,False
based,based,15427908,2020-10-27,False
based,based,15572436,2020-12-13,False
based,based,15711577,2021-02-02,False
based,based,15998169,2021-05-16,False
based,based,17061657,2022-03-11,False
based,based,5412667,2010-12-06,False
based,based,15300710,2020-09-08,False
based,based,14933742,2020-04-26,False
based,based,14968140,2020-05-07,False
based,based,5864285,2011-11-21,False
based,based,5744331,2011-05-03,False
based,based,15348334,2020-09-29,False
based,based,15548434,2020-12-05,False
based,based,16920856,2022-01-18,False
based,based,15818544,2021-03-12,False
based,based,15374200,2020-10-09,False
based,based,15433679,2020-10-29,False
based,based,16818782,2021-12-07,False
based,based,5381434,2010-11-26,False
based,based,5764781,2011-05-13,False
based,based,13705084,2019-03-12,False
based,based,8400348,2015-09-23,False
based,based,16800419,2021-12-01,False
based,based,16980261,2022-02-09,False
based,based,17460407,2022-09-17,False
based,based,11757582,2017-07-03,False
based,based,15543254,2020-12-03,False
based,based,17076554,2022-03-16,False
based,based,17101957,2022-03-26,False
based,based,17599972,2022-12-22,False
based,based,15346554,2020-09-28,False
based,based,15389551,2020-10-15,False
based,based,15784164,2021-03-01,False
based,based,15822391,2021-03-13,False
based,based,11493778,2017-04-28,False
based,based,9496895,2016-06-30,False
based,based,15995123,2021-05-15,False
based,based,15932390,2021-04-22,False
based,based,17337462,2022-06-30,False
based,based,14742673,2020-02-22,False
based,based,8289173,2015-05-26,False
based,based,15276348,2020-08-28,False
based,based,13193267,2018-09-13,False
based,based,15248752,2020-08-15,False
based,based,15520183,2020-11-26,False
based,based,15710515,2021-02-02,False
based,based,15952165,2021-04-29,False
based,based,15978630,2021-05-09,False
based,based,8098306,2015-02-10,False
based,based,4014720,2009-06-04,False
based,based,14951196,2020-05-01,False
based,based,15548171,2020-12-05,False
based,based,15428593,2020-10-28,False
based,based,14018467,2019-06-24,False
based,based,10530943,2016-11-22,False
based,based,14582366,2019-12-28,False
based,based,15319847,2020-09-16,False
based,based,15325624,2020-09-19,False
based,based,15344720,2020-09-27,False
based,based,15385630,2020-10-13,False
based,based,15459130,2020-11-06,False
based,based,15548439,2020-12-05,False
based,based,15598603,2020-12-22,False
based,based,15624661,2021-01-01,False
based,based,15627566,2021-01-02,False
based,based,15680700,2021-01-22,False
based,based,15685967,2021-01-24,False
based,based,15710209,2021-02-01,False
based,based,15789682,2021-03-02,False
based,based,15794870,2021-03-04,False
based,based,15806346,2021-03-08,False
based,based,15914231,2021-04-15,False
based,based,15954400,2021-04-30,False
based,based,15973199,2021-05-07,False
based,based,16038609,2021-05-27,False
based,based,16085444,2021-06-09,False
based,based,16101691,2021-06-14,False
based,based,16106353,2021-06-16,False
based,based,16121770,2021-06-22,False
based,based,16161638,2021-07-06,False
based,based,16175686,2021-07-12,False
based,based,16186795,2021-07-16,False
based,based,16206561,2021-07-25,False
based,based,16220013,2021-07-31,False
based,based,16220474,2021-07-31,False
based,based,16224933,2021-08-02,False
based,based,16228121,2021-08-04,False
based,based,16234189,2021-08-07,False
based,based,16243298,2021-08-12,False
based,based,16257685,2021-08-20,False
based,based,16261438,2021-08-21,False
based,based,16265083,2021-08-23,False
based,based,16269322,2021-08-25,False
based,based,16281411,2021-08-31,False
based,based,16305234,2021-09-09,False
based,based,16346985,2021-10-01,False
based,based,16357664,2021-10-06,False
based,based,16357666,2021-10-06,False
based,based,16359435,2021-10-07,False
based,based,16367433,2021-10-11,False
based,based,16388380,2021-10-20,False
based,based,16399144,2021-10-29,False
based,based,16404429,2021-11-01,False
based,based,16406533,2021-11-02,False
based,based,16464125,2021-11-21,False
based,based,16464132,2021-11-21,False
based,based,16773908,2021-11-26,False
based,based,16778532,2021-11-26,False
based,based,16809129,2021-12-03,False
based,based,16818044,2021-12-06,False
based,based,16852758,2021-12-20,False
based,based,16854106,2021-12-20,False
based,based,16904129,2022-01-11,False
based,based,16915703,2022-01-16,False
based,based,16920882,2022-01-18,False
based,based,16929778,2022-01-21,False
based,based,16952800,2022-01-30,False
based,based,16954281,2022-01-30,False
based,based,16986882,2022-02-12,False
based,based,16995002,2022-02-15,False
based,based,16995470,2022-02-15,False
based,based,16996101,2022-02-15,False
based,based,16997899,2022-02-16,False
based,based,17021877,2022-02-25,False
based,based,17024220,2022-02-25,False
based,based,17096475,2022-03-24,False
based,based,17105592,2022-03-27,False
based,based,17114510,2022-03-30,False
based,based,17115021,2022-03-31,False
based,based,17123004,2022-04-03,False
based,based,17136505,2022-04-08,False
based,based,17136992,2022-04-08,False
based,based,17181948,2022-04-25,False
based,based,17183247,2022-04-25,False
based,based,17210058,2022-05-05,False
based,based,17218093,2022-05-08,False
based,based,17244781,2022-05-18,False
based,based,17290853,2022-06-06,False
based,based,17311379,2022-06-16,False
based,based,17330097,2022-06-26,False
based,based,17330503,2022-06-26,False
based,based,17336634,2022-06-30,False
based,based,17336990,2022-06-30,False
based,based,17342446,2022-07-03,False
based,based,17343166,2022-07-04,False
based,based,17383669,2022-07-27,False
based,based,17393931,2022-08-03,False
based,based,17477226,2022-09-30,False
based,based,17487527,2022-10-07,False
based,based,17489597,2022-10-09,False
based,based,17588359,2022-12-13,False
based,based,17612612,2023-01-02,False
based,based,17616829,2023-01-05,False
based,based,17617744,2023-01-05,False
based,based,17622536,2023-01-09,False
based,based,17636052,2023-01-20,False
based,based,17657652,2023-02-04,False
based,based,17719667,2023-03-20,False
based,based,17723621,2023-03-22,False
based,based,17758047,2023-04-19,False
based,based,17777670,2023-05-05,False
based,based,17785948,2023-05-12,False
based,based,17788922,2023-05-15,False
based,based,17798420,2023-05-22,False
based,based,17799245,2023-05-23,False
based,based,17857382,2023-07-14,False
based,based,17873345,2023-07-30,False
based,based,17940588,2023-10-04,False
based,based,17945388,2023-10-08,False
based,based,17959086,2023-10-21,False
based,based,17964113,2023-10-27,False
based,based,17971305,2023-11-03,False
based,based,17977581,2023-11-08,False
based,based,18011389,2023-11-21,False
based,based,18042741,2023-12-09,False
based,based,18053190,2023-12-19,False
based,based,18072617,2024-01-09,False
based,based,18073327,2024-01-10,False
based,based,18081442,2024-01-18,False
based,based,18082166,2024-01-19,False
based,based,18153281,2024-03-04,False
based,based,18180443,2024-04-01,False
based,based,18201236,2024-04-24,False
based,based,18212531,2024-05-05,False
based,based,18213177,2024-05-05,False
based,based,18223886,2024-05-19,False
based,based,18250280,2024-06-18,False
based,based,18275433,2024-07-21,False
based,based,18310981,2024-09-05,False
based,based,18376637,2024-11-26,False
based,based,18380425,2024-12-02,False
based,based,18384958,2024-12-08,False
based,based,18425146,2025-02-05,False
based,based,18440512,2025-02-27,False
based,based,18445666,2025-03-05,False
based,based,18459225,2025-03-25,False
based,based,18467442,2025-04-09,False
based,based,18483064,2025-05-06,False
based,based,18528644,2025-08-08,False
based,based,18537069,2025-08-27,False
based,based,18588288,2025-12-31,False
yassify,yassify,16965160,2022-02-03,False
yassify,yassify,17254256,2022-05-22,False
yassify,yassify,17517528,2022-10-28,False
bet,bet,11963914,2017-09-15,False
bet,bet,8543382,2015-11-18,False
bet,bet,1385540,2005-08-24,False
bet,bet,9870248,2016-06-12,False
bet,bet,11032252,2017-02-12,False
bet,bet,15275688,2020-08-27,False
bet,bet,13388323,2018-11-24,False
bet,bet,701750,2004-06-03,False
bet,bet,74998,2003-03-28,False
bet,bet,55014,2003-03-11,False
bet,bet,12756773,2018-05-17,False
bet,bet,498354,2004-02-09,False
bet,bet,1401359,2005-09-01,False
bet,bet,13652576,2019-02-24,False
bet,bet,569805,2004-03-21,False
bet,bet,967450,2004-12-29,False
bet,bet,1047110,2005-02-07,False
bet,bet,2533757,2009-01-01,False
bet,bet,1207097,2005-04-22,False
bet,bet,1675704,2006-04-22,False
bet,bet,1388729,2005-08-25,False
bet,bet,895253,2004-11-11,False
bet,bet,1388884,2005-08-25,False
bet,bet,617733,2004-04-17,False
bet,bet,4221203,2009-09-06,False
bet,bet,1906654,2006-08-08,False
bet,bet,13583092,2019-02-03,False
bet,bet,11004901,2017-02-06,False
bet,bet,13009746,2018-06-18,False
bet,bet,339146,2003-11-08,False
bet,bet,11986273,2017-09-25,False
bet,bet,13411928,2018-12-01,False
bet,bet,4252578,2009-09-22,False
bet,bet,6133561,2011-10-12,False
bet,bet,12431011,2018-01-14,False
bet,bet,16048964,2021-05-31,False
bet,bet,61670,2003-03-17,False
bet,bet,11176421,2017-03-13,False
bet,bet,2511880,2007-08-03,False
bet,bet,1474666,2005-10-10,False
bet,bet,11066195,2017-02-19,False
bet,bet,578928,2004-03-25,False
bet,bet,927897,2004-12-03,False
bet,bet,669815,2004-05-14,False
bet,bet,930265,2004-12-04,False
bet,bet,10612554,2016-12-08,False
bet,bet,13498887,2019-01-04,False
bet,bet,4013577,2009-06-02,False
bet,bet,5688751,2011-04-07,False
bet,bet,10935481,2017-01-23,False
bet,bet,12838683,2018-05-27,False
bet,bet,1375864,2005-08-09,False
bet,bet,9908722,2016-06-21,False
bet,bet,7131032,2013-09-04,False
bet,bet,8691423,2016-01-03,False
bet,bet,859563,2004-10-14,False
bet,bet,1647724,2006-04-14,False
bet,bet,3782608,2009-03-08,False
bet,bet,11860360,2017-08-09,False
bet,bet,12875393,2018-05-31,False
bet,bet,12975743,2018-06-13,False
bet,bet,13502648,2019-01-06,False
bet,bet,12220133,2017-12-01,False
bet,bet,342154,2003-11-10,False
bet,bet,2854078,2008-02-14,False
bet,bet,12048603,2017-10-13,False
bet,bet,11755143,2017-07-02,False
bet,bet,12370137,2018-04-23,False
bet,bet,14243352,2019-10-04,False
bet,bet,2921460,2008-03-12,False
bet,bet,1832370,2006-06-27,False
bet,bet,12536399,2018-02-08,False
bet,bet,5849169,2011-10-21,False
bet,bet,11669826,2017-06-08,False
bet,bet,12856747,2018-05-29,False
bet,bet,12904245,2018-06-03,False
bet,bet,12964342,2018-06-11,False
bet,bet,13049964,2018-07-06,False
bet,bet,13435243,2018-12-09,False
bet,bet,13490895,2019-01-01,False
bet,bet,13560320,2019-01-26,False
bet,bet,13774597,2019-04-03,False
bet,bet,13879730,2019-05-07,False
bet,bet,13979327,2019-06-10,False
bet,bet,13984147,2019-06-11,False
bet,bet,14013346,2019-06-22,False
bet,bet,14018498,2019-06-24,False
bet,bet,14171480,2019-09-04,False
bet,bet,14265798,2019-10-12,False
bet,bet,14268882,2019-10-13,False
bet,bet,14447794,2019-11-17,False
bet,bet,14518831,2019-12-07,False
bet,bet,14575478,2019-12-25,False
bet,bet,14834037,2020-03-27,False
bet,bet,15053299,2020-06-02,False
bet,bet,15567522,2020-12-11,False
bet,bet,15688371,2021-01-25,False
bet,bet,16058764,2021-06-03,False
bet,bet,16247767,2021-08-15,False
bet,bet,16337082,2021-09-25,False
bet,bet,16355070,2021-10-05,False
bet,bet,16398299,2021-10-29,False
bet,bet,16401559,2021-10-30,False
bet,bet,16979758,2022-02-09,False
bet,bet,17059330,2022-03-10,False
bet,bet,17066084,2022-03-12,False
bet,bet,17093670,2022-03-23,False
bet,bet,17117714,2022-04-01,False
bet,bet,17141682,2022-04-10,False
bet,bet,17145550,2022-04-12,False
bet,bet,17226808,2022-05-11,False
bet,bet,17234765,2022-05-14,False
bet,bet,17386442,2022-07-29,False
bet,bet,17509492,2022-10-23,False
bet,bet,17545925,2022-11-15,False
bet,bet,17595673,2022-12-19,False
bet,bet,17652910,2023-02-01,False
bet,bet,17662735,2023-02-08,False
bet,bet,17779602,2023-05-07,False
bet,bet,17782753,2023-05-10,False
bet,bet,17905204,2023-08-31,False
bet,bet,17980022,2023-11-13,False
bet,bet,18170829,2024-03-21,False
bet,bet,18210450,2024-05-02,False
bet,bet,18416316,2025-01-24,False
bet,bet,18599953,2026-01-27,False
unalive,unalive,17341012,2022-07-02,False
unalive,unalive,8069518,2015-01-24,False
unalive,unalive,17173852,2022-04-22,False
unalive,unalive,13938715,2019-05-27,False
unalive,unalive,15746445,2021-02-15,False
unalive,unalive,13334659,2018-11-07,False
unalive,unalive,4886945,2010-04-14,False
unalive,unalive,17224349,2022-05-10,False
unalive,unalive,16225167,2021-08-02,False
unalive,unalive,15909184,2021-04-13,False
unalive,unalive,17930655,2023-09-25,False
unalive,unalive,18202450,2024-04-25,False
unalive,unalive,18231671,2024-05-27,False
unalive,unalive,18242284,2024-06-08,False
unalive,unalive,18256483,2024-06-25,False
unalive,unalive,18388918,2024-12-14,False
unalive,unalive,18520771,2025-07-23,False
unalive,unalive,18522993,2025-07-27,False
situationship,situationship,12960620,2018-06-11,False
situationship,situationship,16407078,2021-11-02,False
situationship,situationship,7693345,2014-05-18,False
situationship,situationship,16991740,2022-02-14,False
situationship,situationship,7804647,2014-06-23,False
situationship,situationship,15734355,2021-02-11,False
situationship,situationship,13216781,2018-09-24,False
situationship,situationship,15853140,2021-03-24,False
situationship,situationship,14080181,2019-07-23,False
situationship,situationship,14095000,2019-07-30,False
situationship,situationship,12002782,2017-09-28,False
situationship,situationship,13150884,2018-08-22,False
situationship,situationship,16884299,2022-01-03,False
situationship,situationship,15279266,2020-08-29,False
situationship,situationship,12118681,2017-11-02,False
situationship,situationship,1599595,2006-01-23,False
situationship,situationship,13039985,2018-07-02,False
situationship,situationship,15869935,2021-03-30,False
situationship,situationship,17396395,2022-08-05,False
situationship,situationship,16799268,2021-12-01,False
situationship,situationship,17745093,2023-04-09,False
situationship,situationship,17250190,2022-05-20,False
situationship,situationship,13626260,2019-02-17,False
situationship,situationship,8224869,2015-04-17,False
situationship,situationship,16593920,2021-11-22,False
situationship,situationship,3734431,2009-02-18,False
situationship,situationship,8196828,2015-04-03,False
situationship,situationship,15521608,2020-11-26,False
situationship,situationship,17496975,2022-10-14,False
situationship,situationship,14080193,2019-07-23,False
situationship,situationship,14411307,2019-11-08,False
situationship,situationship,8057886,2015-01-17,False
situationship,situationship,17519549,2022-10-29,False
situationship,situationship,17826470,2023-06-15,False
situationship,situationship,15190335,2020-07-18,False
situationship,situationship,16830045,2021-12-10,False
situationship,situationship,17892181,2023-08-18,False
situationship,situationship,17427298,2022-08-26,False
situationship,situationship,15900871,2021-04-10,False
situationship,situationship,8224867,2015-04-17,False
situationship,situationship,17601325,2022-12-23,False
situationship,situationship,16114323,2021-06-19,False
situationship,situationship,14067176,2019-07-17,False
situationship,situationship,14744408,2020-02-23,False
situationship,situationship,8743575,2016-01-17,False
situationship,situationship,15823563,2021-03-14,False
situationship,situationship,17388424,2022-07-31,False
situationship,situationship,17660463,2023-02-06,False
situationship,situationship,17660468,2023-02-06,False
situationship,situationship,17728325,2023-03-26,False
situationship,situationship,17890858,2023-08-16,False
situationship,situationship,17893134,2023-08-19,False
situationship,situationship,17904765,2023-08-31,False
situationship,situationship,18064527,2024-01-01,False
situationship,situationship,18069291,2024-01-06,False
situationship,situationship,18157409,2024-03-08,False
situationship,situationship,18157434,2024-03-08,False
situationship,situationship,18431104,2025-02-14,False
situationship,situationship,18434973,2025-02-19,False
situationship,situationship,18465105,2025-04-05,False
situationship,situationship,18489058,2025-05-16,False
situationship,situationship,18492699,2025-05-23,False
situationship,situationship,18518551,2025-07-18,False
situationship,situationship,18576167,2025-11-28,False
situationship,situationship,18596290,2026-01-19,False
situationship,situationship,18715014,2026-07-02,False
situationship,situationship,18716974,2026-07-08,False
situationship,situationship,18718888,2026-07-14,False
ate and left no crumbs,ate and left no crumbs,15493429,2020-11-17,False
ate and left no crumbs,ate and left no crumbs,17336835,2022-06-30,False
ate and left no crumbs,ate and left no crumbs,17376445,2022-07-23,False
ate and left no crumbs,ate and left no crumbs,18556059,2025-10-11,False
slay,slay,7222797,2013-10-09,False
slay,slay,10612478,2016-12-08,False
slay,slay,7901647,2014-09-16,False
slay,slay,17512456,2022-10-25,False
slay,slay,17035675,2022-03-02,False
slay,slay,17251300,2022-05-21,False
slay,slay,9597457,2016-06-03,False
slay,slay,7842546,2014-07-19,False
slay,slay,11043295,2017-02-14,False
slay,slay,12886228,2018-06-01,False
slay,slay,8949623,2016-03-31,False
slay,slay,17194650,2022-04-29,False
slay,slay,17690162,2023-02-28,False
slay,slay,12196512,2017-11-21,False
slay,slay,17856034,2023-07-13,False
slay,slay,17629904,2023-01-15,False
slay,slay,17653672,2023-02-01,False
slay,slay,8135876,2015-03-02,False
slay,slay,8178432,2015-03-28,False
slay,slay,17550559,2022-11-18,False
slay,slay,11641733,2017-06-03,False
slay,slay,17392948,2022-08-02,False
slay,slay,27030,2003-01-29,False
slay,slay,17501082,2022-10-17,False
slay,slay,8235487,2015-04-22,False
slay,slay,8748112,2016-01-18,False
slay,slay,6737419,2012-09-01,False
slay,slay,6660764,2012-06-29,False
slay,slay,6319981,2011-12-30,False
slay,slay,10556259,2016-11-27,False
slay,slay,12241496,2017-12-04,False
slay,slay,15347038,2020-09-28,False
slay,slay,16154941,2021-07-04,False
slay,slay,17193999,2022-04-29,False
slay,slay,17377701,2022-07-24,False
slay,slay,17553846,2022-11-20,False
slay,slay,17373327,2022-07-21,False
slay,slay,1665327,2006-04-18,False
slay,slay,779227,2004-08-02,False
slay,slay,17663141,2023-02-08,False
slay,slay,17220819,2022-05-09,False
slay,slay,17352062,2022-07-09,False
slay,slay,1126276,2005-05-13,False
slay,slay,10520428,2016-11-20,False
slay,slay,10815696,2016-12-30,False
slay,slay,17259344,2022-05-24,False
slay,slay,2341388,2007-04-08,False
slay,slay,1586736,2006-01-12,False
slay,slay,11019705,2017-02-09,False
slay,slay,16859957,2021-12-23,False
slay,slay,16896643,2022-01-08,False
slay,slay,17183440,2022-04-25,False
slay,slay,17229365,2022-05-12,False
slay,slay,17240888,2022-05-16,False
slay,slay,17250242,2022-05-20,False
slay,slay,17283648,2022-06-03,False
slay,slay,17351134,2022-07-08,False
slay,slay,17376400,2022-07-23,False
slay,slay,17391395,2022-08-01,False
slay,slay,17404272,2022-08-10,False
slay,slay,17424481,2022-08-24,False
slay,slay,17435421,2022-08-31,False
slay,slay,17458963,2022-09-16,False
slay,slay,17465925,2022-09-21,False
slay,slay,17547594,2022-11-16,False
slay,slay,17558960,2022-11-23,False
slay,slay,17586104,2022-12-12,False
slay,slay,17594514,2022-12-18,False
slay,slay,17695127,2023-03-03,False
slay,slay,17720654,2023-03-20,False
slay,slay,17737176,2023-04-03,False
slay,slay,17739684,2023-04-04,False
slay,slay,17772578,2023-05-01,False
slay,slay,17851926,2023-07-08,False
slay,slay,2114318,2006-11-28,False
slay,slay,8419229,2015-10-13,False
slay,slay,8309784,2015-06-12,False
slay,slay,9511673,2016-06-25,False
slay,slay,17772874,2023-05-01,False
slay,slay,10985171,2017-02-04,False
slay,slay,17366621,2022-07-17,False
slay,slay,17373509,2022-07-21,False
slay,slay,4371580,2009-11-18,False
slay,slay,134702,2003-05-22,False
slay,slay,1116579,2005-05-13,False
slay,slay,12468138,2018-01-23,False
slay,slay,17193768,2022-04-29,False
slay,slay,1230620,2005-05-03,False
slay,slay,9207464,2016-09-23,False
slay,slay,10141103,2016-08-22,False
slay,slay,12610115,2018-02-27,False
slay,slay,17127854,2022-04-05,False
slay,slay,17358863,2022-07-13,False
slay,slay,17538201,2022-11-10,False
slay,slay,2024158,2006-10-11,False
slay,slay,1989985,2006-09-22,False
slay,slay,1756424,2006-05-23,False
slay,slay,4222287,2009-09-06,False
slay,slay,2484432,2007-07-26,False
slay,slay,8413281,2015-10-07,False
slay,slay,4425696,2009-12-09,False
slay,slay,8037554,2015-01-05,False
slay,slay,11045745,2017-02-15,False
slay,slay,737664,2004-06-27,False
slay,slay,182142,2003-07-14,False
slay,slay,8128652,2015-02-26,False
slay,slay,10915781,2017-01-19,False
slay,slay,8404781,2015-09-28,False
slay,slay,9264860,2016-09-08,False
slay,slay,9315797,2016-08-25,False
slay,slay,10503573,2016-11-16,False
slay,slay,11055631,2017-02-17,False
slay,slay,11815434,2017-07-23,False
slay,slay,11872551,2017-08-13,False
slay,slay,12582434,2018-02-22,False
slay,slay,12867195,2018-05-30,False
slay,slay,12933828,2018-06-07,False
slay,slay,13345880,2018-11-10,False
slay,slay,13525164,2019-01-14,False
slay,slay,13798083,2019-04-11,False
slay,slay,14083234,2019-07-24,False
slay,slay,14922722,2020-04-22,False
slay,slay,15687373,2021-01-24,False
slay,slay,15789449,2021-03-02,False
slay,slay,15812534,2021-03-10,False
slay,slay,16128543,2021-06-24,False
slay,slay,16497113,2021-11-21,False
slay,slay,16571640,2021-11-22,False
slay,slay,16872456,2021-12-29,False
slay,slay,16891133,2022-01-06,False
slay,slay,16895634,2022-01-08,False
slay,slay,16898084,2022-01-09,False
slay,slay,16918498,2022-01-17,False
slay,slay,16945494,2022-01-27,False
slay,slay,16953681,2022-01-30,False
slay,slay,16954828,2022-01-31,False
slay,slay,16954829,2022-01-31,False
slay,slay,16965919,2022-02-04,False
slay,slay,16966874,2022-02-04,False
slay,slay,16992317,2022-02-14,False
slay,slay,17006054,2022-02-19,False
slay,slay,17007555,2022-02-19,False
slay,slay,17014059,2022-02-22,False
slay,slay,17035810,2022-03-02,False
slay,slay,17050499,2022-03-07,False
slay,slay,17068157,2022-03-13,False
slay,slay,17073932,2022-03-15,False
slay,slay,17075241,2022-03-16,False
slay,slay,17108762,2022-03-28,False
slay,slay,17108871,2022-03-28,False
slay,slay,17122218,2022-04-03,False
slay,slay,17141363,2022-04-10,False
slay,slay,17151983,2022-04-14,False
slay,slay,17152858,2022-04-14,False
slay,slay,17158264,2022-04-16,False
slay,slay,17162912,2022-04-18,False
slay,slay,17166723,2022-04-19,False
slay,slay,17193981,2022-04-29,False
slay,slay,17195287,2022-04-30,False
slay,slay,17200053,2022-05-02,False
slay,slay,17207079,2022-05-04,False
slay,slay,17215298,2022-05-07,False
slay,slay,17215843,2022-05-07,False
slay,slay,17216417,2022-05-08,False
slay,slay,17216945,2022-05-08,False
slay,slay,17221676,2022-05-09,False
slay,slay,17224871,2022-05-11,False
slay,slay,17226347,2022-05-11,False
slay,slay,17226504,2022-05-11,False
slay,slay,17227014,2022-05-11,False
slay,slay,17235345,2022-05-14,False
slay,slay,17241029,2022-05-17,False
slay,slay,17244020,2022-05-18,False
slay,slay,17248842,2022-05-20,False
slay,slay,17257365,2022-05-23,False
slay,slay,17258044,2022-05-23,False
slay,slay,17262850,2022-05-25,False
slay,slay,17269235,2022-05-28,False
slay,slay,17269693,2022-05-28,False
slay,slay,17273748,2022-05-30,False
slay,slay,17273932,2022-05-30,False
slay,slay,17279626,2022-06-01,False
slay,slay,17280776,2022-06-02,False
slay,slay,17282413,2022-06-02,False
slay,slay,17283661,2022-06-03,False
slay,slay,17284922,2022-06-04,False
slay,slay,17286686,2022-06-05,False
slay,slay,17290063,2022-06-06,False
slay,slay,17291688,2022-06-07,False
slay,slay,17295172,2022-06-08,False
slay,slay,17296013,2022-06-09,False
slay,slay,17297977,2022-06-10,False
slay,slay,17298558,2022-06-10,False
slay,slay,17298560,2022-06-10,False
slay,slay,17302384,2022-06-12,False
slay,slay,17303007,2022-06-12,False
slay,slay,17303999,2022-06-13,False
slay,slay,17306188,2022-06-14,False
slay,slay,17307454,2022-06-14,False
slay,slay,17308835,2022-06-15,False
slay,slay,17308953,2022-06-15,False
slay,slay,17310084,2022-06-16,False
slay,slay,17313294,2022-06-17,False
slay,slay,17314794,2022-06-18,False
slay,slay,17314985,2022-06-18,False
slay,slay,17315169,2022-06-18,False
slay,slay,17315578,2022-06-19,False
slay,slay,17322518,2022-06-22,False
slay,slay,17328444,2022-06-25,False
slay,slay,17335091,2022-06-29,False
slay,slay,17338544,2022-07-01,False
slay,slay,17340714,2022-07-02,False
slay,slay,17342459,2022-07-03,False
slay,slay,17343780,2022-07-04,False
slay,slay,17343784,2022-07-04,False
slay,slay,17344684,2022-07-05,False
slay,slay,17349724,2022-07-07,False
slay,slay,17349916,2022-07-07,False
slay,slay,17353245,2022-07-10,False
slay,slay,17362600,2022-07-15,False
slay,slay,17368548,2022-07-18,False
slay,slay,17369926,2022-07-19,False
slay,slay,17373693,2022-07-21,False
slay,slay,17375541,2022-07-22,False
slay,slay,17377741,2022-07-24,False
slay,slay,17381112,2022-07-26,False
slay,slay,17383505,2022-07-27,False
slay,slay,17386787,2022-07-30,False
slay,slay,17388412,2022-07-31,False
slay,slay,17390163,2022-08-01,False
slay,slay,17393123,2022-08-03,False
slay,slay,17393271,2022-08-03,False
slay,slay,17393666,2022-08-03,False
slay,slay,17397648,2022-08-05,False
slay,slay,17397757,2022-08-06,False
slay,slay,17402867,2022-08-09,False
slay,slay,17411174,2022-08-15,False
slay,slay,17411244,2022-08-15,False
slay,slay,17411260,2022-08-15,False
slay,slay,17415505,2022-08-18,False
slay,slay,17417592,2022-08-19,False
slay,slay,17419264,2022-08-21,False
slay,slay,17424713,2022-08-24,False
slay,slay,17424782,2022-08-24,False
slay,slay,17426105,2022-08-25,False
slay,slay,17428479,2022-08-27,False
slay,slay,17429070,2022-08-27,False
slay,slay,17432647,2022-08-30,False
slay,slay,17434241,2022-08-31,False
slay,slay,17436460,2022-09-01,False
slay,slay,17438622,2022-09-03,False
slay,slay,17438970,2022-09-03,False
slay,slay,17440312,2022-09-04,False
slay,slay,17441318,2022-09-04,False
slay,slay,17441734,2022-09-05,False
slay,slay,17444572,2022-09-06,False
slay,slay,17446743,2022-09-08,False
slay,slay,17448245,2022-09-09,False
slay,slay,17449249,2022-09-09,False
slay,slay,17450527,2022-09-10,False
slay,slay,17451109,2022-09-11,False
slay,slay,17452302,2022-09-12,False
slay,slay,17453337,2022-09-12,False
slay,slay,17454080,2022-09-13,False
slay,slay,17456745,2022-09-14,False
slay,slay,17461511,2022-09-18,False
slay,slay,17462384,2022-09-19,False
slay,slay,17462601,2022-09-19,False
slay,slay,17463717,2022-09-19,False
slay,slay,17463978,2022-09-20,False
slay,slay,17463987,2022-09-20,False
slay,slay,17465121,2022-09-20,False
slay,slay,17466732,2022-09-22,False
slay,slay,17469789,2022-09-24,False
slay,slay,17470700,2022-09-25,False
slay,slay,17472330,2022-09-26,False
slay,slay,17478321,2022-09-30,False
slay,slay,17482152,2022-10-03,False
slay,slay,17484433,2022-10-05,False
slay,slay,17485007,2022-10-05,False
slay,slay,17487082,2022-10-07,False
slay,slay,17492745,2022-10-11,False
slay,slay,17495345,2022-10-13,False
slay,slay,17495961,2022-10-13,False
slay,slay,17499063,2022-10-16,False
slay,slay,17505970,2022-10-20,False
slay,slay,17508671,2022-10-22,False
slay,slay,17508684,2022-10-22,False
slay,slay,17509456,2022-10-23,False
slay,slay,17516965,2022-10-27,False
slay,slay,17518739,2022-10-29,False
slay,slay,17524910,2022-11-02,False
slay,slay,17532808,2022-11-07,False
slay,slay,17534132,2022-11-08,False
slay,slay,17537632,2022-11-10,False
slay,slay,17539752,2022-11-11,False
slay,slay,17543666,2022-11-14,False
slay,slay,17543890,2022-11-14,False
slay,slay,17543896,2022-11-14,False
slay,slay,17546882,2022-11-15,False
slay,slay,17554861,2022-11-21,False
slay,slay,17556054,2022-11-21,False
slay,slay,17563614,2022-11-27,False
slay,slay,17563847,2022-11-27,False
slay,slay,17564199,2022-11-27,False
slay,slay,17564406,2022-11-27,False
slay,slay,17566210,2022-11-28,False
slay,slay,17567227,2022-11-29,False
slay,slay,17568429,2022-11-30,False
slay,slay,17571052,2022-12-01,False
slay,slay,17575564,2022-12-05,False
slay,slay,17575891,2022-12-05,False
slay,slay,17585890,2022-12-12,False
slay,slay,17594428,2022-12-18,False
slay,slay,17599043,2022-12-21,False
slay,slay,17600009,2022-12-22,False
slay,slay,17601116,2022-12-23,False
slay,slay,17603710,2022-12-25,False
slay,slay,17614835,2023-01-03,False
slay,slay,17615685,2023-01-04,False
slay,slay,17618905,2023-01-06,False
slay,slay,17624598,2023-01-11,False
slay,slay,17625900,2023-01-12,False
slay,slay,17626536,2023-01-13,False
slay,slay,17629258,2023-01-15,False
slay,slay,17632085,2023-01-17,False
slay,slay,17636694,2023-01-20,False
slay,slay,17637565,2023-01-21,False
slay,slay,17640793,2023-01-23,False
slay,slay,17644385,2023-01-26,False
slay,slay,17647769,2023-01-28,False
slay,slay,17649577,2023-01-30,False
slay,slay,17650486,2023-01-30,False
slay,slay,17652267,2023-01-31,False
slay,slay,17654578,2023-02-02,False
slay,slay,17654571,2023-02-02,False
slay,slay,17662299,2023-02-08,False
slay,slay,17666532,2023-02-11,False
slay,slay,17667740,2023-02-12,False
slay,slay,17677055,2023-02-19,False
slay,slay,17682983,2023-02-23,False
slay,slay,17686534,2023-02-25,False
slay,slay,17689925,2023-02-28,False
slay,slay,17698732,2023-03-05,False
slay,slay,17699741,2023-03-06,False
slay,slay,17702983,2023-03-08,False
slay,slay,17704766,2023-03-09,False
slay,slay,17705223,2023-03-09,False
slay,slay,17715813,2023-03-17,False
slay,slay,17717640,2023-03-18,False
slay,slay,17723922,2023-03-23,False
slay,slay,17732636,2023-03-30,False
slay,slay,17736845,2023-04-02,False
slay,slay,17756599,2023-04-18,False
slay,slay,17764989,2023-04-25,False
slay,slay,17768932,2023-04-28,False
slay,slay,17769389,2023-04-28,False
slay,slay,17776079,2023-05-04,False
slay,slay,17782206,2023-05-09,False
slay,slay,17796218,2023-05-21,False
slay,slay,17802354,2023-05-26,False
slay,slay,17807108,2023-05-30,False
slay,slay,17809061,2023-05-31,False
slay,slay,17810027,2023-06-01,False
slay,slay,17817786,2023-06-08,False
slay,slay,17822181,2023-06-12,False
slay,slay,17830238,2023-06-19,False
slay,slay,17835337,2023-06-23,False
slay,slay,17838268,2023-06-26,False
slay,slay,17847816,2023-07-04,False
slay,slay,17849326,2023-07-06,False
slay,slay,17864557,2023-07-21,False
slay,slay,17871129,2023-07-28,False
slay,slay,17872341,2023-07-29,False
slay,slay,17875385,2023-08-01,False
slay,slay,17877976,2023-08-03,False
slay,slay,17894851,2023-08-21,False
slay,slay,17895302,2023-08-21,False
slay,slay,17898178,2023-08-24,False
slay,slay,17901664,2023-08-28,False
slay,slay,17901894,2023-08-28,False
slay,slay,17910663,2023-09-06,False
slay,slay,17914498,2023-09-10,False
slay,slay,17916917,2023-09-12,False
slay,slay,17917594,2023-09-13,False
slay,slay,17926315,2023-09-21,False
slay,slay,17931862,2023-09-26,False
slay,slay,17932977,2023-09-27,False
slay,slay,17944774,2023-10-08,False
slay,slay,17956950,2023-10-19,False
slay,slay,17957461,2023-10-20,False
slay,slay,18003508,2023-11-20,False
slay,slay,18035671,2023-12-03,False
slay,slay,18047306,2023-12-13,False
slay,slay,18053340,2023-12-19,False
slay,slay,18058109,2023-12-25,False
slay,slay,18074656,2024-01-11,False
slay,slay,18080828,2024-01-18,False
slay,slay,18091392,2024-01-29,False
slay,slay,18091667,2024-01-29,False
slay,slay,18096048,2024-02-03,False
slay,slay,18120794,2024-02-24,False
slay,slay,18153036,2024-03-04,False
slay,slay,18160460,2024-03-11,False
slay,slay,18162166,2024-03-13,False
slay,slay,18177441,2024-03-28,False
slay,slay,18186632,2024-04-08,False
slay,slay,18219165,2024-05-12,False
slay,slay,18251995,2024-06-20,False
slay,slay,18252332,2024-06-20,False
slay,slay,18261956,2024-07-02,False
slay,slay,18261962,2024-07-02,False
slay,slay,18384769,2024-12-08,False
slay,slay,18423327,2025-02-03,False
slay,slay,18433079,2025-02-17,False
slay,slay,18500918,2025-06-08,False
slay,slay,18515558,2025-07-12,False
slay,slay,18515763,2025-07-12,False
slay,slay,18518558,2025-07-18,False
slay,slay,18530298,2025-08-12,False
slay,slay,18582594,2025-12-14,False
slay,slay,18615256,2026-02-27,False
slay,slay,18633304,2026-04-11,False
rizz,rizz,17115763,2022-03-31,False
rizz,rizz,16051930,2021-06-01,False
rizz,rizz,17439893,2022-09-04,False
rizz,rizz,17640250,2023-01-23,False
rizz,rizz,17593274,2022-12-17,False
rizz,rizz,6088326,2011-09-20,False
rizz,rizz,17800526,2023-05-24,False
rizz,rizz,3072747,2008-05-09,False
rizz,rizz,17918948,2023-09-14,False
rizz,rizz,17580822,2022-12-08,False
rizz,rizz,17683342,2023-02-23,False
rizz,rizz,17166208,2022-04-19,False
rizz,rizz,17648628,2023-01-29,False
rizz,rizz,17323451,2022-06-23,False
rizz,rizz,17588122,2022-12-13,False
rizz,rizz,17888974,2023-08-15,False
rizz,rizz,17587813,2022-12-13,False
rizz,rizz,16176783,2021-07-12,False
rizz,rizz,17691682,2023-03-01,False
rizz,rizz,17312033,2022-06-17,False
rizz,rizz,17764465,2023-04-24,False
rizz,rizz,17536959,2022-11-09,False
rizz,rizz,17816160,2023-06-06,False
rizz,rizz,16388887,2021-10-20,False
rizz,rizz,17766948,2023-04-26,False
rizz,rizz,17682506,2023-02-22,False
rizz,rizz,17780917,2023-05-08,False
rizz,rizz,17598698,2022-12-21,False
rizz,rizz,16818516,2021-12-06,False
rizz,rizz,17648772,2023-01-29,False
rizz,rizz,17730399,2023-03-28,False
rizz,rizz,602260,2004-04-08,False
rizz,rizz,330981,2003-11-04,False
rizz,rizz,1716723,2006-05-04,False
rizz,rizz,6923696,2013-01-25,False
rizz,rizz,790584,2004-08-11,False
rizz,rizz,941740,2004-12-11,False
rizz,rizz,17522616,2022-11-01,False
rizz,rizz,17225637,2022-05-11,False
rizz,rizz,8382629,2015-09-04,False
rizz,rizz,17548837,2022-11-17,False
rizz,rizz,17601669,2022-12-23,False
rizz,rizz,17621634,2023-01-08,False
rizz,rizz,2329320,2007-04-01,False
rizz,rizz,17596735,2022-12-19,False
rizz,rizz,17550177,2022-11-17,False
rizz,rizz,8245369,2015-04-28,False
rizz,rizz,2589545,2007-09-26,False
rizz,rizz,2391431,2007-05-10,False
rizz,rizz,17711906,2023-03-14,False
rizz,rizz,17449392,2022-09-10,False
rizz,rizz,17484230,2022-10-05,False
rizz,rizz,17654870,2023-02-02,False
rizz,rizz,17531235,2022-11-06,False
rizz,rizz,16818578,2021-12-06,False
rizz,rizz,17055163,2022-03-08,False
rizz,rizz,17696369,2023-03-04,False
rizz,rizz,17725864,2023-03-24,False
rizz,rizz,17821326,2023-06-11,False
rizz,rizz,17355350,2022-07-11,False
rizz,rizz,17618927,2023-01-06,False
rizz,rizz,17842274,2023-06-29,False
rizz,rizz,17684443,2023-02-24,False
rizz,rizz,17454156,2022-09-13,False
rizz,rizz,17585916,2022-12-12,False
rizz,rizz,17819927,2023-06-10,False
rizz,rizz,17859406,2023-07-16,False
rizz,rizz,17610171,2022-12-31,False
rizz,rizz,16507841,2021-11-21,False
rizz,rizz,17725642,2023-03-24,False
rizz,rizz,17553419,2022-11-20,False
rizz,rizz,14501329,2019-12-02,False
rizz,rizz,15746826,2021-02-15,False
rizz,rizz,16529451,2021-11-22,False
rizz,rizz,16847822,2021-12-17,False
rizz,rizz,16898132,2022-01-09,False
rizz,rizz,16899202,2022-01-09,False
rizz,rizz,16909922,2022-01-14,False
rizz,rizz,16923425,2022-01-19,False
rizz,rizz,17024023,2022-02-25,False
rizz,rizz,17080841,2022-03-18,False
rizz,rizz,17087282,2022-03-20,False
rizz,rizz,17087344,2022-03-20,False
rizz,rizz,17188897,2022-04-27,False
rizz,rizz,17189131,2022-04-27,False
rizz,rizz,17205130,2022-05-03,False
rizz,rizz,17229924,2022-05-12,False
rizz,rizz,17232913,2022-05-13,False
rizz,rizz,17244246,2022-05-18,False
rizz,rizz,17248511,2022-05-19,False
rizz,rizz,17255271,2022-05-22,False
rizz,rizz,17289305,2022-06-06,False
rizz,rizz,17290349,2022-06-06,False
rizz,rizz,17301335,2022-06-11,False
rizz,rizz,17307237,2022-06-14,False
rizz,rizz,17326512,2022-06-24,False
rizz,rizz,17349429,2022-07-07,False
rizz,rizz,17353308,2022-07-10,False
rizz,rizz,17384650,2022-07-28,False
rizz,rizz,17395787,2022-08-04,False
rizz,rizz,17426136,2022-08-25,False
rizz,rizz,17464379,2022-09-20,False
rizz,rizz,17469185,2022-09-23,False
rizz,rizz,17475351,2022-09-28,False
rizz,rizz,17483076,2022-10-04,False
rizz,rizz,17486005,2022-10-06,False
rizz,rizz,17487569,2022-10-07,False
rizz,rizz,17487629,2022-10-07,False
rizz,rizz,17491445,2022-10-10,False
rizz,rizz,17493116,2022-10-11,False
rizz,rizz,17496691,2022-10-14,False
rizz,rizz,17497685,2022-10-15,False
rizz,rizz,17503903,2022-10-19,False
rizz,rizz,17513432,2022-10-25,False
rizz,rizz,17519834,2022-10-30,False
rizz,rizz,17526179,2022-11-03,False
rizz,rizz,17527692,2022-11-04,False
rizz,rizz,17534787,2022-11-08,False
rizz,rizz,17540421,2022-11-11,False
rizz,rizz,17541437,2022-11-12,False
rizz,rizz,17546442,2022-11-15,False
rizz,rizz,17547295,2022-11-16,False
rizz,rizz,17547711,2022-11-16,False
rizz,rizz,17548254,2022-11-16,False
rizz,rizz,17549875,2022-11-17,False
rizz,rizz,17553664,2022-11-20,False
rizz,rizz,17555476,2022-11-21,False
rizz,rizz,17555477,2022-11-21,False
rizz,rizz,17557609,2022-11-22,False
rizz,rizz,17558013,2022-11-23,False
rizz,rizz,17564340,2022-11-27,False
rizz,rizz,17565061,2022-11-28,False
rizz,rizz,17565291,2022-11-28,False
rizz,rizz,17566468,2022-11-29,False
rizz,rizz,17567851,2022-11-29,False
rizz,rizz,17568132,2022-11-30,False
rizz,rizz,17574323,2022-12-04,False
rizz,rizz,17574324,2022-12-04,False
rizz,rizz,17574939,2022-12-04,False
rizz,rizz,17575143,2022-12-04,False
rizz,rizz,17575151,2022-12-04,False
rizz,rizz,17575778,2022-12-05,False
rizz,rizz,17578157,2022-12-06,False
rizz,rizz,17578626,2022-12-06,False
rizz,rizz,17579693,2022-12-07,False
rizz,rizz,17579714,2022-12-07,False
rizz,rizz,17585917,2022-12-12,False
rizz,rizz,17587144,2022-12-12,False
rizz,rizz,17587253,2022-12-13,False
rizz,rizz,17587429,2022-12-13,False
rizz,rizz,17588185,2022-12-13,False
rizz,rizz,17590323,2022-12-15,False
rizz,rizz,17590796,2022-12-15,False
rizz,rizz,17591888,2022-12-16,False
rizz,rizz,17593481,2022-12-17,False
rizz,rizz,17594142,2022-12-17,False
rizz,rizz,17595113,2022-12-18,False
rizz,rizz,17596061,2022-12-19,False
rizz,rizz,17596904,2022-12-19,False
rizz,rizz,17597477,2022-12-20,False
rizz,rizz,17597522,2022-12-20,False
rizz,rizz,17597637,2022-12-20,False
rizz,rizz,17600348,2022-12-22,False
rizz,rizz,17601613,2022-12-23,False
rizz,rizz,17602896,2022-12-24,False
rizz,rizz,17603119,2022-12-25,False
rizz,rizz,17603122,2022-12-25,False
rizz,rizz,17606319,2022-12-28,False
rizz,rizz,17606751,2022-12-28,False
rizz,rizz,17608638,2022-12-29,False
rizz,rizz,17608904,2022-12-30,False
rizz,rizz,17610087,2022-12-31,False
rizz,rizz,17610120,2022-12-31,False
rizz,rizz,17610463,2022-12-31,False
rizz,rizz,17610473,2022-12-31,False
rizz,rizz,17611683,2023-01-01,False
rizz,rizz,17613032,2023-01-02,False
rizz,rizz,17613167,2023-01-02,False
rizz,rizz,17613841,2023-01-03,False
rizz,rizz,17614176,2023-01-03,False
rizz,rizz,17614621,2023-01-03,False
rizz,rizz,17614943,2023-01-04,False
rizz,rizz,17619113,2023-01-06,False
rizz,rizz,17620445,2023-01-07,False
rizz,rizz,17621401,2023-01-08,False
rizz,rizz,17621635,2023-01-08,False
rizz,rizz,17625450,2023-01-12,False
rizz,rizz,17626330,2023-01-12,False
rizz,rizz,17626346,2023-01-12,False
rizz,rizz,17628123,2023-01-14,False
rizz,rizz,17629014,2023-01-15,False
rizz,rizz,17630705,2023-01-16,False
rizz,rizz,17630702,2023-01-16,False
rizz,rizz,17634083,2023-01-18,False
rizz,rizz,17634689,2023-01-19,False
rizz,rizz,17636748,2023-01-20,False
rizz,rizz,17636813,2023-01-20,False
rizz,rizz,17638658,2023-01-22,False
rizz,rizz,17639600,2023-01-22,False
rizz,rizz,17640651,2023-01-23,False
rizz,rizz,17642694,2023-01-25,False
rizz,rizz,17643801,2023-01-25,False
rizz,rizz,17644245,2023-01-26,False
rizz,rizz,17649836,2023-01-30,False
rizz,rizz,17653541,2023-02-01,False
rizz,rizz,17658377,2023-02-05,False
rizz,rizz,17658663,2023-02-05,False
rizz,rizz,17659432,2023-02-06,False
rizz,rizz,17660015,2023-02-06,False
rizz,rizz,17661032,2023-02-07,False
rizz,rizz,17661209,2023-02-07,False
rizz,rizz,17662199,2023-02-08,False
rizz,rizz,17662634,2023-02-08,False
rizz,rizz,17663276,2023-02-08,False
rizz,rizz,17664485,2023-02-09,False
rizz,rizz,17665250,2023-02-10,False
rizz,rizz,17666057,2023-02-10,False
rizz,rizz,17667090,2023-02-11,False
rizz,rizz,17667531,2023-02-12,False
rizz,rizz,17667825,2023-02-12,False
rizz,rizz,17668069,2023-02-12,False
rizz,rizz,17669072,2023-02-13,False
rizz,rizz,17671370,2023-02-14,False
rizz,rizz,17672834,2023-02-15,False
rizz,rizz,17673408,2023-02-16,False
rizz,rizz,17674266,2023-02-16,False
rizz,rizz,17674696,2023-02-17,False
rizz,rizz,17675473,2023-02-17,False
rizz,rizz,17679431,2023-02-20,False
rizz,rizz,17680519,2023-02-21,False
rizz,rizz,17682230,2023-02-22,False
rizz,rizz,17682435,2023-02-22,False
rizz,rizz,17687199,2023-02-26,False
rizz,rizz,17688153,2023-02-27,False
rizz,rizz,17689361,2023-02-27,False
rizz,rizz,17695163,2023-03-03,False
rizz,rizz,17695320,2023-03-03,False
rizz,rizz,17696301,2023-03-04,False
rizz,rizz,17696828,2023-03-04,False
rizz,rizz,17700143,2023-03-06,False
rizz,rizz,17702172,2023-03-07,False
rizz,rizz,17708916,2023-03-12,False
rizz,rizz,17709551,2023-03-13,False
rizz,rizz,17710025,2023-03-13,False
rizz,rizz,17710339,2023-03-13,False
rizz,rizz,17716133,2023-03-17,False
rizz,rizz,17717987,2023-03-19,False
rizz,rizz,17718207,2023-03-19,False
rizz,rizz,17718827,2023-03-19,False
rizz,rizz,17725121,2023-03-24,False
rizz,rizz,17725187,2023-03-24,False
rizz,rizz,17727980,2023-03-26,False
rizz,rizz,17731714,2023-03-29,False
rizz,rizz,17736425,2023-04-02,False
rizz,rizz,17739294,2023-04-04,False
rizz,rizz,17741007,2023-04-05,False
rizz,rizz,17743030,2023-04-07,False
rizz,rizz,17743190,2023-04-07,False
rizz,rizz,17747191,2023-04-10,False
rizz,rizz,17747505,2023-04-11,False
rizz,rizz,17755490,2023-04-17,False
rizz,rizz,17762101,2023-04-22,False
rizz,rizz,17762377,2023-04-23,False
rizz,rizz,17762650,2023-04-23,False
rizz,rizz,17764205,2023-04-24,False
rizz,rizz,17764469,2023-04-24,False
rizz,rizz,17766146,2023-04-26,False
rizz,rizz,17766285,2023-04-26,False
rizz,rizz,17766523,2023-04-26,False
rizz,rizz,17769460,2023-04-28,False
rizz,rizz,17769794,2023-04-29,False
rizz,rizz,17769821,2023-04-29,False
rizz,rizz,17774385,2023-05-03,False
rizz,rizz,17775304,2023-05-03,False
rizz,rizz,17775930,2023-05-04,False
rizz,rizz,17777860,2023-05-05,False
rizz,rizz,17777905,2023-05-05,False
rizz,rizz,17778001,2023-05-06,False
rizz,rizz,17779381,2023-05-07,False
rizz,rizz,17779463,2023-05-07,False
rizz,rizz,17783963,2023-05-10,False
rizz,rizz,17786268,2023-05-12,False
rizz,rizz,17787163,2023-05-13,False
rizz,rizz,17788757,2023-05-15,False
rizz,rizz,17791514,2023-05-17,False
rizz,rizz,17791543,2023-05-17,False
rizz,rizz,17793022,2023-05-18,False
rizz,rizz,17799373,2023-05-23,False
rizz,rizz,17799627,2023-05-23,False
rizz,rizz,17800733,2023-05-24,False
rizz,rizz,17807916,2023-05-30,False
rizz,rizz,17808369,2023-05-31,False
rizz,rizz,17811734,2023-06-03,False
rizz,rizz,17813800,2023-06-05,False
rizz,rizz,17813804,2023-06-05,False
rizz,rizz,17813822,2023-06-05,False
rizz,rizz,17817274,2023-06-07,False
rizz,rizz,17817985,2023-06-08,False
rizz,rizz,17818217,2023-06-08,False
rizz,rizz,17821677,2023-06-11,False
rizz,rizz,17822140,2023-06-12,False
rizz,rizz,17828034,2023-06-17,False
rizz,rizz,17831539,2023-06-20,False
rizz,rizz,17832444,2023-06-21,False
rizz,rizz,17833451,2023-06-21,False
rizz,rizz,17835648,2023-06-23,False
rizz,rizz,17835779,2023-06-23,False
rizz,rizz,17836252,2023-06-24,False
rizz,rizz,17840125,2023-06-27,False
rizz,rizz,17847061,2023-07-04,False
rizz,rizz,17854044,2023-07-11,False
rizz,rizz,17855958,2023-07-13,False
rizz,rizz,17857675,2023-07-14,False
rizz,rizz,17866530,2023-07-23,False
rizz,rizz,17874566,2023-07-31,False
rizz,rizz,17875461,2023-08-01,False
rizz,rizz,17886170,2023-08-12,False
rizz,rizz,17892716,2023-08-18,False
rizz,rizz,17893921,2023-08-20,False
rizz,rizz,17898229,2023-08-24,False
rizz,rizz,17901032,2023-08-27,False
rizz,rizz,17903546,2023-08-30,False
rizz,rizz,17906776,2023-09-02,False
rizz,rizz,17907529,2023-09-03,False
rizz,rizz,17908600,2023-09-04,False
rizz,rizz,17908607,2023-09-04,False
rizz,rizz,17910900,2023-09-06,False
rizz,rizz,17918562,2023-09-14,False
rizz,rizz,17919565,2023-09-15,False
rizz,rizz,17923911,2023-09-19,False
rizz,rizz,17924642,2023-09-19,False
rizz,rizz,17924644,2023-09-19,False
rizz,rizz,17929848,2023-09-24,False
rizz,rizz,17933434,2023-09-28,False
rizz,rizz,17934904,2023-09-29,False
rizz,rizz,17944137,2023-10-07,False
rizz,rizz,17944628,2023-10-08,False
rizz,rizz,17945479,2023-10-09,False
rizz,rizz,17947317,2023-10-10,False
rizz,rizz,17948218,2023-10-11,False
rizz,rizz,17951863,2023-10-14,False
rizz,rizz,17953882,2023-10-16,False
rizz,rizz,17966276,2023-10-29,False
rizz,rizz,17966595,2023-10-29,False
rizz,rizz,17967199,2023-10-30,False
rizz,rizz,17968729,2023-10-31,False
rizz,rizz,17969854,2023-11-01,False
rizz,rizz,17970900,2023-11-02,False
rizz,rizz,17971617,2023-11-03,False
rizz,rizz,17973167,2023-11-04,False
rizz,rizz,17973700,2023-11-05,False
rizz,rizz,17975455,2023-11-06,False
rizz,rizz,17980353,2023-11-13,False
rizz,rizz,17980485,2023-11-13,False
rizz,rizz,17980493,2023-11-13,False
rizz,rizz,17982180,2023-11-15,False
rizz,rizz,18002862,2023-11-20,False
rizz,rizz,18004466,2023-11-20,False
rizz,rizz,18011123,2023-11-21,False
rizz,rizz,18011125,2023-11-21,False
rizz,rizz,18012992,2023-11-21,False
rizz,rizz,18016052,2023-11-22,False
rizz,rizz,18022326,2023-11-24,False
rizz,rizz,18025456,2023-11-25,False
rizz,rizz,18028437,2023-11-27,False
rizz,rizz,18031672,2023-11-30,False
rizz,rizz,18034814,2023-12-02,False
rizz,rizz,18036321,2023-12-04,False
rizz,rizz,18042419,2023-12-09,False
rizz,rizz,18044509,2023-12-11,False
rizz,rizz,18045765,2023-12-12,False
rizz,rizz,18046252,2023-12-12,False
rizz,rizz,18046333,2023-12-12,False
rizz,rizz,18047093,2023-12-13,False
rizz,rizz,18048412,2023-12-14,False
rizz,rizz,18050290,2023-12-16,False
rizz,rizz,18052717,2023-12-19,False
rizz,rizz,18053092,2023-12-19,False
rizz,rizz,18061036,2023-12-28,False
rizz,rizz,18061535,2023-12-28,False
rizz,rizz,18063173,2023-12-30,False
rizz,rizz,18070027,2024-01-07,False
rizz,rizz,18076408,2024-01-13,False
rizz,rizz,18079647,2024-01-17,False
rizz,rizz,18080452,2024-01-17,False
rizz,rizz,18081483,2024-01-18,False
rizz,rizz,18083247,2024-01-20,False
rizz,rizz,18085838,2024-01-23,False
rizz,rizz,18087715,2024-01-25,False
rizz,rizz,18088805,2024-01-26,False
rizz,rizz,18090544,2024-01-28,False
rizz,rizz,18091790,2024-01-29,False
rizz,rizz,18100671,2024-02-07,False
rizz,rizz,18104124,2024-02-11,False
rizz,rizz,18106431,2024-02-14,False
rizz,rizz,18106870,2024-02-14,False
rizz,rizz,18113153,2024-02-19,False
rizz,rizz,18113896,2024-02-20,False
rizz,rizz,18115184,2024-02-21,False
rizz,rizz,18145863,2024-02-26,False
rizz,rizz,18149349,2024-02-29,False
rizz,rizz,18150999,2024-03-02,False
rizz,rizz,18154155,2024-03-05,False
rizz,rizz,18162179,2024-03-13,False
rizz,rizz,18162129,2024-03-13,False
rizz,rizz,18163171,2024-03-14,False
rizz,rizz,18163441,2024-03-14,False
rizz,rizz,18164453,2024-03-15,False
rizz,rizz,18166861,2024-03-18,False
rizz,rizz,18167291,2024-03-18,False
rizz,rizz,18170700,2024-03-21,False
rizz,rizz,18170781,2024-03-21,False
rizz,rizz,18173074,2024-03-24,False
rizz,rizz,18173207,2024-03-24,False
rizz,rizz,18181191,2024-04-02,False
rizz,rizz,18182524,2024-04-03,False
rizz,rizz,18187234,2024-04-08,False
rizz,rizz,18189137,2024-04-10,False
rizz,rizz,18193563,2024-04-16,False
rizz,rizz,18201050,2024-04-23,False
rizz,rizz,18204962,2024-04-27,False
rizz,rizz,18205932,2024-04-28,False
rizz,rizz,18207033,2024-04-29,False
rizz,rizz,18211983,2024-05-04,False
rizz,rizz,18212985,2024-05-05,False
rizz,rizz,18213268,2024-05-05,False
rizz,rizz,18214253,2024-05-06,False
rizz,rizz,18218499,2024-05-11,False
rizz,rizz,18219252,2024-05-12,False
rizz,rizz,18219342,2024-05-12,False
rizz,rizz,18225542,2024-05-21,False
rizz,rizz,18226757,2024-05-22,False
rizz,rizz,18227000,2024-05-22,False
rizz,rizz,18230394,2024-05-26,False
rizz,rizz,18232330,2024-05-28,False
rizz,rizz,18237524,2024-06-02,False
rizz,rizz,18245050,2024-06-11,False
rizz,rizz,18248737,2024-06-16,False
rizz,rizz,18255393,2024-06-24,False
rizz,rizz,18258110,2024-06-27,False
rizz,rizz,18262131,2024-07-03,False
rizz,rizz,18263090,2024-07-04,False
rizz,rizz,18265866,2024-07-07,False
rizz,rizz,18266066,2024-07-08,False
rizz,rizz,18266693,2024-07-09,False
rizz,rizz,18267737,2024-07-10,False
rizz,rizz,18275249,2024-07-20,False
rizz,rizz,18279298,2024-07-26,False
rizz,rizz,18283597,2024-07-31,False
rizz,rizz,18294441,2024-08-16,False
rizz,rizz,18314872,2024-09-10,False
rizz,rizz,18327700,2024-09-27,False
rizz,rizz,18378585,2024-11-29,False
rizz,rizz,18379010,2024-11-30,False
rizz,rizz,18387639,2024-12-12,False
rizz,rizz,18389619,2024-12-15,False
rizz,rizz,18390040,2024-12-15,False
rizz,rizz,18398810,2024-12-29,False
rizz,rizz,18404479,2025-01-07,False
rizz,rizz,18409739,2025-01-14,False
rizz,rizz,18412534,2025-01-19,False
rizz,rizz,18415629,2025-01-23,False
rizz,rizz,18416298,2025-01-24,False
rizz,rizz,18417758,2025-01-26,False
rizz,rizz,18429457,2025-02-12,False
rizz,rizz,18431233,2025-02-14,False
rizz,rizz,18433877,2025-02-18,False
rizz,rizz,18436043,2025-02-20,False
rizz,rizz,18454698,2025-03-19,False
rizz,rizz,18476938,2025-04-27,False
rizz,rizz,18477736,2025-04-28,False
rizz,rizz,18493859,2025-05-25,False
rizz,rizz,18502198,2025-06-11,False
rizz,rizz,18522021,2025-07-25,False
rizz,rizz,18522022,2025-07-25,False
rizz,rizz,18530920,2025-08-13,False
rizz,rizz,18542296,2025-09-08,False
rizz,rizz,18547418,2025-09-20,False
rizz,rizz,18548438,2025-09-22,False
rizz,rizz,18577647,2025-12-02,False
rizz,rizz,18600266,2026-01-27,False
rizz,rizz,18642536,2026-05-04,False
ong,ong,13152319,2018-08-23,False
ong,ong,17594264,2022-12-18,False
ong,ong,15370540,2020-10-07,False
ong,ong,17523502,2022-11-01,False
ong,ong,17219314,2022-05-09,False
ong,ong,4218417,2009-09-04,False
ong,ong,17694069,2023-03-02,False
ong,ong,15438313,2020-10-31,False
ong,ong,3639406,2009-01-19,False
ong,ong,6772975,2012-10-02,False
ong,ong,14541373,2019-12-13,False
ong,ong,13547606,2019-01-22,False
ong,ong,14837232,2020-03-28,False
ong,ong,15430075,2020-10-28,False
ong,ong,11409839,2017-04-09,False
ong,ong,1069916,2005-02-18,False
ong,ong,670394,2004-05-14,False
ong,ong,14045866,2019-07-07,False
ong,ong,15274651,2020-08-27,False
ong,ong,8107656,2015-02-15,False
ong,ong,11370056,2017-04-01,False
ong,ong,16850222,2021-12-19,False
ong,ong,12628987,2018-05-08,False
ong,ong,13731226,2019-03-20,False
ong,ong,15642826,2021-01-07,False
ong,ong,15799842,2021-03-06,False
ong,ong,15965762,2021-05-04,False
ong,ong,16202984,2021-07-23,False
ong,ong,16435664,2021-11-16,False
ong,ong,16739733,2021-11-24,False
ong,ong,16810895,2021-12-04,False
ong,ong,16917403,2022-01-17,False
ong,ong,16937228,2022-01-24,False
ong,ong,16955826,2022-01-31,False
ong,ong,16959343,2022-02-01,False
ong,ong,17003739,2022-02-18,False
ong,ong,17021757,2022-02-24,False
ong,ong,17134591,2022-04-07,False
ong,ong,17138639,2022-04-09,False
ong,ong,17225148,2022-05-11,False
ong,ong,17310274,2022-06-16,False
ong,ong,17327906,2022-06-25,False
ong,ong,17349447,2022-07-07,False
ong,ong,17367600,2022-07-18,False
ong,ong,17369275,2022-07-19,False
ong,ong,17402738,2022-08-09,False
ong,ong,17416325,2022-08-19,False
ong,ong,17474306,2022-09-27,False
ong,ong,17485079,2022-10-05,False
ong,ong,17500234,2022-10-16,False
ong,ong,17521131,2022-10-31,False
ong,ong,17521503,2022-10-31,False
ong,ong,17551224,2022-11-18,False
ong,ong,17584727,2022-12-11,False
ong,ong,17585792,2022-12-12,False
ong,ong,17599195,2022-12-21,False
ong,ong,17609332,2022-12-30,False
ong,ong,17676365,2023-02-18,False
ong,ong,17773980,2023-05-02,False
ong,ong,17821309,2023-06-11,False
ong,ong,17948491,2023-10-11,False
ong,ong,17976858,2023-11-08,False
ong,ong,18219600,2024-05-12,False
ong,ong,18486242,2025-05-11,False
ong,ong,18587246,2025-12-27,False
gyatt,gyatt,17717021,2023-03-18,False
gyatt,gyatt,16274197,2021-08-28,False
gyatt,gyatt,16186083,2021-07-16,False
gyatt,gyatt,17015941,2022-02-22,False
gyatt,gyatt,17910511,2023-09-06,False
gyatt,gyatt,16317775,2021-09-15,False
gyatt,gyatt,17956326,2023-10-19,False
gyatt,gyatt,17807557,2023-05-30,False
gyatt,gyatt,17620765,2023-01-08,False
gyatt,gyatt,17859523,2023-07-16,False
gyatt,gyatt,15756935,2021-02-19,False
gyatt,gyatt,17087884,2022-03-21,False
gyatt,gyatt,17868944,2023-07-25,False
gyatt,gyatt,16969640,2022-02-05,False
gyatt,gyatt,17915929,2023-09-11,False
gyatt,gyatt,17604347,2022-12-26,False
gyatt,gyatt,17652193,2023-01-31,False
gyatt,gyatt,17915933,2023-09-11,False
gyatt,gyatt,17921951,2023-09-17,False
gyatt,gyatt,17281987,2022-06-02,False
gyatt,gyatt,16174861,2021-07-11,False
gyatt,gyatt,17675741,2023-02-17,False
gyatt,gyatt,17973057,2023-11-04,False
gyatt,gyatt,17822936,2023-06-12,False
gyatt,gyatt,17805010,2023-05-28,False
gyatt,gyatt,17839997,2023-06-27,False
gyatt,gyatt,17921783,2023-09-17,False
gyatt,gyatt,17239915,2022-05-16,False
gyatt,gyatt,17824512,2023-06-14,False
gyatt,gyatt,17904635,2023-08-31,False
gyatt,gyatt,17264736,2022-05-26,False
gyatt,gyatt,16507964,2021-11-21,False
gyatt,gyatt,17099307,2022-03-25,False
gyatt,gyatt,17370610,2022-07-19,False
gyatt,gyatt,17570776,2022-12-01,False
gyatt,gyatt,17618422,2023-01-06,False
gyatt,gyatt,17645272,2023-01-26,False
gyatt,gyatt,17665727,2023-02-10,False
gyatt,gyatt,17667024,2023-02-11,False
gyatt,gyatt,17766426,2023-04-26,False
gyatt,gyatt,17860848,2023-07-17,False
gyatt,gyatt,17874121,2023-07-31,False
gyatt,gyatt,17886162,2023-08-12,False
gyatt,gyatt,17888443,2023-08-14,False
gyatt,gyatt,17892712,2023-08-18,False
gyatt,gyatt,17893480,2023-08-19,False
gyatt,gyatt,17893864,2023-08-20,False
gyatt,gyatt,17897207,2023-08-23,False
gyatt,gyatt,17897378,2023-08-23,False
gyatt,gyatt,17898998,2023-08-25,False
gyatt,gyatt,17910958,2023-09-06,False
gyatt,gyatt,17911082,2023-09-06,False
gyatt,gyatt,17913098,2023-09-08,False
gyatt,gyatt,17914306,2023-09-10,False
gyatt,gyatt,17914933,2023-09-10,False
gyatt,gyatt,17925472,2023-09-20,False
gyatt,gyatt,17926506,2023-09-21,False
gyatt,gyatt,17931061,2023-09-25,False
gyatt,gyatt,17931755,2023-09-26,False
gyatt,gyatt,17932075,2023-09-26,False
gyatt,gyatt,17932077,2023-09-26,False
gyatt,gyatt,17932978,2023-09-27,False
gyatt,gyatt,17936607,2023-10-01,False
gyatt,gyatt,17936650,2023-10-01,False
gyatt,gyatt,17940763,2023-10-04,False
gyatt,gyatt,17941750,2023-10-05,False
gyatt,gyatt,17942458,2023-10-06,False
gyatt,gyatt,17948062,2023-10-11,False
gyatt,gyatt,17948172,2023-10-11,False
gyatt,gyatt,17948698,2023-10-11,False
gyatt,gyatt,17949485,2023-10-12,False
gyatt,gyatt,17950908,2023-10-13,False
gyatt,gyatt,17951566,2023-10-14,False
gyatt,gyatt,17951592,2023-10-14,False
gyatt,gyatt,17953768,2023-10-16,False
gyatt,gyatt,17954571,2023-10-17,False
gyatt,gyatt,17956114,2023-10-18,False
gyatt,gyatt,17958896,2023-10-21,False
gyatt,gyatt,17959113,2023-10-21,False
gyatt,gyatt,17960023,2023-10-22,False
gyatt,gyatt,17960480,2023-10-23,False
gyatt,gyatt,17960708,2023-10-23,False
gyatt,gyatt,17961399,2023-10-23,False
gyatt,gyatt,17966791,2023-10-30,False
gyatt,gyatt,17967244,2023-10-30,False
gyatt,gyatt,17970721,2023-11-02,False
gyatt,gyatt,17977464,2023-11-08,False
gyatt,gyatt,17981606,2023-11-14,False
gyatt,gyatt,17982666,2023-11-15,False
gyatt,gyatt,17983598,2023-11-16,False
gyatt,gyatt,17985075,2023-11-17,False
gyatt,gyatt,17985988,2023-11-18,False
gyatt,gyatt,17985991,2023-11-18,False
gyatt,gyatt,18001932,2023-11-20,False
gyatt,gyatt,18005394,2023-11-20,False
gyatt,gyatt,18021593,2023-11-23,False
gyatt,gyatt,18022677,2023-11-24,False
gyatt,gyatt,18022951,2023-11-24,False
gyatt,gyatt,18024597,2023-11-25,False
gyatt,gyatt,18026527,2023-11-26,False
gyatt,gyatt,18026524,2023-11-26,False
gyatt,gyatt,18028137,2023-11-27,False
gyatt,gyatt,18028407,2023-11-27,False
gyatt,gyatt,18030753,2023-11-29,False
gyatt,gyatt,18032042,2023-11-30,False
gyatt,gyatt,18035665,2023-12-03,False
gyatt,gyatt,18036262,2023-12-04,False
gyatt,gyatt,18037656,2023-12-05,False
gyatt,gyatt,18038315,2023-12-05,False
gyatt,gyatt,18041275,2023-12-08,False
gyatt,gyatt,18042257,2023-12-09,False
gyatt,gyatt,18043253,2023-12-10,False
gyatt,gyatt,18044605,2023-12-11,False
gyatt,gyatt,18046255,2023-12-12,False
gyatt,gyatt,18049348,2023-12-15,False
gyatt,gyatt,18050299,2023-12-16,False
gyatt,gyatt,18051683,2023-12-18,False
gyatt,gyatt,18061179,2023-12-28,False
gyatt,gyatt,18061316,2023-12-28,False
gyatt,gyatt,18063134,2023-12-30,False
gyatt,gyatt,18063598,2023-12-31,False
gyatt,gyatt,18064555,2024-01-01,False
gyatt,gyatt,18066259,2024-01-03,False
gyatt,gyatt,18070947,2024-01-08,False
gyatt,gyatt,18071032,2024-01-08,False
gyatt,gyatt,18071437,2024-01-08,False
gyatt,gyatt,18072631,2024-01-09,False
gyatt,gyatt,18074018,2024-01-11,False
gyatt,gyatt,18076461,2024-01-13,False
gyatt,gyatt,18077978,2024-01-15,False
gyatt,gyatt,18080216,2024-01-17,False
gyatt,gyatt,18080431,2024-01-17,False
gyatt,gyatt,18081590,2024-01-19,False
gyatt,gyatt,18081858,2024-01-19,False
gyatt,gyatt,18082805,2024-01-20,False
gyatt,gyatt,18084626,2024-01-22,False
gyatt,gyatt,18088718,2024-01-26,False
gyatt,gyatt,18088908,2024-01-26,False
gyatt,gyatt,18090309,2024-01-28,False
gyatt,gyatt,18093525,2024-01-31,False
gyatt,gyatt,18107570,2024-02-15,False
gyatt,gyatt,18111827,2024-02-19,False
gyatt,gyatt,18113366,2024-02-20,False
gyatt,gyatt,18114163,2024-02-20,False
gyatt,gyatt,18123401,2024-02-25,False
gyatt,gyatt,18146671,2024-02-26,False
gyatt,gyatt,18147951,2024-02-28,False
gyatt,gyatt,18151524,2024-03-02,False
gyatt,gyatt,18154713,2024-03-06,False
gyatt,gyatt,18154866,2024-03-06,False
gyatt,gyatt,18155391,2024-03-06,False
gyatt,gyatt,18161429,2024-03-12,False
gyatt,gyatt,18165195,2024-03-16,False
gyatt,gyatt,18175220,2024-03-26,False
gyatt,gyatt,18182102,2024-04-02,False
gyatt,gyatt,18184213,2024-04-05,False
gyatt,gyatt,18186132,2024-04-07,False
gyatt,gyatt,18188053,2024-04-09,False
gyatt,gyatt,18189036,2024-04-10,False
gyatt,gyatt,18194839,2024-04-17,False
gyatt,gyatt,18197971,2024-04-20,False
gyatt,gyatt,18198084,2024-04-20,False
gyatt,gyatt,18198230,2024-04-21,False
gyatt,gyatt,18199914,2024-04-22,False
gyatt,gyatt,18200873,2024-04-23,False
gyatt,gyatt,18204648,2024-04-27,False
gyatt,gyatt,18206082,2024-04-28,False
gyatt,gyatt,18206170,2024-04-28,False
gyatt,gyatt,18208238,2024-04-30,False
gyatt,gyatt,18211670,2024-05-04,False
gyatt,gyatt,18212337,2024-05-04,False
gyatt,gyatt,18212584,2024-05-05,False
gyatt,gyatt,18213493,2024-05-06,False
gyatt,gyatt,18219025,2024-05-12,False
gyatt,gyatt,18223786,2024-05-19,False
gyatt,gyatt,18226440,2024-05-21,False
gyatt,gyatt,18232333,2024-05-28,False
gyatt,gyatt,18232350,2024-05-28,False
gyatt,gyatt,18232843,2024-05-28,False
gyatt,gyatt,18234068,2024-05-29,False
gyatt,gyatt,18242881,2024-06-09,False
gyatt,gyatt,18247147,2024-06-14,False
gyatt,gyatt,18248792,2024-06-16,False
gyatt,gyatt,18249496,2024-06-17,False
gyatt,gyatt,18254764,2024-06-23,False
gyatt,gyatt,18255908,2024-06-25,False
gyatt,gyatt,18256573,2024-06-25,False
gyatt,gyatt,18257601,2024-06-27,False
gyatt,gyatt,18269786,2024-07-13,False
gyatt,gyatt,18277094,2024-07-23,False
gyatt,gyatt,18278638,2024-07-25,False
gyatt,gyatt,18279467,2024-07-26,False
gyatt,gyatt,18283921,2024-08-01,False
gyatt,gyatt,18289557,2024-08-08,False
gyatt,gyatt,18296634,2024-08-19,False
gyatt,gyatt,18373906,2024-11-22,False
gyatt,gyatt,18374323,2024-11-23,False
gyatt,gyatt,18375920,2024-11-25,False
gyatt,gyatt,18381099,2024-12-03,False
gyatt,gyatt,18389908,2024-12-15,False
gyatt,gyatt,18392191,2024-12-18,False
gyatt,gyatt,18392439,2024-12-18,False
gyatt,gyatt,18397304,2024-12-27,False
gyatt,gyatt,18397303,2024-12-27,False
gyatt,gyatt,18405016,2025-01-08,False
gyatt,gyatt,18416306,2025-01-24,False
gyatt,gyatt,18423303,2025-02-03,False
gyatt,gyatt,18431230,2025-02-14,False
gyatt,gyatt,18436364,2025-02-21,False
gyatt,gyatt,18485614,2025-05-10,False
gyatt,gyatt,18531975,2025-08-16,False
gyatt,gyat,16155163,2021-07-04,False
gyatt,gyat,16247661,2021-08-15,False
gyatt,gyat,17373748,2022-07-21,False
gyatt,gyat,16313184,2021-09-13,False
gyatt,gyat,17828938,2023-06-18,False
gyatt,gyat,17397937,2022-08-06,False
gyatt,gyat,17257922,2022-05-23,False
gyatt,gyat,16961172,2022-02-02,False
gyatt,gyat,16176965,2021-07-12,False
gyatt,gyat,17512153,2022-10-24,False
gyatt,gyat,17766798,2023-04-26,False
gyatt,gyat,17828822,2023-06-18,False
gyatt,gyat,17717822,2023-03-18,False
gyatt,gyat,16954191,2022-01-30,False
gyatt,gyat,17810444,2023-06-01,False
gyatt,gyat,17844701,2023-07-01,False
gyatt,gyat,17786297,2023-05-12,False
gyatt,gyat,17900945,2023-08-27,False
gyatt,gyat,17968763,2023-10-31,False
gyatt,gyat,17752850,2023-04-15,False
gyatt,gyat,17731688,2023-03-29,False
gyatt,gyat,17048097,2022-03-06,False
gyatt,gyat,17858907,2023-07-15,False
gyatt,gyat,17876163,2023-08-01,False
gyatt,gyat,17753713,2023-04-16,False
gyatt,gyat,16927225,2022-01-20,False
gyatt,gyat,17950164,2023-10-13,False
gyatt,gyat,15855850,2021-03-24,False
gyatt,gyat,17786769,2023-05-13,False
gyatt,gyat,17723163,2023-03-22,False
gyatt,gyat,17926604,2023-09-21,False
gyatt,gyat,17808707,2023-05-31,False
gyatt,gyat,13947599,2019-05-30,False
gyatt,gyat,17838922,2023-06-26,False
gyatt,gyat,17792971,2023-05-18,False
gyatt,gyat,9876724,2016-06-14,False
gyatt,gyat,17703738,2023-03-08,False
gyatt,gyat,4937551,2010-05-04,False
gyatt,gyat,17805721,2023-05-29,False
gyatt,gyat,17599279,2022-12-21,False
gyatt,gyat,17673893,2023-02-16,False
gyatt,gyat,17593371,2022-12-17,False
gyatt,gyat,17884611,2023-08-10,False
gyatt,gyat,17783846,2023-05-10,False
gyatt,gyat,17606086,2022-12-27,False
gyatt,gyat,17675317,2023-02-17,False
gyatt,gyat,17721290,2023-03-21,False
gyatt,gyat,17736001,2023-04-01,False
gyatt,gyat,17754153,2023-04-16,False
gyatt,gyat,17760621,2023-04-21,False
gyatt,gyat,17772886,2023-05-01,False
gyatt,gyat,17776720,2023-05-04,False
gyatt,gyat,17786286,2023-05-12,False
gyatt,gyat,17791614,2023-05-17,False
gyatt,gyat,17806861,2023-05-30,False
gyatt,gyat,17809159,2023-05-31,False
gyatt,gyat,17828404,2023-06-17,False
gyatt,gyat,17836914,2023-06-24,False
gyatt,gyat,17859819,2023-07-16,False
gyatt,gyat,17863709,2023-07-20,False
gyatt,gyat,17865256,2023-07-22,False
gyatt,gyat,17871606,2023-07-28,False
gyatt,gyat,17877662,2023-08-03,False
gyatt,gyat,17877893,2023-08-03,False
gyatt,gyat,17878513,2023-08-04,False
gyatt,gyat,17880670,2023-08-06,False
gyatt,gyat,17884466,2023-08-10,False
gyatt,gyat,17884746,2023-08-10,False
gyatt,gyat,17885517,2023-08-11,False
gyatt,gyat,17906124,2023-09-01,False
gyatt,gyat,17919071,2023-09-14,False
gyatt,gyat,17919072,2023-09-14,False
gyatt,gyat,17926461,2023-09-21,False
gyatt,gyat,17926969,2023-09-21,False
gyatt,gyat,17933554,2023-09-28,False
gyatt,gyat,17937599,2023-10-02,False
gyatt,gyat,17940883,2023-10-04,False
gyatt,gyat,17944364,2023-10-08,False
gyatt,gyat,17946223,2023-10-09,False
gyatt,gyat,17947710,2023-10-10,False
gyatt,gyat,17954746,2023-10-17,False
gyatt,gyat,17954939,2023-10-17,False
gyatt,gyat,17956193,2023-10-18,False
gyatt,gyat,17956615,2023-10-19,False
gyatt,gyat,17960834,2023-10-23,False
gyatt,gyat,17961137,2023-10-23,False
gyatt,gyat,17962493,2023-10-24,False
gyatt,gyat,17967466,2023-10-30,False
gyatt,gyat,17968513,2023-10-31,False
gyatt,gyat,17969861,2023-11-01,False
gyatt,gyat,17972425,2023-11-04,False
gyatt,gyat,17978306,2023-11-09,False
gyatt,gyat,17979427,2023-11-12,False
gyatt,gyat,17980368,2023-11-13,False
gyatt,gyat,17990187,2023-11-19,False
gyatt,gyat,17996215,2023-11-20,False
gyatt,gyat,18001941,2023-11-20,False
gyatt,gyat,18023357,2023-11-24,False
gyatt,gyat,18024307,2023-11-25,False
gyatt,gyat,18025552,2023-11-26,False
gyatt,gyat,18026052,2023-11-26,False
gyatt,gyat,18030011,2023-11-28,False
gyatt,gyat,18033067,2023-12-01,False
gyatt,gyat,18033377,2023-12-01,False
gyatt,gyat,18033800,2023-12-01,False
gyatt,gyat,18036125,2023-12-03,False
gyatt,gyat,18040146,2023-12-07,False
gyatt,gyat,18042673,2023-12-09,False
gyatt,gyat,18042867,2023-12-09,False
gyatt,gyat,18044148,2023-12-10,False
gyatt,gyat,18044805,2023-12-11,False
gyatt,gyat,18046338,2023-12-12,False
gyatt,gyat,18046587,2023-12-13,False
gyatt,gyat,18049040,2023-12-15,False
gyatt,gyat,18049196,2023-12-15,False
gyatt,gyat,18049490,2023-12-15,False
gyatt,gyat,18054669,2023-12-21,False
gyatt,gyat,18057228,2023-12-24,False
gyatt,gyat,18065294,2024-01-02,False
gyatt,gyat,18065473,2024-01-02,False
gyatt,gyat,18067178,2024-01-04,False
gyatt,gyat,18068422,2024-01-05,False
gyatt,gyat,18069595,2024-01-06,False
gyatt,gyat,18070494,2024-01-07,False
gyatt,gyat,18071172,2024-01-08,False
gyatt,gyat,18074598,2024-01-11,False
gyatt,gyat,18075216,2024-01-12,False
gyatt,gyat,18075218,2024-01-12,False
gyatt,gyat,18078229,2024-01-15,False
gyatt,gyat,18080272,2024-01-17,False
gyatt,gyat,18081496,2024-01-18,False
gyatt,gyat,18088651,2024-01-26,False
gyatt,gyat,18093582,2024-01-31,False
gyatt,gyat,18105965,2024-02-13,False
gyatt,gyat,18109812,2024-02-17,False
gyatt,gyat,18112195,2024-02-19,False
gyatt,gyat,18147102,2024-02-27,False
gyatt,gyat,18152093,2024-03-03,False
gyatt,gyat,18155519,2024-03-06,False
gyatt,gyat,18166578,2024-03-18,False
gyatt,gyat,18168503,2024-03-19,False
gyatt,gyat,18170161,2024-03-21,False
gyatt,gyat,18195907,2024-04-18,False
gyatt,gyat,18197756,2024-04-20,False
gyatt,gyat,18200147,2024-04-23,False
gyatt,gyat,18231736,2024-05-27,False
gyatt,gyat,18233727,2024-05-29,False
gyatt,gyat,18275796,2024-07-21,False
gyatt,gyat,18286440,2024-08-04,False
gyatt,gyat,18286442,2024-08-04,False
gyatt,gyat,18293358,2024-08-14,False
gyatt,gyat,18314873,2024-09-10,False
gyatt,gyat,18328564,2024-09-29,False
gyatt,gyat,18332407,2024-10-04,False
gyatt,gyat,18410654,2025-01-16,False
gyatt,gyat,18448099,2025-03-09,False
gyatt,gyat,18512958,2025-07-06,False
gyatt,gyat,18542743,2025-09-09,False
delulu,delulu,7797756,2014-06-19,False
delulu,delulu,10819510,2016-12-31,False
delulu,delulu,17776696,2023-05-04,False
delulu,delulu,17657160,2023-02-04,False
delulu,delulu,17732078,2023-03-29,False
delulu,delulu,17843966,2023-07-01,False
delulu,delulu,16240109,2021-08-11,False
delulu,delulu,17695134,2023-03-03,False
delulu,delulu,17787968,2023-05-14,False
delulu,delulu,17822211,2023-06-12,False
delulu,delulu,17852589,2023-07-09,False
delulu,delulu,16500107,2021-11-21,False
delulu,delulu,17178287,2022-04-23,False
delulu,delulu,17692451,2023-03-01,False
delulu,delulu,17927604,2023-09-22,False
delulu,delulu,17871743,2023-07-28,False
delulu,delulu,17792407,2023-05-17,False
delulu,delulu,16929528,2022-01-21,False
delulu,delulu,17499420,2022-10-16,False
delulu,delulu,17717534,2023-03-18,False
delulu,delulu,17806127,2023-05-29,False
delulu,delulu,17919050,2023-09-14,False
delulu,delulu,17489837,2022-10-09,False
delulu,delulu,17752763,2023-04-15,False
delulu,delulu,17503056,2022-10-18,False
delulu,delulu,17827841,2023-06-17,False
delulu,delulu,17770378,2023-04-29,False
delulu,delulu,16929485,2022-01-21,False
delulu,delulu,17371825,2022-07-20,False
delulu,delulu,17516226,2022-10-27,False
delulu,delulu,17566241,2022-11-28,False
delulu,delulu,17684369,2023-02-24,False
delulu,delulu,17751111,2023-04-13,False
delulu,delulu,17758853,2023-04-20,False
delulu,delulu,17771205,2023-04-30,False
delulu,delulu,17772395,2023-05-01,False
delulu,delulu,17788908,2023-05-15,False
delulu,delulu,17798559,2023-05-23,False
delulu,delulu,17807262,2023-05-30,False
delulu,delulu,17820790,2023-06-11,False
delulu,delulu,17841843,2023-06-29,False
delulu,delulu,17845620,2023-07-02,False
delulu,delulu,17846741,2023-07-03,False
delulu,delulu,17848468,2023-07-05,False
delulu,delulu,17854867,2023-07-11,False
delulu,delulu,17859633,2023-07-16,False
delulu,delulu,17863286,2023-07-20,False
delulu,delulu,17865341,2023-07-22,False
delulu,delulu,17876653,2023-08-02,False
delulu,delulu,17878993,2023-08-04,False
delulu,delulu,17889745,2023-08-15,False
delulu,delulu,17899387,2023-08-25,False
delulu,delulu,17904216,2023-08-30,False
delulu,delulu,17905281,2023-08-31,False
delulu,delulu,17931761,2023-09-26,False
delulu,delulu,17935588,2023-09-30,False
delulu,delulu,17936598,2023-10-01,False
delulu,delulu,17939345,2023-10-03,False
delulu,delulu,17961637,2023-10-24,False
delulu,delulu,17962243,2023-10-24,False
delulu,delulu,17964747,2023-10-28,False
delulu,delulu,17971241,2023-11-03,False
delulu,delulu,17975606,2023-11-07,False
delulu,delulu,17978027,2023-11-09,False
delulu,delulu,17985917,2023-11-18,False
delulu,delulu,18013368,2023-11-21,False
delulu,delulu,18026693,2023-11-26,False
delulu,delulu,18030003,2023-11-28,False
delulu,delulu,18033330,2023-12-01,False
delulu,delulu,18035527,2023-12-03,False
delulu,delulu,18035531,2023-12-03,False
delulu,delulu,18036766,2023-12-04,False
delulu,delulu,18036911,2023-12-04,False
delulu,delulu,18040428,2023-12-07,False
delulu,delulu,18041428,2023-12-08,False
delulu,delulu,18054581,2023-12-21,False
delulu,delulu,18057141,2023-12-23,False
delulu,delulu,18065567,2024-01-02,False
delulu,delulu,18164747,2024-03-16,False
delulu,delulu,18246741,2024-06-13,False
delulu,delulu,18385630,2024-12-09,False
delulu,delulu,18416322,2025-01-24,False
delulu,delulu,18417107,2025-01-25,False
delulu,delulu,18485302,2025-05-10,False
delulu,delulu,18542267,2025-09-08,False
delulu,delulu,18559925,2025-10-21,False
delulu,delulu,18571648,2025-11-17,False
delulu,delulu,18617961,2026-03-04,False
delulu,delulu,18648948,2026-05-22,False
skibidi,skibidi,17894269,2023-08-20,False
skibidi,skibidi,17841747,2023-06-29,False
skibidi,skibidi,17949230,2023-10-12,False
skibidi,skibidi,17966414,2023-10-29,False
skibidi,skibidi,17916920,2023-09-12,False
skibidi,skibidi,17945462,2023-10-09,False
skibidi,skibidi,17973664,2023-11-05,False
skibidi,skibidi,17979816,2023-11-13,False
skibidi,skibidi,17979822,2023-11-13,False
skibidi,skibidi,17982101,2023-11-15,False
skibidi,skibidi,18021773,2023-11-24,False
skibidi,skibidi,18029860,2023-11-28,False
skibidi,skibidi,18036085,2023-12-03,False
skibidi,skibidi,18036900,2023-12-04,False
skibidi,skibidi,18040747,2023-12-07,False
skibidi,skibidi,18041379,2023-12-08,False
skibidi,skibidi,18041383,2023-12-08,False
skibidi,skibidi,18042175,2023-12-08,False
skibidi,skibidi,18044419,2023-12-11,False
skibidi,skibidi,18045494,2023-12-12,False
skibidi,skibidi,18047033,2023-12-13,False
skibidi,skibidi,18047340,2023-12-13,False
skibidi,skibidi,18050755,2023-12-17,False
skibidi,skibidi,18052097,2023-12-18,False
skibidi,skibidi,18054947,2023-12-21,False
skibidi,skibidi,18057344,2023-12-24,False
skibidi,skibidi,18057345,2023-12-24,False
skibidi,skibidi,18063439,2023-12-31,False
skibidi,skibidi,18068633,2024-01-05,False
skibidi,skibidi,18071229,2024-01-08,False
skibidi,skibidi,18073265,2024-01-10,False
skibidi,skibidi,18074551,2024-01-11,False
skibidi,skibidi,18077677,2024-01-15,False
skibidi,skibidi,18077876,2024-01-15,False
skibidi,skibidi,18078534,2024-01-15,False
skibidi,skibidi,18078795,2024-01-16,False
skibidi,skibidi,18083525,2024-01-21,False
skibidi,skibidi,18090768,2024-01-28,False
skibidi,skibidi,18097539,2024-02-04,False
skibidi,skibidi,18099698,2024-02-06,False
skibidi,skibidi,18100355,2024-02-07,False
skibidi,skibidi,18101264,2024-02-08,False
skibidi,skibidi,18102989,2024-02-10,False
skibidi,skibidi,18103699,2024-02-11,False
skibidi,skibidi,18105184,2024-02-12,False
skibidi,skibidi,18106225,2024-02-13,False
skibidi,skibidi,18107428,2024-02-15,False
skibidi,skibidi,18108867,2024-02-16,False
skibidi,skibidi,18110644,2024-02-18,False
skibidi,skibidi,18121290,2024-02-25,False
skibidi,skibidi,18121666,2024-02-25,False
skibidi,skibidi,18146292,2024-02-26,False
skibidi,skibidi,18146897,2024-02-27,False
skibidi,skibidi,18153216,2024-03-04,False
skibidi,skibidi,18158894,2024-03-10,False
skibidi,skibidi,18160216,2024-03-11,False
skibidi,skibidi,18160516,2024-03-11,False
skibidi,skibidi,18163400,2024-03-14,False
skibidi,skibidi,18165655,2024-03-17,False
skibidi,skibidi,18169067,2024-03-20,False
skibidi,skibidi,18169281,2024-03-20,False
skibidi,skibidi,18169316,2024-03-20,False
skibidi,skibidi,18172166,2024-03-23,False
skibidi,skibidi,18174471,2024-03-25,False
skibidi,skibidi,18175862,2024-03-27,False
skibidi,skibidi,18192623,2024-04-15,False
skibidi,skibidi,18195503,2024-04-18,False
skibidi,skibidi,18195761,2024-04-18,False
skibidi,skibidi,18197327,2024-04-19,False
skibidi,skibidi,18197849,2024-04-20,False
skibidi,skibidi,18200760,2024-04-23,False
skibidi,skibidi,18200825,2024-04-23,False
skibidi,skibidi,18201065,2024-04-23,False
skibidi,skibidi,18203778,2024-04-26,False
skibidi,skibidi,18203887,2024-04-26,False
skibidi,skibidi,18205077,2024-04-27,False
skibidi,skibidi,18208464,2024-04-30,False
skibidi,skibidi,18208849,2024-05-01,False
skibidi,skibidi,18209481,2024-05-01,False
skibidi,skibidi,18211007,2024-05-03,False
skibidi,skibidi,18212943,2024-05-05,False
skibidi,skibidi,18212947,2024-05-05,False
skibidi,skibidi,18212952,2024-05-05,False
skibidi,skibidi,18214644,2024-05-07,False
skibidi,skibidi,18214765,2024-05-07,False
skibidi,skibidi,18214856,2024-05-07,False
skibidi,skibidi,18214973,2024-05-07,False
skibidi,skibidi,18220759,2024-05-13,False
skibidi,skibidi,18222329,2024-05-15,False
skibidi,skibidi,18222627,2024-05-15,False
skibidi,skibidi,18222703,2024-05-15,False
skibidi,skibidi,18223651,2024-05-19,False
skibidi,skibidi,18225556,2024-05-21,False
skibidi,skibidi,18225557,2024-05-21,False
skibidi,skibidi,18227178,2024-05-22,False
skibidi,skibidi,18228525,2024-05-23,False
skibidi,skibidi,18229417,2024-05-24,False
skibidi,skibidi,18231417,2024-05-27,False
skibidi,skibidi,18231658,2024-05-27,False
skibidi,skibidi,18231682,2024-05-27,False
skibidi,skibidi,18233160,2024-05-28,False
skibidi,skibidi,18235148,2024-05-31,False
skibidi,skibidi,18235649,2024-05-31,False
skibidi,skibidi,18237654,2024-06-03,False
skibidi,skibidi,18240833,2024-06-06,False
skibidi,skibidi,18243752,2024-06-10,False
skibidi,skibidi,18244464,2024-06-10,False
skibidi,skibidi,18246519,2024-06-13,False
skibidi,skibidi,18251705,2024-06-19,False
skibidi,skibidi,18259008,2024-06-29,False
skibidi,skibidi,18261819,2024-07-02,False
skibidi,skibidi,18262717,2024-07-03,False
skibidi,skibidi,18268201,2024-07-11,False
skibidi,skibidi,18274328,2024-07-19,False
skibidi,skibidi,18274701,2024-07-20,False
skibidi,skibidi,18277430,2024-07-23,False
skibidi,skibidi,18277553,2024-07-23,False
skibidi,skibidi,18279838,2024-07-26,False
skibidi,skibidi,18281035,2024-07-28,False
skibidi,skibidi,18281927,2024-07-29,False
skibidi,skibidi,18282185,2024-07-29,False
skibidi,skibidi,18282278,2024-07-30,False
skibidi,skibidi,18284048,2024-08-01,False
skibidi,skibidi,18286219,2024-08-04,False
skibidi,skibidi,18287266,2024-08-05,False
skibidi,skibidi,18287818,2024-08-06,False
skibidi,skibidi,18288148,2024-08-07,False
skibidi,skibidi,18289377,2024-08-08,False
skibidi,skibidi,18289530,2024-08-08,False
skibidi,skibidi,18291129,2024-08-11,False
skibidi,skibidi,18294012,2024-08-15,False
skibidi,skibidi,18295688,2024-08-17,False
skibidi,skibidi,18296717,2024-08-19,False
skibidi,skibidi,18297013,2024-08-19,False
skibidi,skibidi,18298617,2024-08-21,False
skibidi,skibidi,18299571,2024-08-22,False
skibidi,skibidi,18300672,2024-08-23,False
skibidi,skibidi,18359167,2024-11-04,False
skibidi,skibidi,18378761,2024-11-29,False
skibidi,skibidi,18379362,2024-11-30,False
skibidi,skibidi,18381417,2024-12-03,False
skibidi,skibidi,18382078,2024-12-04,False
skibidi,skibidi,18382516,2024-12-05,False
skibidi,skibidi,18386946,2024-12-11,False
skibidi,skibidi,18387258,2024-12-11,False
skibidi,skibidi,18389611,2024-12-15,False
skibidi,skibidi,18392446,2024-12-18,False
skibidi,skibidi,18396079,2024-12-24,False
skibidi,skibidi,18401663,2025-01-03,False
skibidi,skibidi,18403107,2025-01-05,False
skibidi,skibidi,18408912,2025-01-13,False
skibidi,skibidi,18410020,2025-01-15,False
skibidi,skibidi,18412774,2025-01-19,False
skibidi,skibidi,18413638,2025-01-20,False
skibidi,skibidi,18413642,2025-01-20,False
skibidi,skibidi,18415227,2025-01-22,False
skibidi,skibidi,18422645,2025-02-02,False
skibidi,skibidi,18426104,2025-02-07,False
skibidi,skibidi,18427411,2025-02-09,False
skibidi,skibidi,18429810,2025-02-12,False
skibidi,skibidi,18429976,2025-02-12,False
skibidi,skibidi,18433342,2025-02-17,False
skibidi,skibidi,18435080,2025-02-19,False
skibidi,skibidi,18437575,2025-02-23,False
skibidi,skibidi,18443213,2025-03-02,False
skibidi,skibidi,18444433,2025-03-04,False
skibidi,skibidi,18445950,2025-03-06,False
skibidi,skibidi,18447431,2025-03-08,False
skibidi,skibidi,18457016,2025-03-22,False
skibidi,skibidi,18475293,2025-04-24,False
skibidi,skibidi,18487488,2025-05-13,False
skibidi,skibidi,18501877,2025-06-10,False
skibidi,skibidi,18505182,2025-06-18,False
skibidi,skibidi,18509554,2025-06-27,False
skibidi,skibidi,18509953,2025-06-29,False
skibidi,skibidi,18520111,2025-07-21,False
skibidi,skibidi,18521181,2025-07-23,False
skibidi,skibidi,18540984,2025-09-06,False
skibidi,skibidi,18543342,2025-09-10,False
skibidi,skibidi,18547247,2025-09-19,False
skibidi,skibidi,18578883,2025-12-05,False
skibidi,skibidi,18637426,2026-04-21,False
skibidi,skibidi,18640642,2026-04-29,False
looksmaxxing,looksmaxxing,16845904,2021-12-17,False
looksmaxxing,looksmaxxing,18063143,2023-12-30,False
looksmaxxing,looksmaxxing,18091731,2024-01-29,False
looksmaxxing,looksmaxxing,18101916,2024-02-09,False
looksmaxxing,looksmaxxing,18151576,2024-03-03,False
looksmaxxing,looksmaxxing,18154404,2024-03-05,False
looksmaxxing,looksmaxxing,18161381,2024-03-12,False
looksmaxxing,looksmaxxing,18315674,2024-09-11,False
looksmaxxing,looksmaxxing,18416328,2025-01-24,False
looksmaxxing,looksmaxxing,18516115,2025-07-13,False
looksmaxxing,looksmaxxing,18571065,2025-11-16,False
looksmaxxing,looksmaxxing,18605531,2026-02-07,False
mewing,mewing,13524507,2019-01-14,False
mewing,mewing,13924664,2019-05-22,False
mewing,mewing,15765183,2021-02-22,False
mewing,mewing,7197847,2013-09-26,False
mewing,mewing,9113612,2016-05-03,False
mewing,mewing,12173362,2017-11-15,False
mewing,mewing,17942559,2023-10-06,False
mewing,mewing,17985060,2023-11-17,False
mewing,mewing,18033502,2023-12-01,False
mewing,mewing,18092022,2024-01-30,False
mewing,mewing,18152540,2024-03-04,False
mewing,mewing,18160717,2024-03-12,False
mewing,mewing,18167574,2024-03-18,False
mewing,mewing,18167912,2024-03-19,False
mewing,mewing,18175292,2024-03-26,False
mewing,mewing,18178271,2024-03-29,False
mewing,mewing,18181272,2024-04-02,False
mewing,mewing,18184537,2024-04-05,False
mewing,mewing,18185707,2024-04-07,False
mewing,mewing,18188800,2024-04-10,False
mewing,mewing,18211782,2024-05-04,False
mewing,mewing,18218883,2024-05-11,False
mewing,mewing,18226230,2024-05-21,False
mewing,mewing,18235128,2024-05-30,False
mewing,mewing,18247871,2024-06-14,False
mewing,mewing,18279273,2024-07-26,False
mewing,mewing,18291505,2024-08-11,False
mewing,mewing,18416314,2025-01-24,False
pookie,pookie,17845991,2023-07-03,False
pookie,pookie,6781176,2012-10-08,False
pookie,pookie,6961551,2013-02-24,False
pookie,pookie,13380032,2018-11-21,False
pookie,pookie,10567129,2016-11-29,False
pookie,pookie,1114420,2005-03-11,False
pookie,pookie,75424,2003-03-28,False
pookie,pookie,3280970,2008-10-08,False
pookie,pookie,2034108,2006-10-16,False
pookie,pookie,1506684,2005-12-28,False
pookie,pookie,13170565,2018-09-02,False
pookie,pookie,2609287,2009-01-03,False
pookie,pookie,765813,2004-07-21,False
pookie,pookie,1814270,2006-06-18,False
pookie,pookie,2190718,2007-01-12,False
pookie,pookie,1080792,2005-02-23,False
pookie,pookie,4525875,2010-01-24,False
pookie,pookie,1173254,2005-04-07,False
pookie,pookie,4275517,2009-10-04,False
pookie,pookie,94398,2003-04-11,False
pookie,pookie,4305115,2009-10-18,False
pookie,pookie,13630953,2019-02-18,False
pookie,pookie,3144931,2008-06-14,False
pookie,pookie,4592232,2010-02-05,False
pookie,pookie,3865466,2009-04-06,False
pookie,pookie,17435154,2022-08-31,False
pookie,pookie,1427846,2005-09-23,False
pookie,pookie,7023316,2013-04-17,False
pookie,pookie,6194982,2011-12-06,False
pookie,pookie,17658595,2023-02-05,False
pookie,pookie,15519830,2020-11-26,False
pookie,pookie,5169911,2010-08-21,False
pookie,pookie,5613264,2011-03-07,False
pookie,pookie,16798083,2021-11-30,False
pookie,pookie,1747351,2006-05-18,False
pookie,pookie,3308567,2008-10-17,False
pookie,pookie,8225598,2015-04-17,False
pookie,pookie,3216417,2008-08-05,False
pookie,pookie,2786093,2008-07-23,False
pookie,pookie,14010669,2019-06-21,False
pookie,pookie,3281650,2008-10-12,False
pookie,pookie,2777484,2008-01-13,False
pookie,pookie,13264782,2018-10-12,False
pookie,pookie,3268333,2008-10-02,False
pookie,pookie,9366,2002-11-12,False
pookie,pookie,5601291,2011-03-03,False
pookie,pookie,75776,2003-03-28,False
pookie,pookie,13257227,2018-10-09,False
pookie,pookie,15377662,2020-10-10,False
pookie,pookie,2173664,2007-01-03,False
pookie,pookie,11768353,2017-07-06,False
pookie,pookie,5930931,2011-07-06,False
pookie,pookie,2331104,2008-12-15,False
pookie,pookie,8223106,2015-04-16,False
pookie,pookie,1477750,2005-12-28,False
pookie,pookie,1220868,2005-04-28,False
pookie,pookie,2587094,2007-09-23,False
pookie,pookie,3793221,2009-03-12,False
pookie,pookie,2065075,2006-11-02,False
pookie,pookie,3960693,2009-05-12,False
pookie,pookie,5190822,2010-09-01,False
pookie,pookie,445804,2004-01-14,False
pookie,pookie,643754,2004-04-30,False
pookie,pookie,3411966,2009-02-21,False
pookie,pookie,3348394,2008-11-01,False
pookie,pookie,5287678,2010-10-19,False
pookie,pookie,5062323,2010-06-30,False
pookie,pookie,195193,2003-07-27,False
pookie,pookie,4169297,2009-08-18,False
pookie,pookie,447977,2004-01-15,False
pookie,pookie,2613247,2009-01-03,False
pookie,pookie,3308563,2008-10-18,False
pookie,pookie,11340,2002-11-22,False
pookie,pookie,15943507,2021-04-26,False
pookie,pookie,17907560,2023-09-03,False
pookie,pookie,1018519,2005-01-24,False
pookie,pookie,1105113,2005-03-07,False
pookie,pookie,2402565,2007-05-19,False
pookie,pookie,354199,2003-11-17,False
pookie,pookie,942813,2004-12-12,False
pookie,pookie,3303598,2008-10-17,False
pookie,pookie,1077523,2005-02-22,False
pookie,pookie,3229335,2008-08-12,False
pookie,pookie,5966192,2011-07-21,False
pookie,pookie,13660572,2019-02-26,False
pookie,pookie,2591062,2007-09-27,False
pookie,pookie,6108962,2011-09-30,False
pookie,pookie,13159680,2018-08-27,False
pookie,pookie,16395695,2021-10-28,False
pookie,pookie,3061607,2008-05-05,False
pookie,pookie,913249,2004-11-23,False
pookie,pookie,1299733,2005-06-10,False
pookie,pookie,398007,2003-12-15,False
pookie,pookie,13410040,2018-11-30,False
pookie,pookie,1962004,2006-09-08,False
pookie,pookie,480554,2004-01-30,False
pookie,pookie,165737,2003-06-26,False
pookie,pookie,196871,2003-07-29,False
pookie,pookie,6367647,2012-01-22,False
pookie,pookie,11079702,2017-02-21,False
pookie,pookie,2753641,2008-01-08,False
pookie,pookie,740612,2004-06-29,False
pookie,pookie,2793217,2008-01-14,False
pookie,pookie,11424135,2017-04-11,False
pookie,pookie,12794503,2018-05-21,False
pookie,pookie,13158607,2018-08-27,False
pookie,pookie,13626362,2019-02-17,False
pookie,pookie,13814800,2019-04-16,False
pookie,pookie,13937579,2019-05-26,False
pookie,pookie,14197360,2019-09-15,False
pookie,pookie,14365028,2019-10-30,False
pookie,pookie,14864219,2020-04-06,False
pookie,pookie,14916672,2020-04-20,False
pookie,pookie,15005484,2020-05-19,False
pookie,pookie,15069189,2020-06-05,False
pookie,pookie,15358251,2020-10-03,False
pookie,pookie,15425258,2020-10-27,False
pookie,pookie,15456471,2020-11-05,False
pookie,pookie,15500554,2020-11-19,False
pookie,pookie,15629470,2021-01-03,False
pookie,pookie,16096858,2021-06-12,False
pookie,pookie,16274849,2021-08-28,False
pookie,pookie,16284560,2021-09-01,False
pookie,pookie,16312290,2021-09-13,False
pookie,pookie,16329255,2021-09-21,False
pookie,pookie,16395689,2021-10-28,False
pookie,pookie,16412033,2021-11-04,False
pookie,pookie,16753558,2021-11-24,False
pookie,pookie,16810500,2021-12-04,False
pookie,pookie,16912920,2022-01-15,False
pookie,pookie,16976283,2022-02-08,False
pookie,pookie,16997931,2022-02-16,False
pookie,pookie,17018005,2022-02-23,False
pookie,pookie,17140002,2022-04-10,False
pookie,pookie,17183870,2022-04-26,False
pookie,pookie,17230446,2022-05-13,False
pookie,pookie,17264974,2022-05-26,False
pookie,pookie,17281859,2022-06-02,False
pookie,pookie,17302428,2022-06-12,False
pookie,pookie,17315307,2022-06-19,False
pookie,pookie,17321653,2022-06-22,False
pookie,pookie,17327354,2022-06-25,False
pookie,pookie,17372228,2022-07-20,False
pookie,pookie,17372819,2022-07-21,False
pookie,pookie,17429881,2022-08-28,False
pookie,pookie,17542711,2022-11-13,False
pookie,pookie,17647983,2023-01-28,False
pookie,pookie,17655156,2023-02-02,False
pookie,pookie,17692235,2023-03-01,False
pookie,pookie,17766525,2023-04-26,False
pookie,pookie,17771143,2023-04-30,False
pookie,pookie,17813138,2023-06-04,False
pookie,pookie,17813414,2023-06-04,False
pookie,pookie,17850393,2023-07-07,False
pookie,pookie,17861652,2023-07-18,False
pookie,pookie,17862147,2023-07-18,False
pookie,pookie,17870590,2023-07-27,False
pookie,pookie,17885374,2023-08-11,False
pookie,pookie,17885421,2023-08-11,False
pookie,pookie,17887819,2023-08-13,False
pookie,pookie,17888530,2023-08-14,False
pookie,pookie,17890251,2023-08-16,False
pookie,pookie,17903096,2023-08-29,False
pookie,pookie,17905363,2023-08-31,False
pookie,pookie,17910367,2023-09-05,False
pookie,pookie,17924686,2023-09-19,False
pookie,pookie,17938090,2023-10-02,False
pookie,pookie,17940975,2023-10-04,False
pookie,pookie,17954917,2023-10-17,False
pookie,pookie,17956376,2023-10-19,False
pookie,pookie,17965232,2023-10-28,False
pookie,pookie,17974357,2023-11-05,False
pookie,pookie,17974753,2023-11-06,False
pookie,pookie,18024513,2023-11-25,False
pookie,pookie,18033528,2023-12-01,False
pookie,pookie,18042739,2023-12-09,False
pookie,pookie,18047666,2023-12-14,False
pookie,pookie,18049673,2023-12-15,False
pookie,pookie,18054571,2023-12-21,False
pookie,pookie,18054690,2023-12-21,False
pookie,pookie,18056573,2023-12-23,False
pookie,pookie,18057155,2023-12-23,False
pookie,pookie,18058313,2023-12-25,False
pookie,pookie,18075910,2024-01-13,False
pookie,pookie,18076225,2024-01-13,False
pookie,pookie,18080573,2024-01-18,False
pookie,pookie,18082397,2024-01-19,False
pookie,pookie,18082824,2024-01-20,False
pookie,pookie,18088868,2024-01-26,False
pookie,pookie,18094835,2024-02-01,False
pookie,pookie,18099423,2024-02-06,False
pookie,pookie,18099839,2024-02-07,False
pookie,pookie,18106079,2024-02-13,False
pookie,pookie,18121749,2024-02-25,False
pookie,pookie,18148357,2024-02-28,False
pookie,pookie,18150776,2024-03-02,False
pookie,pookie,18155266,2024-03-06,False
pookie,pookie,18159059,2024-03-10,False
pookie,pookie,18174668,2024-03-25,False
pookie,pookie,18175635,2024-03-26,False
pookie,pookie,18191970,2024-04-14,False
pookie,pookie,18212693,2024-05-05,False
pookie,pookie,18214491,2024-05-07,False
pookie,pookie,18215145,2024-05-07,False
pookie,pookie,18227352,2024-05-22,False
pookie,pookie,18242786,2024-06-08,False
pookie,pookie,18262531,2024-07-03,False
pookie,pookie,18287571,2024-08-06,False
pookie,pookie,18341134,2024-10-15,False
pookie,pookie,18378554,2024-11-29,False
pookie,pookie,18399795,2024-12-31,False
pookie,pookie,18409533,2025-01-14,False
pookie,pookie,18472115,2025-04-18,False
pookie,pookie,18498528,2025-06-04,False
pookie,pookie,18498595,2025-06-04,False
pookie,pookie,18528645,2025-08-08,False
pookie,pookie,18536983,2025-08-27,False
pookie,pookie,18594819,2026-01-15,False
pookie,pookie,18599850,2026-01-27,False
big back,big back,9476362,2016-07-05,False
big back,big back,9932276,2016-06-26,False
big back,big back,14842092,2020-03-30,False
big back,big back,14594937,2020-01-02,False
big back,big back,17956242,2023-10-18,False
big back,big back,17998913,2023-11-20,False
big back,big back,18034501,2023-12-02,False
big back,big back,18105002,2024-02-12,False
big back,big back,18171762,2024-03-22,False
big back,big back,18196267,2024-04-18,False
big back,big back,18196756,2024-04-19,False
big back,big back,18199935,2024-04-22,False
big back,big back,18208104,2024-04-30,False
big back,big back,18213173,2024-05-05,False
big back,big back,18214640,2024-05-07,False
big back,big back,18216069,2024-05-08,False
big back,big back,18217131,2024-05-09,False
big back,big back,18217755,2024-05-10,False
big back,big back,18221311,2024-05-14,False
big back,big back,18221811,2024-05-14,False
big back,big back,18228349,2024-05-23,False
big back,big back,18228968,2024-05-24,False
big back,big back,18231749,2024-05-27,False
big back,big back,18246668,2024-06-13,False
big back,big back,18250594,2024-06-18,False
big back,big back,18265874,2024-07-08,False
big back,big back,18268798,2024-07-11,False
big back,big back,18269225,2024-07-12,False
big back,big back,18273498,2024-07-18,False
big back,big back,18289601,2024-08-09,False
big back,big back,18380420,2024-12-02,False
big back,big back,18393760,2024-12-20,False
big back,big back,18421707,2025-01-31,False
big back,big back,18421712,2025-01-31,False
big back,big back,18429114,2025-02-11,False
big back,big back,18445565,2025-03-05,False
big back,big back,18449879,2025-03-12,False
big back,big back,18461007,2025-03-28,False
big back,big back,18465244,2025-04-05,False
big back,big back,18465719,2025-04-06,False
big back,big back,18475840,2025-04-25,False
big back,big back,18490793,2025-05-19,False
big back,big back,18527368,2025-08-05,False
big back,big back,18531844,2025-08-15,False
big back,big back,18553939,2025-10-06,False
big back,big back,18556072,2025-10-11,False
big back,big back,18566270,2025-11-05,False
big back,big back,18632531,2026-04-09,False
big back,bigback,18179147,2024-03-30,False
big back,bigback,18186346,2024-04-07,False
big back,bigback,18189778,2024-04-11,False
big back,bigback,18217984,2024-05-10,False
big back,bigback,18245705,2024-06-12,False
big back,bigback,18373859,2024-11-22,False
big back,bigback,18380635,2024-12-02,False
big back,bigback,18383461,2024-12-06,False
yapping,yapping,17890638,2023-08-16,False
yapping,yapping,1819484,2006-06-20,False
yapping,yapping,12564686,2018-05-06,False
yapping,yapping,8126250,2015-02-25,False
yapping,yapping,14332526,2019-10-24,False
yapping,yapping,15830332,2021-03-16,False
yapping,yapping,16316154,2021-09-14,False
yapping,yapping,17941425,2023-10-05,False
yapping,yapping,18009325,2023-11-21,False
yapping,yapping,18024469,2023-11-25,False
yapping,yapping,18036217,2023-12-04,False
yapping,yapping,18040165,2023-12-07,False
yapping,yapping,18040164,2023-12-07,False
yapping,yapping,18096822,2024-02-03,False
yapping,yapping,18106806,2024-02-14,False
yapping,yapping,18115237,2024-02-21,False
yapping,yapping,18118709,2024-02-22,False
yapping,yapping,18161046,2024-03-12,False
yapping,yapping,18176200,2024-03-27,False
yapping,yapping,18176268,2024-03-27,False
yapping,yapping,18180467,2024-04-01,False
yapping,yapping,18223837,2024-05-19,False
yapping,yapping,18252368,2024-06-20,False
yapping,yapping,18323910,2024-09-22,False
yapping,yapping,18428451,2025-02-10,False
yapping,yapping,18448808,2025-03-10,False
yapping,yapping,18570506,2025-11-14,False
yapping,yapping,18570664,2025-11-15,False
brain rot,brain rot,17315432,2022-06-19,False
brain rot,brain rot,5689584,2011-04-08,False
brain rot,brain rot,17964685,2023-10-28,False
brain rot,brain rot,14531510,2019-12-10,False
brain rot,brain rot,18118088,2024-02-21,False
brain rot,brain rot,18220511,2024-05-13,False
brain rot,brain rot,18411416,2025-01-17,False
brain rot,brain rot,18418870,2025-01-27,False
brain rot,brain rot,18419397,2025-01-28,False
brain rot,brain rot,18599948,2026-01-27,False
brain rot,brain-rot,18240290,2024-06-05,False
brain rot,brainrot,16434075,2021-11-15,False
brain rot,brainrot,15231982,2020-08-07,False
brain rot,brainrot,15425673,2020-10-27,False
brain rot,brainrot,16879470,2022-01-01,False
brain rot,brainrot,17401943,2022-08-08,False
brain rot,brainrot,16987716,2022-02-12,False
brain rot,brainrot,17961602,2023-10-24,False
brain rot,brainrot,838279,2004-09-26,False
brain rot,brainrot,18053400,2023-12-19,False
brain rot,brainrot,18072444,2024-01-09,False
brain rot,brainrot,18078859,2024-01-16,False
brain rot,brainrot,18099809,2024-02-07,False
brain rot,brainrot,18100800,2024-02-07,False
brain rot,brainrot,18101205,2024-02-08,False
brain rot,brainrot,18104271,2024-02-11,False
brain rot,brainrot,18104599,2024-02-12,False
brain rot,brainrot,18152814,2024-03-04,False
brain rot,brainrot,18165672,2024-03-17,False
brain rot,brainrot,18166212,2024-03-17,False
brain rot,brainrot,18173262,2024-03-24,False
brain rot,brainrot,18174238,2024-03-25,False
brain rot,brainrot,18180813,2024-04-01,False
brain rot,brainrot,18180845,2024-04-01,False
brain rot,brainrot,18185609,2024-04-06,False
brain rot,brainrot,18186751,2024-04-08,False
brain rot,brainrot,18188194,2024-04-09,False
brain rot,brainrot,18195387,2024-04-17,False
brain rot,brainrot,18199073,2024-04-22,False
brain rot,brainrot,18200897,2024-04-23,False
brain rot,brainrot,18201713,2024-04-24,False
brain rot,brainrot,18203041,2024-04-25,False
brain rot,brainrot,18203169,2024-04-25,False
brain rot,brainrot,18206257,2024-04-28,False
brain rot,brainrot,18206395,2024-04-29,False
brain rot,brainrot,18214587,2024-05-07,False
brain rot,brainrot,18214589,2024-05-07,False
brain rot,brainrot,18231310,2024-05-27,False
brain rot,brainrot,18233017,2024-05-28,False
brain rot,brainrot,18233908,2024-05-29,False
brain rot,brainrot,18235367,2024-05-31,False
brain rot,brainrot,18248216,2024-06-15,False
brain rot,brainrot,18261675,2024-07-02,False
brain rot,brainrot,18279157,2024-07-26,False
brain rot,brainrot,18280594,2024-07-27,False
brain rot,brainrot,18288167,2024-08-07,False
brain rot,brainrot,18290089,2024-08-09,False
brain rot,brainrot,18390008,2024-12-15,False
brain rot,brainrot,18393021,2024-12-19,False
brain rot,brainrot,18398631,2024-12-29,False
brain rot,brainrot,18417763,2025-01-26,False
brain rot,brainrot,18423750,2025-02-03,False
brain rot,brainrot,18491509,2025-05-21,False
brain rot,brainrot,18492907,2025-05-23,False
brain rot,brainrot,18515467,2025-07-12,False
brain rot,brainrot,18548021,2025-09-21,False
brain rot,brainrot,18598900,2026-01-25,False
brain rot,brainrot,18601359,2026-01-30,False
brain rot,brainrot,18728108,2026-08-09,False
brain rot,brainrot,18735800,2026-09-03,False
demure,demure,5966482,2011-07-22,False
demure,demure,5261500,2010-10-07,False
demure,demure,12923329,2018-05-16,False
demure,demure,18292956,2024-08-13,False
demure,demure,18294233,2024-08-15,False
demure,demure,18297003,2024-08-19,False
demure,demure,18297901,2024-08-20,False
demure,demure,18298132,2024-08-20,False
demure,demure,18298574,2024-08-21,False
demure,demure,18299026,2024-08-21,False
demure,demure,18299236,2024-08-22,False
demure,demure,18307798,2024-09-01,False
demure,demure,18600068,2026-01-27,False
crash out,crash out,14502616,2019-12-02,False
crash out,crash out,17758027,2023-04-19,False
crash out,crash out,17397951,2022-08-06,False
crash out,crash out,14365343,2019-10-30,False
crash out,crash out,2726261,2007-12-31,False
crash out,crash out,1628974,2006-04-08,False
crash out,crash out,2488460,2007-07-30,False
crash out,crash out,16372234,2021-10-13,False
crash out,crash out,17601730,2022-12-23,False
crash out,crash out,18152505,2024-03-04,False
crash out,crash out,18163601,2024-03-14,False
crash out,crash out,18168570,2024-03-19,False
crash out,crash out,18172376,2024-03-23,False
crash out,crash out,18176868,2024-03-27,False
crash out,crash out,18199976,2024-04-22,False
crash out,crash out,18231103,2024-05-26,False
crash out,crash out,18234024,2024-05-29,False
crash out,crash out,18268074,2024-07-10,False
crash out,crash out,18268077,2024-07-10,False
crash out,crash out,18281591,2024-07-29,False
crash out,crash out,18281597,2024-07-29,False
crash out,crash out,18282882,2024-07-30,False
crash out,crash out,18305119,2024-08-28,False
crash out,crash out,18412956,2025-01-19,False
crash out,crash out,18444051,2025-03-03,False
crash out,crash out,18467052,2025-04-09,False
crash out,crash out,18506907,2025-06-21,False
crash out,crash out,18550084,2025-09-26,False
crash out,crash out,18551090,2025-09-29,False
crash out,crash out,18578030,2025-12-02,False
crash out,crash out,18599427,2026-01-26,False
crash out,crash out,18707665,2026-06-09,False
crash out,crashout,6352813,2012-01-09,False
crash out,crashout,17973859,2023-11-05,False
crash out,crashout,18154021,2024-03-05,False
crash out,crashout,18158515,2024-03-09,False
crash out,crashout,18167382,2024-03-18,False
crash out,crashout,18222350,2024-05-15,False
crash out,crashout,18225793,2024-05-21,False
crash out,crashout,18243902,2024-06-10,False
crash out,crashout,18253044,2024-06-21,False
crash out,crashout,18259954,2024-06-30,False
crash out,crashout,18264327,2024-07-05,False
crash out,crashout,18266302,2024-07-08,False
crash out,crashout,18379316,2024-11-30,False
crash out,crashout,18382930,2024-12-05,False
crash out,crashout,18404067,2025-01-06,False
crash out,crashout,18409515,2025-01-14,False
glazing,glazing,17626225,2023-01-12,False
glazing,glazing,17596698,2022-12-19,False
glazing,glazing,17688464,2023-02-27,False
glazing,glazing,17539606,2022-11-11,False
glazing,glazing,17918745,2023-09-14,False
glazing,glazing,221430,2003-08-20,False
glazing,glazing,16048940,2021-05-31,False
glazing,glazing,17882019,2023-08-08,False
glazing,glazing,17754115,2023-04-16,False
glazing,glazing,5218980,2010-09-15,False
glazing,glazing,5695501,2011-04-11,False
glazing,glazing,1374107,2005-08-08,False
glazing,glazing,5779943,2011-05-20,False
glazing,glazing,7403228,2013-12-11,False
glazing,glazing,5627931,2011-03-13,False
glazing,glazing,238127,2003-09-03,False
glazing,glazing,13230928,2018-09-29,False
glazing,glazing,14715518,2020-02-12,False
glazing,glazing,15946540,2021-04-27,False
glazing,glazing,16343850,2021-09-29,False
glazing,glazing,17131446,2022-04-06,False
glazing,glazing,17294837,2022-06-08,False
glazing,glazing,17484311,2022-10-05,False
glazing,glazing,17503104,2022-10-18,False
glazing,glazing,17607669,2022-12-29,False
glazing,glazing,17607673,2022-12-29,False
glazing,glazing,17634559,2023-01-18,False
glazing,glazing,17635046,2023-01-19,False
glazing,glazing,17642278,2023-01-24,False
glazing,glazing,17655176,2023-02-02,False
glazing,glazing,17660918,2023-02-07,False
glazing,glazing,17692965,2023-03-02,False
glazing,glazing,17723949,2023-03-23,False
glazing,glazing,17731194,2023-03-28,False
glazing,glazing,17752891,2023-04-15,False
glazing,glazing,17770652,2023-04-29,False
glazing,glazing,17790380,2023-05-16,False
glazing,glazing,17800050,2023-05-24,False
glazing,glazing,17811504,2023-06-02,False
glazing,glazing,17817657,2023-06-08,False
glazing,glazing,17874938,2023-07-31,False
glazing,glazing,17889709,2023-08-15,False
glazing,glazing,17894413,2023-08-20,False
glazing,glazing,17905355,2023-08-31,False
glazing,glazing,17911605,2023-09-07,False
glazing,glazing,17928244,2023-09-23,False
glazing,glazing,17948629,2023-10-11,False
glazing,glazing,17959035,2023-10-21,False
glazing,glazing,17964393,2023-10-27,False
glazing,glazing,18007453,2023-11-21,False
glazing,glazing,18013541,2023-11-21,False
glazing,glazing,18020176,2023-11-23,False
glazing,glazing,18041768,2023-12-08,False
glazing,glazing,18047149,2023-12-13,False
glazing,glazing,18060557,2023-12-28,False
glazing,glazing,18062662,2023-12-30,False
glazing,glazing,18071422,2024-01-08,False
glazing,glazing,18088634,2024-01-26,False
glazing,glazing,18096010,2024-02-03,False
glazing,glazing,18096726,2024-02-03,False
glazing,glazing,18099273,2024-02-06,False
glazing,glazing,18175373,2024-03-26,False
glazing,glazing,18208075,2024-04-30,False
glazing,glazing,18217791,2024-05-10,False
glazing,glazing,18222384,2024-05-15,False
glazing,glazing,18223906,2024-05-19,False
glazing,glazing,18247244,2024-06-14,False
glazing,glazing,18259474,2024-06-29,False
glazing,glazing,18264311,2024-07-05,False
glazing,glazing,18286948,2024-08-05,False
glazing,glazing,18297129,2024-08-19,False
glazing,glazing,18349704,2024-10-23,False
glazing,glazing,18373912,2024-11-22,False
glazing,glazing,18376465,2024-11-26,False
glazing,glazing,18377166,2024-11-27,False
glazing,glazing,18382454,2024-12-05,False
glazing,glazing,18406454,2025-01-10,False
glazing,glazing,18406452,2025-01-10,False
glazing,glazing,18447241,2025-03-08,False
glazing,glazing,18514274,2025-07-09,False
glazing,glazing,18537621,2025-08-28,False
glazing,glazing,18541473,2025-09-07,False
glazing,glazing,18739376,2026-09-13,False
unc,unc,3594479,2009-01-03,False
unc,unc,6235271,2011-11-26,False
unc,unc,1203696,2005-04-21,False
unc,unc,2972713,2008-04-02,False
unc,unc,5586955,2011-02-27,False
unc,unc,6336761,2012-01-04,False
unc,unc,1413699,2005-09-14,False
unc,unc,2034746,2006-10-17,False
unc,unc,1155188,2005-03-31,False
unc,unc,2723115,2007-12-29,False
unc,unc,3008683,2008-12-09,False
unc,unc,1279781,2005-05-29,False
unc,unc,2756993,2008-01-09,False
unc,unc,14279291,2019-10-15,False
unc,unc,16196361,2021-07-20,False
unc,unc,16896987,2022-01-08,False
unc,unc,17140366,2022-04-10,False
unc,unc,17686163,2023-02-25,False
unc,unc,17917991,2023-09-13,False
unc,unc,17961057,2023-10-23,False
unc,unc,18059128,2023-12-26,False
unc,unc,18073404,2024-01-10,False
unc,unc,18110908,2024-02-18,False
unc,unc,18118771,2024-02-22,False
unc,unc,18146552,2024-02-26,False
unc,unc,18156836,2024-03-08,False
unc,unc,18158517,2024-03-09,False
unc,unc,18170021,2024-03-21,False
unc,unc,18193113,2024-04-15,False
unc,unc,18207440,2024-04-29,False
unc,unc,18218488,2024-05-11,False
unc,unc,18226594,2024-05-21,False
unc,unc,18237560,2024-06-02,False
unc,unc,18240075,2024-06-05,False
unc,unc,18260424,2024-06-30,False
unc,unc,18295220,2024-08-17,False
unc,unc,18310883,2024-09-05,False
unc,unc,18318776,2024-09-15,False
unc,unc,18375705,2024-11-25,False
unc,unc,18381960,2024-12-04,False
unc,unc,18422770,2025-02-02,False
unc,unc,18425781,2025-02-06,False
unc,unc,18430932,2025-02-14,False
unc,unc,18457894,2025-03-23,False
unc,unc,18463892,2025-04-02,False
unc,unc,18475508,2025-04-24,False
unc,unc,18478540,2025-04-29,False
unc,unc,18483861,2025-05-07,False
unc,unc,18488336,2025-05-15,False
unc,unc,18498430,2025-06-03,False
unc,unc,18522329,2025-07-26,False
unc,unc,18522330,2025-07-26,False
unc,unc,18531159,2025-08-14,False
unc,unc,18534109,2025-08-21,False
unc,unc,18547403,2025-09-20,False
unc,unc,18549398,2025-09-25,False
unc,unc,18553513,2025-10-05,False
unc,unc,18562266,2025-10-26,False
unc,unc,18572442,2025-11-19,False
unc,unc,18581838,2025-12-12,False
unc,unc,18600019,2026-01-27,False
unc,unc,18600025,2026-01-27,False
unc,unc,18600031,2026-01-27,False
unc,unc,18603694,2026-02-03,False
unc,unc,18606677,2026-02-09,False
unc,unc,18611499,2026-02-19,False
unc,unc,18615146,2026-02-27,False
unc,unc,18625738,2026-03-23,False
unc,unc,18645986,2026-05-14,False
unc,unc,18652294,2026-05-31,False
unc,unc,18714919,2026-07-02,False
unc,unc,18721353,2026-07-20,False
unc,unc,18725892,2026-08-02,False
unc,unc,18732180,2026-08-22,False
huzz,huzz,17675227,2023-02-17,False
huzz,huzz,2742524,2008-01-05,False
huzz,huzz,3303906,2008-10-16,False
huzz,huzz,1842381,2006-07-03,False
huzz,huzz,2782468,2008-01-15,False
huzz,huzz,3335118,2008-10-22,False
huzz,huzz,843925,2004-10-01,False
huzz,huzz,17693187,2023-03-02,False
huzz,huzz,17897926,2023-08-24,False
huzz,huzz,17945878,2023-10-09,False
huzz,huzz,18168345,2024-03-19,False
huzz,huzz,18217658,2024-05-10,False
huzz,huzz,18371314,2024-11-19,False
huzz,huzz,18372763,2024-11-21,False
huzz,huzz,18378107,2024-11-28,False
huzz,huzz,18379955,2024-12-01,False
huzz,huzz,18380205,2024-12-02,False
huzz,huzz,18385524,2024-12-09,False
huzz,huzz,18386436,2024-12-10,False
huzz,huzz,18390563,2024-12-16,False
huzz,huzz,18391723,2024-12-17,False
huzz,huzz,18394439,2024-12-21,False
huzz,huzz,18397004,2024-12-26,False
huzz,huzz,18403989,2025-01-06,False
huzz,huzz,18411522,2025-01-17,False
huzz,huzz,18419913,2025-01-29,False
huzz,huzz,18431617,2025-02-15,False
huzz,huzz,18432694,2025-02-16,False
huzz,huzz,18436365,2025-02-21,False
huzz,huzz,18442591,2025-03-01,False
huzz,huzz,18446663,2025-03-07,False
huzz,huzz,18462339,2025-03-30,False
huzz,huzz,18470836,2025-04-16,False
huzz,huzz,18485152,2025-05-09,False
huzz,huzz,18493847,2025-05-25,False
huzz,huzz,18497243,2025-06-01,False
huzz,huzz,18510026,2025-06-29,False
huzz,huzz,18537719,2025-08-29,False
huzz,huzz,18538355,2025-08-30,False
huzz,huzz,18545416,2025-09-15,False
huzz,huzz,18552476,2025-10-02,False
huzz,huzz,18558516,2025-10-17,False
huzz,huzz,18614241,2026-02-25,False
huzz,huzz,18649789,2026-05-25,False
huzz,huzz,18650151,2026-05-26,False
aura farming,aura farming,18321983,2024-09-20,False
aura farming,aura farming,18425201,2025-02-05,False
aura farming,aura farming,18444506,2025-03-04,False
aura farming,aura farming,18506874,2025-06-21,False
aura farming,aura farming,18540903,2025-09-05,False
aura farming,aura farming,18715541,2026-07-04,False
aura farming,aura farming,18722984,2026-07-24,False
chopped,chopped,17641008,2023-01-23,False
chopped,chopped,8007296,2014-12-15,False
chopped,chopped,7424731,2013-12-20,False
chopped,chopped,13703320,2019-03-11,False
chopped,chopped,540301,2004-03-04,False
chopped,chopped,3176259,2008-06-25,False
chopped,chopped,583085,2004-03-28,False
chopped,chopped,5338134,2010-11-08,False
chopped,chopped,13762913,2019-03-30,False
chopped,chopped,8042203,2015-01-07,False
chopped,chopped,9537537,2016-06-18,False
chopped,chopped,2361155,2007-05-09,False
chopped,chopped,17205453,2022-05-03,False
chopped,chopped,16839828,2021-12-14,False
chopped,chopped,11435072,2017-04-14,False
chopped,chopped,299910,2003-10-18,False
chopped,chopped,7953832,2014-11-06,False
chopped,chopped,118537,2003-05-06,False
chopped,chopped,12160315,2017-11-12,False
chopped,chopped,171038,2003-07-02,False
chopped,chopped,3818385,2009-03-25,False
chopped,chopped,206601,2003-08-07,False
chopped,chopped,189835,2003-07-22,False
chopped,chopped,8590281,2015-12-03,False
chopped,chopped,12140884,2017-11-07,False
chopped,chopped,12871321,2018-05-30,False
chopped,chopped,14085759,2019-07-25,False
chopped,chopped,14502242,2019-12-02,False
chopped,chopped,14198311,2019-09-16,False
chopped,chopped,6481023,2012-06-12,False
chopped,chopped,6173320,2011-10-30,False
chopped,chopped,849389,2004-10-06,False
chopped,chopped,717303,2004-06-13,False
chopped,chopped,540322,2004-03-04,False
chopped,chopped,1213626,2005-04-25,False
chopped,chopped,521397,2004-02-22,False
chopped,chopped,10551340,2016-11-26,False
chopped,chopped,11386340,2017-04-04,False
chopped,chopped,13006408,2018-06-17,False
chopped,chopped,70382,2003-03-25,False
chopped,chopped,1072553,2005-02-19,False
chopped,chopped,408270,2003-12-23,False
chopped,chopped,698641,2004-06-01,False
chopped,chopped,2828296,2008-02-01,False
chopped,chopped,94157,2003-04-11,False
chopped,chopped,540325,2004-03-04,False
chopped,chopped,1376317,2005-08-10,False
chopped,chopped,10749153,2017-01-10,False
chopped,chopped,14159269,2019-08-29,False
chopped,chopped,15672370,2021-01-19,False
chopped,chopped,16255390,2021-08-18,False
chopped,chopped,17038342,2022-03-03,False
chopped,chopped,17263975,2022-05-26,False
chopped,chopped,17356366,2022-07-11,False
chopped,chopped,17443322,2022-09-06,False
chopped,chopped,17566219,2022-11-28,False
chopped,chopped,17638844,2023-01-22,False
chopped,chopped,17797508,2023-05-22,False
chopped,chopped,17961242,2023-10-23,False
chopped,chopped,18056730,2023-12-23,False
chopped,chopped,18070007,2024-01-07,False
chopped,chopped,18088221,2024-01-25,False
chopped,chopped,18203827,2024-04-26,False
chopped,chopped,18298575,2024-08-21,False
chopped,chopped,18382543,2024-12-05,False
chopped,chopped,18400306,2024-12-31,False
chopped,chopped,18411765,2025-01-17,False
chopped,chopped,18413036,2025-01-19,False
chopped,chopped,18417823,2025-01-26,False
chopped,chopped,18427393,2025-02-09,False
chopped,chopped,18435731,2025-02-20,False
chopped,chopped,18440346,2025-02-26,False
chopped,chopped,18444156,2025-03-03,False
chopped,chopped,18457915,2025-03-23,False
chopped,chopped,18466079,2025-04-07,False
chopped,chopped,18466190,2025-04-07,False
chopped,chopped,18470924,2025-04-16,False
chopped,chopped,18472010,2025-04-18,False
chopped,chopped,18474190,2025-04-22,False
chopped,chopped,18475248,2025-04-24,False
chopped,chopped,18477630,2025-04-28,False
chopped,chopped,18480128,2025-05-01,False
chopped,chopped,18481789,2025-05-04,False
chopped,chopped,18483619,2025-05-07,False
chopped,chopped,18497261,2025-06-01,False
chopped,chopped,18498130,2025-06-03,False
chopped,chopped,18498131,2025-06-03,False
chopped,chopped,18498405,2025-06-03,False
chopped,chopped,18505448,2025-06-18,False
chopped,chopped,18505447,2025-06-18,False
chopped,chopped,18524282,2025-07-30,False
chopped,chopped,18538535,2025-08-31,False
chopped,chopped,18541188,2025-09-06,False
chopped,chopped,18541952,2025-09-08,False
chopped,chopped,18542146,2025-09-08,False
chopped,chopped,18542898,2025-09-09,False
chopped,chopped,18560231,2025-10-21,False
chopped,chopped,18562614,2025-10-27,False
chopped,chopped,18564189,2025-10-31,False
chopped,chopped,18585099,2025-12-21,False
chopped,chopped,18595786,2026-01-18,False
chopped,chopped,18601460,2026-01-30,False
chopped,chopped,18641415,2026-05-01,False
chopped,chopped,18737663,2026-09-08,False
chopped,chopped,18737666,2026-09-08,False
chopped,chopped,18738595,2026-09-11,False
clanker,clanker,14481609,2019-11-26,False
clanker,clanker,14268030,2019-10-13,False
clanker,clanker,14686568,2020-02-03,False
clanker,clanker,17480931,2022-10-02,False
clanker,clanker,14778799,2020-03-06,False
clanker,clanker,6032976,2011-08-23,False
clanker,clanker,7515286,2014-01-24,False
clanker,clanker,16434998,2021-11-15,False
clanker,clanker,847760,2004-10-05,False
clanker,clanker,3125826,2008-05-30,False
clanker,clanker,14603540,2020-01-05,False
clanker,clanker,10224040,2016-09-11,False
clanker,clanker,13892246,2019-05-11,False
clanker,clanker,16902510,2022-01-11,False
clanker,clanker,17841233,2023-06-28,False
clanker,clanker,18188709,2024-04-10,False
clanker,clanker,18226124,2024-05-21,False
clanker,clanker,18272543,2024-07-17,False
clanker,clanker,18389559,2024-12-15,False
clanker,clanker,18453804,2025-03-18,False
clanker,clanker,18483682,2025-05-07,False
clanker,clanker,18506541,2025-06-20,False
clanker,clanker,18508407,2025-06-25,False
clanker,clanker,18512764,2025-07-06,False
clanker,clanker,18514826,2025-07-10,False
clanker,clanker,18515072,2025-07-11,False
clanker,clanker,18515556,2025-07-12,False
clanker,clanker,18518605,2025-07-18,False
clanker,clanker,18519069,2025-07-19,False
clanker,clanker,18521846,2025-07-25,False
clanker,clanker,18522204,2025-07-26,False
clanker,clanker,18522360,2025-07-26,False
clanker,clanker,18522517,2025-07-27,False
clanker,clanker,18523182,2025-07-28,False
clanker,clanker,18523922,2025-07-29,False
clanker,clanker,18523935,2025-07-29,False
clanker,clanker,18524285,2025-07-30,False
clanker,clanker,18525633,2025-08-02,False
clanker,clanker,18526242,2025-08-03,False
clanker,clanker,18527237,2025-08-05,False
clanker,clanker,18528921,2025-08-09,False
clanker,clanker,18530152,2025-08-12,False
clanker,clanker,18532776,2025-08-18,False
clanker,clanker,18533713,2025-08-20,False
clanker,clanker,18536584,2025-08-26,False
clanker,clanker,18536601,2025-08-26,False
clanker,clanker,18538198,2025-08-30,False
clanker,clanker,18538459,2025-08-30,False
clanker,clanker,18538791,2025-08-31,False
clanker,clanker,18540156,2025-09-04,False
clanker,clanker,18540279,2025-09-04,False
clanker,clanker,18540817,2025-09-05,False
clanker,clanker,18544893,2025-09-14,False
clanker,clanker,18548008,2025-09-21,False
clanker,clanker,18549637,2025-09-25,False
clanker,clanker,18550002,2025-09-26,False
clanker,clanker,18555140,2025-10-09,False
clanker,clanker,18559930,2025-10-21,False
clanker,clanker,18560841,2025-10-23,False
clanker,clanker,18561854,2025-10-25,False
clanker,clanker,18564061,2025-10-31,False
clanker,clanker,18567162,2025-11-07,False
clanker,clanker,18574018,2025-11-23,False
clanker,clanker,18613536,2026-02-23,False
clanker,clanker,18624376,2026-03-19,False
clanker,clanka,14070552,2019-07-18,False
clanker,clanka,17830329,2023-06-19,False
clanker,clanka,17795914,2023-05-20,False
clanker,clanka,16875139,2021-12-30,False
clanker,clanka,6325886,2012-01-01,False
clanker,clanka,18524658,2025-07-31,False
clanker,clanka,18529891,2025-08-11,False
sigma,sigma,17868576,2023-07-25,False
sigma,sigma,16185217,2021-07-16,False
sigma,sigma,17896882,2023-08-23,False
sigma,sigma,124698,2003-05-11,False
sigma,sigma,17042448,2022-03-04,False
sigma,sigma,3569243,2008-12-23,False
sigma,sigma,606230,2004-04-10,False
sigma,sigma,6135489,2011-10-13,False
sigma,sigma,16171923,2021-07-10,False
sigma,sigma,15807845,2021-03-08,False
sigma,sigma,3074633,2008-05-12,False
sigma,sigma,990436,2005-01-10,False
sigma,sigma,4070744,2009-06-26,False
sigma,sigma,15900447,2021-04-10,False
sigma,sigma,15611021,2020-12-27,False
sigma,sigma,14550638,2019-12-16,False
sigma,sigma,6034438,2011-08-24,False
sigma,sigma,3000463,2008-04-12,False
sigma,sigma,17954833,2023-10-17,False
sigma,sigma,15791501,2021-03-03,False
sigma,sigma,80547,2003-04-01,False
sigma,sigma,13199143,2018-09-16,False
sigma,sigma,13186602,2018-09-10,False
sigma,sigma,13361349,2018-11-15,False
sigma,sigma,16192846,2021-07-19,False
sigma,sigma,16204783,2021-07-24,False
sigma,sigma,16261877,2021-08-22,False
sigma,sigma,16324310,2021-09-19,False
sigma,sigma,16454214,2021-11-20,False
sigma,sigma,16894109,2022-01-07,False
sigma,sigma,17006220,2022-02-19,False
sigma,sigma,17045042,2022-03-05,False
sigma,sigma,17061495,2022-03-10,False
sigma,sigma,17082521,2022-03-18,False
sigma,sigma,17120877,2022-04-02,False
sigma,sigma,17143594,2022-04-11,False
sigma,sigma,17176468,2022-04-23,False
sigma,sigma,17242164,2022-05-17,False
sigma,sigma,17275491,2022-05-31,False
sigma,sigma,17333745,2022-06-28,False
sigma,sigma,17428463,2022-08-27,False
sigma,sigma,17455900,2022-09-14,False
sigma,sigma,17480786,2022-10-02,False
sigma,sigma,17506117,2022-10-20,False
sigma,sigma,17522649,2022-11-01,False
sigma,sigma,17555485,2022-11-21,False
sigma,sigma,17581205,2022-12-08,False
sigma,sigma,17586029,2022-12-12,False
sigma,sigma,17586425,2022-12-12,False
sigma,sigma,17599945,2022-12-22,False
sigma,sigma,17619011,2023-01-06,False
sigma,sigma,17639107,2023-01-22,False
sigma,sigma,17639273,2023-01-22,False
sigma,sigma,17641454,2023-01-24,False
sigma,sigma,17655338,2023-02-03,False
sigma,sigma,17658172,2023-02-05,False
sigma,sigma,17660905,2023-02-07,False
sigma,sigma,17670782,2023-02-14,False
sigma,sigma,17676625,2023-02-18,False
sigma,sigma,17706613,2023-03-10,False
sigma,sigma,17710437,2023-03-13,False
sigma,sigma,17712073,2023-03-14,False
sigma,sigma,17722201,2023-03-21,False
sigma,sigma,17740045,2023-04-05,False
sigma,sigma,17742512,2023-04-06,False
sigma,sigma,17753406,2023-04-15,False
sigma,sigma,17754932,2023-04-17,False
sigma,sigma,17771249,2023-04-30,False
sigma,sigma,17772017,2023-05-01,False
sigma,sigma,17774257,2023-05-02,False
sigma,sigma,17779227,2023-05-07,False
sigma,sigma,17788914,2023-05-15,False
sigma,sigma,17796081,2023-05-20,False
sigma,sigma,17820234,2023-06-10,False
sigma,sigma,17825586,2023-06-15,False
sigma,sigma,17847838,2023-07-04,False
sigma,sigma,17863032,2023-07-19,False
sigma,sigma,17871455,2023-07-28,False
sigma,sigma,17899488,2023-08-25,False
sigma,sigma,17906825,2023-09-02,False
sigma,sigma,17908741,2023-09-04,False
sigma,sigma,17931166,2023-09-25,False
sigma,sigma,17935540,2023-09-30,False
sigma,sigma,17952030,2023-10-15,False
sigma,sigma,17952182,2023-10-15,False
sigma,sigma,17959366,2023-10-22,False
sigma,sigma,17960435,2023-10-23,False
sigma,sigma,17962674,2023-10-24,False
sigma,sigma,17967233,2023-10-30,False
sigma,sigma,17970245,2023-11-02,False
sigma,sigma,17973981,2023-11-05,False
sigma,sigma,17974062,2023-11-05,False
sigma,sigma,17975801,2023-11-07,False
sigma,sigma,17977621,2023-11-08,False
sigma,sigma,17979179,2023-11-12,False
sigma,sigma,17983112,2023-11-15,False
sigma,sigma,17998433,2023-11-20,False
sigma,sigma,18014582,2023-11-22,False
sigma,sigma,18035682,2023-12-03,False
sigma,sigma,18037879,2023-12-05,False
sigma,sigma,18045132,2023-12-11,False
sigma,sigma,18051086,2023-12-17,False
sigma,sigma,18054589,2023-12-21,False
sigma,sigma,18054593,2023-12-21,False
sigma,sigma,18057507,2023-12-24,False
sigma,sigma,18060525,2023-12-28,False
sigma,sigma,18060888,2023-12-28,False
sigma,sigma,18063580,2023-12-31,False
sigma,sigma,18063679,2023-12-31,False
sigma,sigma,18068803,2024-01-05,False
sigma,sigma,18082580,2024-01-20,False
sigma,sigma,18092446,2024-01-30,False
sigma,sigma,18093544,2024-01-31,False
sigma,sigma,18094966,2024-02-02,False
sigma,sigma,18098880,2024-02-06,False
sigma,sigma,18100158,2024-02-07,False
sigma,sigma,18100265,2024-02-07,False
sigma,sigma,18108564,2024-02-16,False
sigma,sigma,18118334,2024-02-22,False
sigma,sigma,18119232,2024-02-22,False
sigma,sigma,18145861,2024-02-26,False
sigma,sigma,18145959,2024-02-26,False
sigma,sigma,18146113,2024-02-26,False
sigma,sigma,18149268,2024-02-29,False
sigma,sigma,18154195,2024-03-05,False
sigma,sigma,18162124,2024-03-13,False
sigma,sigma,18163399,2024-03-14,False
sigma,sigma,18163407,2024-03-14,False
sigma,sigma,18163409,2024-03-14,False
sigma,sigma,18164318,2024-03-15,False
sigma,sigma,18166057,2024-03-17,False
sigma,sigma,18170616,2024-03-21,False
sigma,sigma,18171497,2024-03-22,False
sigma,sigma,18171498,2024-03-22,False
sigma,sigma,18183783,2024-04-04,False
sigma,sigma,18184197,2024-04-05,False
sigma,sigma,18187960,2024-04-09,False
sigma,sigma,18188662,2024-04-10,False
sigma,sigma,18191776,2024-04-13,False
sigma,sigma,18192943,2024-04-15,False
sigma,sigma,18193524,2024-04-16,False
sigma,sigma,18197695,2024-04-20,False
sigma,sigma,18200444,2024-04-23,False
sigma,sigma,18201856,2024-04-24,False
sigma,sigma,18201870,2024-04-24,False
sigma,sigma,18202510,2024-04-25,False
sigma,sigma,18208400,2024-04-30,False
sigma,sigma,18210459,2024-05-02,False
sigma,sigma,18210846,2024-05-03,False
sigma,sigma,18211200,2024-05-03,False
sigma,sigma,18213251,2024-05-05,False
sigma,sigma,18213842,2024-05-06,False
sigma,sigma,18218465,2024-05-11,False
sigma,sigma,18222783,2024-05-15,False
sigma,sigma,18224573,2024-05-20,False
sigma,sigma,18225318,2024-05-20,False
sigma,sigma,18225387,2024-05-20,False
sigma,sigma,18225451,2024-05-20,False
sigma,sigma,18227832,2024-05-23,False
sigma,sigma,18228774,2024-05-24,False
sigma,sigma,18231288,2024-05-27,False
sigma,sigma,18232512,2024-05-28,False
sigma,sigma,18232836,2024-05-28,False
sigma,sigma,18235459,2024-05-31,False
sigma,sigma,18238316,2024-06-03,False
sigma,sigma,18238317,2024-06-03,False
sigma,sigma,18238404,2024-06-03,False
sigma,sigma,18239175,2024-06-04,False
sigma,sigma,18241216,2024-06-06,False
sigma,sigma,18243804,2024-06-10,False
sigma,sigma,18245059,2024-06-11,False
sigma,sigma,18245150,2024-06-11,False
sigma,sigma,18246969,2024-06-13,False
sigma,sigma,18249436,2024-06-17,False
sigma,sigma,18249817,2024-06-17,False
sigma,sigma,18249901,2024-06-17,False
sigma,sigma,18253580,2024-06-22,False
sigma,sigma,18262721,2024-07-03,False
sigma,sigma,18263661,2024-07-05,False
sigma,sigma,18265468,2024-07-07,False
sigma,sigma,18266590,2024-07-08,False
sigma,sigma,18270365,2024-07-14,False
sigma,sigma,18271862,2024-07-16,False
sigma,sigma,18275114,2024-07-20,False
sigma,sigma,18275328,2024-07-21,False
sigma,sigma,18276737,2024-07-22,False
sigma,sigma,18277737,2024-07-24,False
sigma,sigma,18281290,2024-07-28,False
sigma,sigma,18287755,2024-08-06,False
sigma,sigma,18288559,2024-08-07,False
sigma,sigma,18290834,2024-08-10,False
sigma,sigma,18290976,2024-08-11,False
sigma,sigma,18297021,2024-08-19,False
sigma,sigma,18299610,2024-08-22,False
sigma,sigma,18376369,2024-11-26,False
sigma,sigma,18378691,2024-11-29,False
sigma,sigma,18379048,2024-11-30,False
sigma,sigma,18379287,2024-11-30,False
sigma,sigma,18381651,2024-12-04,False
sigma,sigma,18384216,2024-12-07,False
sigma,sigma,18384219,2024-12-07,False
sigma,sigma,18386641,2024-12-11,False
sigma,sigma,18390273,2024-12-15,False
sigma,sigma,18391087,2024-12-16,False
sigma,sigma,18404119,2025-01-06,False
sigma,sigma,18406999,2025-01-11,False
sigma,sigma,18409732,2025-01-14,False
sigma,sigma,18409995,2025-01-15,False
sigma,sigma,18410308,2025-01-15,False
sigma,sigma,18412075,2025-01-18,False
sigma,sigma,18414038,2025-01-21,False
sigma,sigma,18416303,2025-01-24,False
sigma,sigma,18420658,2025-01-30,False
sigma,sigma,18423015,2025-02-02,False
sigma,sigma,18423031,2025-02-02,False
sigma,sigma,18428518,2025-02-10,False
sigma,sigma,18433325,2025-02-17,False
sigma,sigma,18443362,2025-03-02,False
sigma,sigma,18448042,2025-03-09,False
sigma,sigma,18448460,2025-03-10,False
sigma,sigma,18448948,2025-03-10,False
sigma,sigma,18449392,2025-03-11,False
sigma,sigma,18452836,2025-03-17,False
sigma,sigma,18453421,2025-03-17,False
sigma,sigma,18456624,2025-03-21,False
sigma,sigma,18458784,2025-03-24,False
sigma,sigma,18459756,2025-03-26,False
sigma,sigma,18463124,2025-04-01,False
sigma,sigma,18463774,2025-04-02,False
sigma,sigma,18477484,2025-04-28,False
sigma,sigma,18477643,2025-04-28,False
sigma,sigma,18485130,2025-05-09,False
sigma,sigma,18486163,2025-05-11,False
sigma,sigma,18503427,2025-06-14,False
sigma,sigma,18509887,2025-06-28,False
sigma,sigma,18532647,2025-08-17,False
sigma,sigma,18534758,2025-08-22,False
sigma,sigma,18546578,2025-09-18,False
sigma,sigma,18561292,2025-10-24,False
sigma,sigma,18609825,2026-02-16,False
sigma,sigma,18621782,2026-03-13,False
sigma,sigma,18739682,2026-09-14,False
zesty,zesty,17109970,2022-03-29,False
zesty,zesty,17530626,2022-11-06,False
zesty,zesty,17309080,2022-06-15,False
zesty,zesty,16965188,2022-02-03,False
zesty,zesty,17505059,2022-10-19,False
zesty,zesty,3955218,2009-05-10,False
zesty,zesty,15227326,2020-08-05,False
zesty,zesty,15879900,2021-04-02,False
zesty,zesty,17771014,2023-04-30,False
zesty,zesty,17535416,2022-11-08,False
zesty,zesty,16992844,2022-02-14,False
zesty,zesty,16944992,2022-01-27,False
zesty,zesty,15161208,2020-07-06,False
zesty,zesty,17686803,2023-02-26,False
zesty,zesty,13782249,2019-04-06,False
zesty,zesty,17816704,2023-06-07,False
zesty,zesty,13593333,2019-02-06,False
zesty,zesty,798034,2004-08-18,False
zesty,zesty,407239,2003-12-22,False
zesty,zesty,17719017,2023-03-19,False
zesty,zesty,14902441,2020-04-17,False
zesty,zesty,17723783,2023-03-23,False
zesty,zesty,11442745,2017-04-16,False
zesty,zesty,17753726,2023-04-16,False
zesty,zesty,497679,2004-02-08,False
zesty,zesty,4658484,2010-02-07,False
zesty,zesty,1367103,2005-08-01,False
zesty,zesty,17081150,2022-03-18,False
zesty,zesty,17250162,2022-05-20,False
zesty,zesty,13651792,2019-02-24,False
zesty,zesty,12570681,2018-02-16,False
zesty,zesty,3314528,2008-10-24,False
zesty,zesty,750269,2004-07-08,False
zesty,zesty,11554442,2017-05-12,False
zesty,zesty,10187726,2016-09-04,False
zesty,zesty,17146539,2022-04-12,False
zesty,zesty,13692701,2019-03-08,False
zesty,zesty,14710271,2020-02-10,False
zesty,zesty,14710289,2020-02-10,False
zesty,zesty,15665602,2021-01-16,False
zesty,zesty,16029855,2021-05-25,False
zesty,zesty,16029882,2021-05-25,False
zesty,zesty,16262522,2021-08-22,False
zesty,zesty,16323405,2021-09-18,False
zesty,zesty,16918135,2022-01-17,False
zesty,zesty,16969629,2022-02-05,False
zesty,zesty,17059518,2022-03-10,False
zesty,zesty,17226695,2022-05-11,False
zesty,zesty,17226745,2022-05-11,False
zesty,zesty,17236832,2022-05-15,False
zesty,zesty,17243107,2022-05-17,False
zesty,zesty,17250918,2022-05-20,False
zesty,zesty,17258417,2022-05-23,False
zesty,zesty,17275858,2022-05-31,False
zesty,zesty,17297445,2022-06-09,False
zesty,zesty,17298711,2022-06-10,False
zesty,zesty,17328814,2022-06-25,False
zesty,zesty,17341176,2022-07-02,False
zesty,zesty,17370613,2022-07-19,False
zesty,zesty,17383171,2022-07-27,False
zesty,zesty,17385736,2022-07-29,False
zesty,zesty,17411212,2022-08-15,False
zesty,zesty,17413230,2022-08-16,False
zesty,zesty,17424935,2022-08-25,False
zesty,zesty,17432371,2022-08-30,False
zesty,zesty,17437610,2022-09-02,False
zesty,zesty,17459282,2022-09-16,False
zesty,zesty,17465579,2022-09-21,False
zesty,zesty,17473598,2022-09-27,False
zesty,zesty,17473606,2022-09-27,False
zesty,zesty,17473625,2022-09-27,False
zesty,zesty,17477604,2022-09-30,False
zesty,zesty,17493523,2022-10-12,False
zesty,zesty,17504556,2022-10-19,False
zesty,zesty,17509522,2022-10-23,False
zesty,zesty,17511116,2022-10-24,False
zesty,zesty,17528735,2022-11-04,False
zesty,zesty,17528737,2022-11-04,False
zesty,zesty,17533398,2022-11-07,False
zesty,zesty,17540235,2022-11-11,False
zesty,zesty,17566126,2022-11-28,False
zesty,zesty,17566489,2022-11-29,False
zesty,zesty,17569095,2022-11-30,False
zesty,zesty,17570999,2022-12-01,False
zesty,zesty,17578731,2022-12-07,False
zesty,zesty,17579600,2022-12-07,False
zesty,zesty,17584690,2022-12-11,False
zesty,zesty,17588289,2022-12-13,False
zesty,zesty,17595065,2022-12-18,False
zesty,zesty,17597557,2022-12-20,False
zesty,zesty,17609279,2022-12-30,False
zesty,zesty,17616183,2023-01-04,False
zesty,zesty,17616723,2023-01-05,False
zesty,zesty,17628534,2023-01-14,False
zesty,zesty,17632623,2023-01-17,False
zesty,zesty,17633877,2023-01-18,False
zesty,zesty,17636030,2023-01-20,False
zesty,zesty,17644432,2023-01-26,False
zesty,zesty,17646006,2023-01-27,False
zesty,zesty,17646694,2023-01-27,False
zesty,zesty,17649014,2023-01-29,False
zesty,zesty,17652880,2023-02-01,False
zesty,zesty,17681529,2023-02-22,False
zesty,zesty,17700138,2023-03-06,False
zesty,zesty,17701018,2023-03-07,False
zesty,zesty,17701953,2023-03-07,False
zesty,zesty,17702515,2023-03-08,False
zesty,zesty,17720793,2023-03-21,False
zesty,zesty,17721421,2023-03-21,False
zesty,zesty,17724626,2023-03-23,False
zesty,zesty,17737027,2023-04-02,False
zesty,zesty,17749773,2023-04-12,False
zesty,zesty,17754418,2023-04-16,False
zesty,zesty,17757079,2023-04-18,False
zesty,zesty,17757828,2023-04-19,False
zesty,zesty,17758848,2023-04-20,False
zesty,zesty,17766239,2023-04-26,False
zesty,zesty,17768498,2023-04-27,False
zesty,zesty,17773974,2023-05-02,False
zesty,zesty,17773986,2023-05-02,False
zesty,zesty,17776868,2023-05-05,False
zesty,zesty,17786250,2023-05-12,False
zesty,zesty,17789925,2023-05-16,False
zesty,zesty,17800849,2023-05-24,False
zesty,zesty,17802619,2023-05-26,False
zesty,zesty,17805215,2023-05-28,False
zesty,zesty,17805337,2023-05-28,False
zesty,zesty,17810869,2023-06-02,False
zesty,zesty,17815449,2023-06-06,False
zesty,zesty,17817150,2023-06-07,False
zesty,zesty,17822609,2023-06-12,False
zesty,zesty,17822684,2023-06-12,False
zesty,zesty,17826896,2023-06-16,False
zesty,zesty,17831661,2023-06-20,False
zesty,zesty,17846360,2023-07-03,False
zesty,zesty,17854234,2023-07-11,False
zesty,zesty,17870832,2023-07-27,False
zesty,zesty,17886601,2023-08-12,False
zesty,zesty,17903555,2023-08-30,False
zesty,zesty,17912122,2023-09-07,False
zesty,zesty,17942682,2023-10-06,False
zesty,zesty,17945900,2023-10-09,False
zesty,zesty,17972073,2023-11-03,False
zesty,zesty,18056804,2023-12-23,False
zesty,zesty,18061828,2023-12-29,False
zesty,zesty,18069303,2024-01-06,False
zesty,zesty,18086431,2024-01-24,False
zesty,zesty,18187504,2024-04-09,False
zesty,zesty,18221359,2024-05-14,False
zesty,zesty,18221363,2024-05-14,False
zesty,zesty,18227666,2024-05-22,False
zesty,zesty,18231556,2024-05-27,False
zesty,zesty,18242400,2024-06-08,False
zesty,zesty,18278295,2024-07-24,False
zesty,zesty,18280667,2024-07-27,False
zesty,zesty,18285074,2024-08-02,False
zesty,zesty,18285071,2024-08-02,False
zesty,zesty,18290010,2024-08-09,False
zesty,zesty,18411526,2025-01-17,False
zesty,zesty,18428294,2025-02-10,False
zesty,zesty,18452788,2025-03-17,False
zesty,zesty,18510428,2025-06-30,False
zesty,zesty,18512957,2025-07-06,False
zesty,zesty,18537306,2025-08-28,False
zesty,zesty,18577644,2025-12-02,False
zesty,zesty,18587209,2025-12-27,False
zesty,zesty,18636407,2026-04-19,False
